ประทับเวลา,1. เพศ,2. อายุ,จำนวนบุตรที่มีทั้งหมด,3. ระดับการศึกษา,4. อาชีพ,5. จำนวนสมาชิกในครอบครัวมีจำนวนทั้งหมดกี่คน โดยนับรวมผู้ตอบแบบสอบถามด้วย  ,6. ลักษณะที่พักอาศัย,สถานะการครอบครองที่พักอาศัย,7. พื้นที่จอดรถ,8. รายได้เฉลี่ยต่อเดือน,1. ปัจจุบันท่านมีรถยนต์หรือไม่,2. ลักษณะการใช้งานรถยนต์,3. ความถี่ในการใช้รถยนต์,4. ระยะทางในการใช้งานรถยนต์โดยเฉลี่ยต่อวัน,5. ข้อกังวลหรือปัญหาในการใช้รถยนต์,6. ประสบการณ์ประเภทรถยนต์ที่เคยใช้,1. สิ่งสำคัญในการเลือกซื้อรถยนต์ ,2. งบประมาณที่มีในการซื้อรถยนต์,  3. วัตถุประสงค์ในการตัดสินใจเลือกซื้อรถยนต์ ,4. ท่านมีแนวโน้มจะซื้อรถยนต์ตามประเภทเชื้อเพลิงที่ท่านสนใจหรือไม่,5. หากต้องเลือกซื้อรถยนต์ ท่านสนใจรถประเภทใดมากที่สุด,6. เหตุผลในการเลือกประเภทรถยนต์ดังกล่าว  ,ปัจจัยด้านผลิตภัณฑ์ [ประเภทพลังงานของรถยนต์มีความเหมาะสมกับการใช้งาน],ปัจจัยด้านผลิตภัณฑ์ [การเติมพลังงานสำหรับรถยนต์ ไม่ว่าจะเป็นการเติมเชื้อเพลิงหรือการชาร์จไฟฟ้า มีความสะดวกต่อการใช้งาน],ปัจจัยด้านผลิตภัณฑ์ [การออกแบบรูปลักษณ์ภายนอกมีความล้ำสมัย สวยงาม],ปัจจัยด้านผลิตภัณฑ์ [ระบบภายในรถยนต์มีความทันสมัย มีสิ่งอำนวยความสะดวกที่เหมาะสม],ปัจจัยด้านผลิตภัณฑ์ [แบรนด์รถยนต์เป็นที่รู้จักและมีความน่าเชื่อถือ],ปัจจัยด้านราคา [ค่าใช้จ่ายในการบำรุงรักษาซ่อมแซมรถยนต์อยู่ในระดับที่เหมาะสม],"ปัจจัยด้านราคา [ค่าใช้จ่ายในการครอบครองรถยนต์ (ผ่อนชำระ, พลังงาน, ภาษี) ยอมรับได้]",ปัจจัยด้านราคา [มูลค่าการขายต่อของรถยนต์อยู่ในระดับที่เหมาะสม],ปัจจัยด้านราคา [ค่าเบี้ยประกันภัยอยู่ในระดับที่เหมาะสม],ปัจจัยด้านช่องทางการจัดจำหน่าย [จำนวนศูนย์บริการในเขตพื้นที่มีเพียงพอและเข้าถึงได้สะดวก],ปัจจัยด้านช่องทางการจัดจำหน่าย [จำนวนศูนย์บริการทั่วประเทศมีเพียงพอรองรับการใช้งาน],ปัจจัยด้านช่องทางการจัดจำหน่าย [ตัวแทนจำหน่ายและศูนย์บริการมีความน่าเชื่อถือ],ปัจจัยด้านการส่งเสริมการตลาด [มีบริการหลังการขายและการรับประกันที่คุ้มค่า],ปัจจัยด้านการส่งเสริมการตลาด [โปรโมชั่นและเงื่อนไขการผ่อนชำระช่วยให้การตัดสินใจซื้อรถง่ายขึ้น],ปัจจัยด้านการส่งเสริมการตลาด [ข้อมูลรีวิวจากสื่อออนไลน์ช่วยให้การตัดสินใจซื้อรถง่ายขึ้น],ปัจจัยด้านพนักงานและกระบวนการ [พนักงานมีมนุษยสัมพันธ์ที่ดี สุภาพ และสร้างความเชื่อมั่นให้แก่ลูกค้า],ปัจจัยด้านพนักงานและกระบวนการ [พนักงานสามารถให้คำแนะนำเกี่ยวกับรถยนต์ได้อย่างเหมาะสม],ปัจจัยด้านพนักงานและกระบวนการ [พนักงานมีความรู้ความเชี่ยวชาญเกี่ยวกับรถยนต์เป็นอย่างดี],ปัจจัยด้านพนักงานและกระบวนการ [ขั้นตอนการซื้อและการให้บริการมีความสะดวกไม่ซับซ้อน],ปัจจัยด้านสภาพแวดล้อมทางกายภาพ [ศูนย์บริการมีความสะอาด เป็นระเบียบ และมีความน่าเชื่อถือ],ปัจจัยด้านสภาพแวดล้อมทางกายภาพ [สภาพแวดล้อมของศูนย์บริการเอื้อต่อการใช้บริการ]
"26/7/2026, 14:11:03",ชาย,20-23 ปี,1 คน,ปริญญาตรี,นักเรียน / นักศึกษา,3-4 คน,ทาวน์โฮม / ทาวเฮาท์,เช่า,ไม่มีที่จอดรถ,"ต่ำกว่า 15,000 บาท",มี,ขับทั้งในเมืองและนอกเมือง,5-6 วัน / สัปดาห์,น้อยกว่า 10 กิโลเมตร,"ค่าไฟฟ้า, ค่าใช้จ่ายในการซ่อมบำรุง","รถยนต์สันดาป (ดีเซล / เบนซิน), รถยนต์ไฮบริด (Hybrid)",ราคา,"800,001-1,200,000 บาท",เพื่อความสะดวกในการเดินทาง,มีแนวโน้มที่จะซื้อ,รถยนต์ไฟฟ้า (EV),"ความสะดวกในการใช้งาน, เป็นมิตรต่อสิ่งแวดล้อม",4,5,5,3,4,4,5,4,5,5,5,5,5,4,5,5,4,4,4,4,4
"26/7/2026, 14:11:04",หญิง,51-60 ปี,3 คน,ปริญญาตรี,พนักงานเอกชน,3-4 คน,ทาวน์โฮม / ทาวเฮาท์,เช่า,ไม่มีที่จอดรถ,"มากกว่า 75,000",มี,ขับในเมือง,5-6 วัน / สัปดาห์,น้อยกว่า 10 กิโลเมตร,มูลค่าการขายต่อ,รถยนต์ไฮบริด (Hybrid),ความสามารถในการผ่อนชำระ,"500,001-800,000 บาท",เพื่อความสะดวกในการเดินทาง,มีแนวโน้มที่จะซื้อ,รถยนต์ไฟฟ้า (EV),"ราคาซื้อเริ่มต้น, ค่าบำรุงรักษา",5,4,5,5,4,4,5,5,5,4,5,4,4,3,4,5,5,5,5,3,4
"26/7/2026, 14:11:05",หญิง,20-23 ปี,1 คน,ปริญญาตรี,นักเรียน / นักศึกษา,3-4 คน,ทาวน์โฮม / ทาวเฮาท์,เช่า,มีที่จอดรถส่วนกลาง / เช่า,"ต่ำกว่า 15,000 บาท","ไม่มี (หากตอบ ""ไม่มี"" ให้ข้ามไปตอบตอนที่ 3)",,,,,,"ราคา, สมรรถนะในการขับขี่","มากกว่า 1,500,000 บาท",เพื่อความสะดวกในการเดินทาง,มีแนวโน้มที่จะซื้อ,รถยนต์ไฮบริด (Hybrid),"ราคาซื้อเริ่มต้น, ประหยัดค่าเชื้อเพลิง, ค่าบำรุงรักษา",5,5,3,5,4,5,4,4,4,4,4,5,5,5,5,5,3,4,4,5,5
"26/7/2026, 14:11:06",ชาย,24-26 ปี,1 คน,ปริญญาตรี,ค้าขาย,3-4 คน,บ้านเดี่ยว / บ้านแฝด,เป็นเจ้าของ,ไม่มีที่จอดรถ,"ต่ำกว่า 15,000 บาท",มี,ขับในเมือง,5-6 วัน / สัปดาห์,น้อยกว่า 10 กิโลเมตร,"ปั๊มน้ำมัน / สถานีชาร์จ, อายุการใช้งาน, มูลค่าการขายต่อ","รถยนต์สันดาป (ดีเซล / เบนซิน), รถยนต์ไฟฟ้า (EV)",ค่าไฟฟ้า,"500,001-800,000 บาท",เพื่อความสะดวกในการเดินทาง,ยังไม่มีแนวโน้มที่จะซื้อ,รถยนต์ไฮบริด (Hybrid),"ราคาซื้อเริ่มต้น, ประหยัดค่าเชื้อเพลิง, ค่าบำรุงรักษา, เทคโนโลยีและความทันสมัย",5,5,4,5,4,5,2,5,5,3,5,3,5,5,5,5,4,5,3,5,5
"26/7/2026, 14:11:06",หญิง,20-23 ปี,1 คน,ปริญญาตรี,นักเรียน / นักศึกษา,3-4 คน,ทาวน์โฮม / ทาวเฮาท์,เป็นเจ้าของ,มีที่จอดรถส่วนกลาง / เช่า,"15,001-25,000 บาท",มี,ขับนอกเมือง,5-6 วัน / สัปดาห์,น้อยกว่า 10 กิโลเมตร,ค่าใช้จ่ายในการซ่อมบำรุง,"รถยนต์สันดาป (ดีเซล / เบนซิน), รถยนต์ไฮบริด (Hybrid)","ค่าซ่อมบำรุง, สมรรถนะในการขับขี่, เทคโนโลยีและฟังก์ชันภายในรถ","ต่ำกว่า 500,000 บาท",เพื่อความสะดวกในการเดินทาง,มีแนวโน้มที่จะซื้อ,รถยนต์ไฟฟ้า (EV),"ราคาซื้อเริ่มต้น, ค่าบำรุงรักษา",5,5,5,5,4,4,4,5,5,5,4,5,4,4,4,3,3,5,5,4,4
"26/7/2026, 14:11:07",ชาย,20-23 ปี,1 คน,ปวช. / ปวส.,รัฐวิสาหกิจ,3-4 คน,ทาวน์โฮม / ทาวเฮาท์,เป็นเจ้าของ,มีที่จอดรถส่วนตัว,"มากกว่า 75,000","ไม่มี (หากตอบ ""ไม่มี"" ให้ข้ามไปตอบตอนที่ 3)",,,,,,ราคา,"ต่ำกว่า 500,000 บาท","เพื่อใช้ในการเดินทางไปทำงาน, เพื่อความสะดวกในการเดินทาง, เพื่อหลีกเลี่ยงปัญหาจากระบบการขนส่งมวลชน",มีแนวโน้มที่จะซื้อ,รถยนต์ไฮบริด (Hybrid),"ราคาซื้อเริ่มต้น, ค่าบำรุงรักษา",3,4,4,5,4,5,5,3,3,4,5,5,5,5,3,5,5,5,4,4,5
"26/7/2026, 14:11:08",ชาย,20-23 ปี,1 คน,ปริญญาตรี,อาชีพอิสระ,3-4 คน,ทาวน์โฮม / ทาวเฮาท์,เช่า,มีที่จอดรถส่วนกลาง / เช่า,"50,001-75,000 บาท","ไม่มี (หากตอบ ""ไม่มี"" ให้ข้ามไปตอบตอนที่ 3)",,,,,,ราคา,"500,001-800,000 บาท",เพื่อความสะดวกในการเดินทาง,ยังไม่มีแนวโน้มที่จะซื้อ,รถยนต์สันดาป (ดีเซล / เบนซิน),"ค่าบำรุงรักษา, ความสะดวกในการใช้งาน, เทคโนโลยีและความทันสมัย",4,5,4,5,4,5,3,4,5,4,5,5,5,3,4,5,4,4,4,4,5
"26/7/2026, 14:11:09",หญิง,24-26 ปี,1 คน,ปริญญาโท,นักเรียน / นักศึกษา,3-4 คน,ทาวน์โฮม / ทาวเฮาท์,เช่า,มีที่จอดรถส่วนกลาง / เช่า,"25,001-35,000 บาท","ไม่มี (หากตอบ ""ไม่มี"" ให้ข้ามไปตอบตอนที่ 3)",,,,,,"ค่าไฟฟ้า, การรับประกันและบริการหลังการขาย","800,001-1,200,000 บาท",เพื่อความสะดวกในการเดินทาง,มีแนวโน้มที่จะซื้อ,รถยนต์ไฮบริด (Hybrid),ประหยัดค่าเชื้อเพลิง,5,4,3,5,5,5,4,5,4,4,5,5,5,5,5,5,4,2,5,5,4
"26/7/2026, 14:11:10",หญิง,24-26 ปี,1 คน,ปริญญาเอก,เจ้าของกิจการ,3-4 คน,บ้านเดี่ยว / บ้านแฝด,เป็นเจ้าของ,มีที่จอดรถส่วนตัว,"มากกว่า 75,000","ไม่มี (หากตอบ ""ไม่มี"" ให้ข้ามไปตอบตอนที่ 3)",,,,,,"ราคา, ความสามารถในการผ่อนชำระ, ค่าไฟฟ้า","ต่ำกว่า 500,000 บาท","เพื่อใช้ในการเดินทางท่องเที่ยว, เพื่อความสะดวกในการเดินทาง",มีแนวโน้มที่จะซื้อ,รถยนต์ไฮบริด (Hybrid),"ราคาซื้อเริ่มต้น, ประหยัดค่าเชื้อเพลิง",5,4,5,4,5,4,5,4,4,4,5,3,5,5,4,5,4,3,5,3,5
"26/7/2026, 14:11:11",ชาย,20-23 ปี,3 คน,ม.6,นักเรียน / นักศึกษา,3-4 คน,ทาวน์โฮม / ทาวเฮาท์,เป็นเจ้าของ,มีที่จอดรถส่วนกลาง / เช่า,"ต่ำกว่า 15,000 บาท","ไม่มี (หากตอบ ""ไม่มี"" ให้ข้ามไปตอบตอนที่ 3)",,,,,,ความคุ้มค่าโดยรวม,"1,200,000-1,500,000 บาท",เพื่อความสะดวกในการเดินทาง,ยังไม่มีแนวโน้มที่จะซื้อ,รถยนต์ไฮบริด (Hybrid),"ราคาซื้อเริ่มต้น, ความสะดวกในการใช้งาน",5,4,5,5,5,5,5,4,4,5,4,4,5,4,4,3,5,5,3,5,4
"26/7/2026, 14:11:12",หญิง,51-60 ปี,1 คน,ปริญญาตรี,พนักงานเอกชน,3-4 คน,ทาวน์โฮม / ทาวเฮาท์,เป็นเจ้าของ,มีที่จอดรถส่วนตัว,"ต่ำกว่า 15,000 บาท","ไม่มี (หากตอบ ""ไม่มี"" ให้ข้ามไปตอบตอนที่ 3)",,,,,,การรับประกันและบริการหลังการขาย,"800,001-1,200,000 บาท",เพื่อความสะดวกในการเดินทาง,ยังไม่มีแนวโน้มที่จะซื้อ,รถยนต์ไฮบริด (Hybrid),"ราคาซื้อเริ่มต้น, ประหยัดค่าเชื้อเพลิง, เทคโนโลยีและความทันสมัย",5,4,5,5,4,5,5,4,4,5,5,4,5,4,5,4,5,5,5,5,4
"26/7/2026, 14:11:13",หญิง,24-26 ปี,1 คน,ปวช. / ปวส.,นักเรียน / นักศึกษา,1-2 คน,บ้านเดี่ยว / บ้านแฝด,เช่า,มีที่จอดรถส่วนตัว,"15,001-25,000 บาท",มี,ขับนอกเมือง,5-6 วัน / สัปดาห์,น้อยกว่า 10 กิโลเมตร,ค่าใช้จ่ายในการซ่อมบำรุง,"รถยนต์สันดาป (ดีเซล / เบนซิน), รถยนต์ไฮบริด (Hybrid), รถยนต์ไฟฟ้า (EV)","ราคา, รูปลักษณ์ / ดีไซน์, ความคุ้มค่าโดยรวม","1,200,000-1,500,000 บาท",เพื่อใช้ในการเดินทางไปทำงาน,มีแนวโน้มที่จะซื้อ,รถยนต์สันดาป (ดีเซล / เบนซิน),"ราคาซื้อเริ่มต้น, ความสะดวกในการใช้งาน, เทคโนโลยีและความทันสมัย",5,4,5,4,5,5,4,5,5,5,5,4,4,5,5,5,5,5,5,4,5
"26/7/2026, 14:11:13",หญิง,51-60 ปี,1 คน,ปวช. / ปวส.,ค้าขาย,1-2 คน,ทาวน์โฮม / ทาวเฮาท์,พักอาศัยกับครอบครัว / ผู้อื่น,มีที่จอดรถส่วนตัว,"25,001-35,000 บาท",มี,ขับนอกเมือง,1-2 วัน / สัปดาห์,น้อยกว่า 10 กิโลเมตร,"ราคาน้ำมัน, มูลค่าการขายต่อ","รถยนต์สันดาป (ดีเซล / เบนซิน), รถยนต์ไฮบริด (Hybrid)",ราคา,"500,001-800,000 บาท","เพื่อใช้ในการค้าขาย, เพื่อหลีกเลี่ยงปัญหาจากระบบการขนส่งมวลชน",มีแนวโน้มที่จะซื้อ,รถยนต์ไฮบริด (Hybrid),"ค่าบำรุงรักษา, ความสะดวกในการใช้งาน",5,3,5,4,4,4,3,5,5,5,2,5,5,5,4,4,4,4,4,5,5
"26/7/2026, 14:11:14",ชาย,20-23 ปี,1 คน,ปริญญาตรี,อาชีพอิสระ,3-4 คน,ทาวน์โฮม / ทาวเฮาท์,พักอาศัยกับครอบครัว / ผู้อื่น,มีที่จอดรถส่วนกลาง / เช่า,"ต่ำกว่า 15,000 บาท",มี,ขับในเมือง,1-2 วัน / สัปดาห์,น้อยกว่า 10 กิโลเมตร,"ศูนย์บริการและอะไหล่, อายุการใช้งาน",รถยนต์สันดาป (ดีเซล / เบนซิน),ราคา,"ต่ำกว่า 500,000 บาท","เพื่อใช้ในการค้าขาย, เพื่อความสะดวกในการเดินทาง",มีแนวโน้มที่จะซื้อ,รถยนต์ไฮบริด (Hybrid),"ราคาซื้อเริ่มต้น, ค่าบำรุงรักษา",4,5,4,3,3,5,5,4,4,5,5,4,3,5,5,5,5,4,3,4,3
"26/7/2026, 14:11:15",ชาย,31-40 ปี,3 คน,ปวช. / ปวส.,รัฐวิสาหกิจ,3-4 คน,บ้านเดี่ยว / บ้านแฝด,เช่า,ไม่มีที่จอดรถ,"35,001-50,000 บาท",มี,ขับทั้งในเมืองและนอกเมือง,ใช้งานทุกวัน,น้อยกว่า 10 กิโลเมตร,อายุการใช้งาน,"รถยนต์สันดาป (ดีเซล / เบนซิน), รถยนต์ไฮบริด (Hybrid)",ราคา,"1,200,000-1,500,000 บาท",เพื่อใช้ในการเดินทางไปทำงาน,ยังไม่มีแนวโน้มที่จะซื้อ,รถยนต์ไฮบริด (Hybrid),"ราคาซื้อเริ่มต้น, ประหยัดค่าเชื้อเพลิง, ความสะดวกในการใช้งาน, เทคโนโลยีและความทันสมัย",3,5,5,4,5,5,4,4,5,4,4,4,5,4,4,5,3,5,5,4,4
"26/7/2026, 14:11:16",ชาย,24-26 ปี,1 คน,ปริญญาตรี,ค้าขาย,1-2 คน,ทาวน์โฮม / ทาวเฮาท์,เป็นเจ้าของ,มีที่จอดรถส่วนกลาง / เช่า,"15,001-25,000 บาท","ไม่มี (หากตอบ ""ไม่มี"" ให้ข้ามไปตอบตอนที่ 3)",,,,,,ราคา,"800,001-1,200,000 บาท","เพื่อใช้ในการค้าขาย, เพื่อหลีกเลี่ยงปัญหาจากระบบการขนส่งมวลชน",ยังไม่มีแนวโน้มที่จะซื้อ,รถยนต์ไฟฟ้า (EV),ค่าบำรุงรักษา,4,5,5,3,4,3,5,5,4,4,5,4,4,4,4,5,4,4,3,4,4
"26/7/2026, 14:11:17",ชาย,51-60 ปี,1 คน,ปวช. / ปวส.,พนักงานเอกชน,3-4 คน,ทาวน์โฮม / ทาวเฮาท์,เป็นเจ้าของ,ไม่มีที่จอดรถ,"25,001-35,000 บาท",มี,ขับนอกเมือง,ใช้งานทุกวัน,51-70 กิโลเมตร,อายุการใช้งาน,"รถยนต์สันดาป (ดีเซล / เบนซิน), รถยนต์ไฮบริด (Hybrid)",ราคา,"500,001-800,000 บาท",เพื่อความสะดวกในการเดินทาง,มีแนวโน้มที่จะซื้อ,รถยนต์ไฮบริด (Hybrid),"ราคาซื้อเริ่มต้น, ความสะดวกในการใช้งาน, เทคโนโลยีและความทันสมัย",5,5,5,5,4,4,3,4,4,5,5,4,5,3,4,4,4,5,5,5,4
"26/7/2026, 14:11:18",ชาย,20-23 ปี,1 คน,ปริญญาตรี,พนักงานเอกชน,3-4 คน,บ้านเดี่ยว / บ้านแฝด,เป็นเจ้าของ,ไม่มีที่จอดรถ,"15,001-25,000 บาท","ไม่มี (หากตอบ ""ไม่มี"" ให้ข้ามไปตอบตอนที่ 3)",,,,,,"ราคา, รูปลักษณ์ / ดีไซน์, เทคโนโลยีและฟังก์ชันภายในรถ, ความคุ้มค่าโดยรวม","ต่ำกว่า 500,000 บาท",เพื่อใช้ในการเดินทางไปทำงาน,ยังไม่มีแนวโน้มที่จะซื้อ,รถยนต์ไฟฟ้า (EV),"ราคาซื้อเริ่มต้น, ประหยัดค่าเชื้อเพลิง",5,5,4,5,5,4,5,4,4,4,3,5,5,5,5,5,5,5,5,5,3
"26/7/2026, 14:11:19",หญิง,20-23 ปี,1 คน,ม.6,นักเรียน / นักศึกษา,1-2 คน,ทาวน์โฮม / ทาวเฮาท์,เป็นเจ้าของ,ไม่มีที่จอดรถ,"ต่ำกว่า 15,000 บาท",มี,ขับนอกเมือง,5-6 วัน / สัปดาห์,น้อยกว่า 10 กิโลเมตร,อายุการใช้งาน,รถยนต์สันดาป (ดีเซล / เบนซิน),ราคา,"1,200,000-1,500,000 บาท",เพื่อความสะดวกในการเดินทาง,มีแนวโน้มที่จะซื้อ,รถยนต์ไฟฟ้า (EV),"ราคาซื้อเริ่มต้น, ประหยัดค่าเชื้อเพลิง, ค่าบำรุงรักษา",5,5,4,4,3,3,5,4,4,4,5,5,5,5,5,4,5,4,5,4,4
"26/7/2026, 14:11:19",หญิง,20-23 ปี,1 คน,ปริญญาตรี,นักเรียน / นักศึกษา,3-4 คน,ทาวน์โฮม / ทาวเฮาท์,เช่า,ไม่มีที่จอดรถ,"ต่ำกว่า 15,000 บาท","ไม่มี (หากตอบ ""ไม่มี"" ให้ข้ามไปตอบตอนที่ 3)",,,,,,ความสามารถในการผ่อนชำระ,"500,001-800,000 บาท",เพื่อความสะดวกในการเดินทาง,มีแนวโน้มที่จะซื้อ,รถยนต์ไฟฟ้า (EV),"ราคาซื้อเริ่มต้น, ความสะดวกในการใช้งาน, เทคโนโลยีและความทันสมัย",3,5,5,4,5,5,3,5,4,3,4,4,3,5,5,3,5,4,5,5,4
"26/7/2026, 14:11:20",หญิง,51-60 ปี,1 คน,ปริญญาตรี,เจ้าของกิจการ,3-4 คน,ทาวน์โฮม / ทาวเฮาท์,พักอาศัยกับครอบครัว / ผู้อื่น,มีที่จอดรถส่วนกลาง / เช่า,"มากกว่า 75,000",มี,ขับทั้งในเมืองและนอกเมือง,ใช้งานทุกวัน,น้อยกว่า 10 กิโลเมตร,ค่าใช้จ่ายในการซ่อมบำรุง,"รถยนต์สันดาป (ดีเซล / เบนซิน), รถยนต์ไฮบริด (Hybrid)","ความสามารถในการผ่อนชำระ, รูปลักษณ์ / ดีไซน์","1,200,000-1,500,000 บาท",เพื่อความสะดวกในการเดินทาง,มีแนวโน้มที่จะซื้อ,รถยนต์ไฟฟ้า (EV),"ค่าบำรุงรักษา, เทคโนโลยีและความทันสมัย",3,5,5,5,4,4,5,5,4,3,4,4,5,5,3,4,5,5,4,4,4
"26/7/2026, 14:11:21",หญิง,51-60 ปี,1 คน,ปริญญาโท,รัฐวิสาหกิจ,3-4 คน,ทาวน์โฮม / ทาวเฮาท์,เช่า,มีที่จอดรถส่วนตัว,"ต่ำกว่า 15,000 บาท","ไม่มี (หากตอบ ""ไม่มี"" ให้ข้ามไปตอบตอนที่ 3)",,,,,,"ราคา, ความสามารถในการผ่อนชำระ","ต่ำกว่า 500,000 บาท",เพื่อความสะดวกในการเดินทาง,มีแนวโน้มที่จะซื้อ,รถยนต์ไฮบริด (Hybrid),"ราคาซื้อเริ่มต้น, ค่าบำรุงรักษา",5,5,5,4,5,5,4,5,5,4,5,5,3,5,3,5,4,5,5,4,4
"26/7/2026, 14:11:22",หญิง,24-26 ปี,ไม่มีบุตร,ปริญญาโท,พนักงานเอกชน,3-4 คน,ทาวน์โฮม / ทาวเฮาท์,พักอาศัยกับครอบครัว / ผู้อื่น,ไม่มีที่จอดรถ,"35,001-50,000 บาท","ไม่มี (หากตอบ ""ไม่มี"" ให้ข้ามไปตอบตอนที่ 3)",,,,,,"ราคา, ความสามารถในการผ่อนชำระ, ค่าซ่อมบำรุง","800,001-1,200,000 บาท",เพื่อความสะดวกในการเดินทาง,มีแนวโน้มที่จะซื้อ,รถยนต์ไฮบริด (Hybrid),ราคาซื้อเริ่มต้น,2,4,5,4,4,5,1,3,5,3,5,4,5,4,4,4,5,5,4,4,4
"26/7/2026, 14:11:23",หญิง,20-23 ปี,1 คน,ปริญญาตรี,นักเรียน / นักศึกษา,3-4 คน,บ้านเดี่ยว / บ้านแฝด,พักอาศัยกับครอบครัว / ผู้อื่น,มีที่จอดรถส่วนกลาง / เช่า,"ต่ำกว่า 15,000 บาท","ไม่มี (หากตอบ ""ไม่มี"" ให้ข้ามไปตอบตอนที่ 3)",,,,,,แบรนด์,"500,001-800,000 บาท",เพื่อความสะดวกในการเดินทาง,มีแนวโน้มที่จะซื้อ,รถยนต์ไฮบริด (Hybrid),"ราคาซื้อเริ่มต้น, ประหยัดค่าเชื้อเพลิง",3,3,5,5,4,4,3,5,5,4,5,5,3,3,5,4,4,5,4,4,5
"26/7/2026, 14:11:24",หญิง,51-60 ปี,1 คน,ปวช. / ปวส.,ข้าราชการ,1-2 คน,ทาวน์โฮม / ทาวเฮาท์,พักอาศัยกับครอบครัว / ผู้อื่น,มีที่จอดรถส่วนตัว,"25,001-35,000 บาท",มี,ขับทั้งในเมืองและนอกเมือง,ใช้เป็นครั้งคราว,น้อยกว่า 10 กิโลเมตร,"ราคาน้ำมัน, มูลค่าการขายต่อ",รถยนต์สันดาป (ดีเซล / เบนซิน),"ราคา, ความสามารถในการผ่อนชำระ, ค่าซ่อมบำรุง","500,001-800,000 บาท","เพื่อใช้ในการค้าขาย, เพื่อใช้ในการเดินทางท่องเที่ยว, เพื่อความสะดวกในการเดินทาง",ยังไม่มีแนวโน้มที่จะซื้อ,รถยนต์สันดาป (ดีเซล / เบนซิน),"ค่าบำรุงรักษา, ความสะดวกในการใช้งาน, เทคโนโลยีและความทันสมัย",5,5,4,5,5,5,4,5,4,5,4,5,4,5,3,3,4,4,5,4,4
"26/7/2026, 14:11:25",ชาย,24-26 ปี,1 คน,ปริญญาโท,ข้าราชการ,3-4 คน,คอนโด / อพาร์ตเมนต์ / หอพัก,เป็นเจ้าของ,มีที่จอดรถส่วนกลาง / เช่า,"50,001-75,000 บาท",มี,ขับนอกเมือง,5-6 วัน / สัปดาห์,10-30 กิโลเมตร,"ราคาน้ำมัน, ค่าใช้จ่ายในการซ่อมบำรุง",รถยนต์สันดาป (ดีเซล / เบนซิน),ราคา,"500,001-800,000 บาท",เพื่อความสะดวกในการเดินทาง,มีแนวโน้มที่จะซื้อ,รถยนต์ไฟฟ้า (EV),"ราคาซื้อเริ่มต้น, ค่าบำรุงรักษา, เป็นมิตรต่อสิ่งแวดล้อม, เทคโนโลยีและความทันสมัย",2,5,5,5,4,4,3,4,4,5,4,5,3,5,5,4,4,5,4,4,5
"26/7/2026, 14:11:26",ชาย,20-23 ปี,1 คน,ปริญญาตรี,นักเรียน / นักศึกษา,1-2 คน,ทาวน์โฮม / ทาวเฮาท์,เป็นเจ้าของ,มีที่จอดรถส่วนกลาง / เช่า,"15,001-25,000 บาท",มี,ขับนอกเมือง,ใช้งานทุกวัน,น้อยกว่า 10 กิโลเมตร,อายุการใช้งาน,รถยนต์ไฮบริด (Hybrid),ราคา,"500,001-800,000 บาท","เพื่อใช้ในการค้าขาย, เพื่อความสะดวกในการเดินทาง",มีแนวโน้มที่จะซื้อ,รถยนต์สันดาป (ดีเซล / เบนซิน),"ราคาซื้อเริ่มต้น, เป็นมิตรต่อสิ่งแวดล้อม",3,4,4,5,5,4,5,4,5,5,3,5,3,3,4,5,5,5,4,5,4
"26/7/2026, 14:11:27",ชาย,20-23 ปี,1 คน,ปวช. / ปวส.,อาชีพอิสระ,1-2 คน,บ้านเดี่ยว / บ้านแฝด,เป็นเจ้าของ,มีที่จอดรถส่วนกลาง / เช่า,"25,001-35,000 บาท",มี,ขับนอกเมือง,3-4 วัน / สัปดาห์,51-70 กิโลเมตร,"ศูนย์บริการและอะไหล่, ค่าใช้จ่ายในการซ่อมบำรุง, มูลค่าการขายต่อ",รถยนต์สันดาป (ดีเซล / เบนซิน),ราคา,"500,001-800,000 บาท","เพื่อใช้ในการเดินทางไปทำงาน, เพื่อความสะดวกในการเดินทาง",มีแนวโน้มที่จะซื้อ,รถยนต์ไฮบริด (Hybrid),ราคาซื้อเริ่มต้น,3,5,4,4,5,4,5,5,5,5,4,4,5,4,4,4,5,5,4,3,5
"26/7/2026, 14:11:28",หญิง,20-23 ปี,1 คน,ปริญญาโท,นักเรียน / นักศึกษา,1-2 คน,ทาวน์โฮม / ทาวเฮาท์,พักอาศัยกับครอบครัว / ผู้อื่น,ไม่มีที่จอดรถ,"15,001-25,000 บาท","ไม่มี (หากตอบ ""ไม่มี"" ให้ข้ามไปตอบตอนที่ 3)",,,,,,"ราคา, ค่าซ่อมบำรุง, สมรรถนะในการขับขี่","ต่ำกว่า 500,000 บาท",เพื่อความสะดวกในการเดินทาง,มีแนวโน้มที่จะซื้อ,รถยนต์ไฮบริด (Hybrid),"ราคาซื้อเริ่มต้น, เทคโนโลยีและความทันสมัย",5,4,4,5,4,5,4,5,5,5,5,5,5,5,5,5,5,5,4,4,3
"26/7/2026, 14:11:29",ชาย,20-23 ปี,1 คน,ปริญญาตรี,ค้าขาย,3-4 คน,บ้านเดี่ยว / บ้านแฝด,เช่า,มีที่จอดรถส่วนกลาง / เช่า,"25,001-35,000 บาท","ไม่มี (หากตอบ ""ไม่มี"" ให้ข้ามไปตอบตอนที่ 3)",,,,,,ราคา,"500,001-800,000 บาท",เพื่อใช้ในการค้าขาย,มีแนวโน้มที่จะซื้อ,รถยนต์สันดาป (ดีเซล / เบนซิน),"ราคาซื้อเริ่มต้น, เป็นมิตรต่อสิ่งแวดล้อม",5,3,5,4,4,5,4,4,4,5,4,5,4,5,5,4,3,3,5,5,5
"26/7/2026, 14:11:30",ชาย,20-23 ปี,มากกว่า 3 คน,ม.6,รัฐวิสาหกิจ,3-4 คน,ทาวน์โฮม / ทาวเฮาท์,เช่า,มีที่จอดรถส่วนกลาง / เช่า,"35,001-50,000 บาท",มี,ขับนอกเมือง,3-4 วัน / สัปดาห์,10-30 กิโลเมตร,"อายุการใช้งาน, ค่าใช้จ่ายในการซ่อมบำรุง",รถยนต์สันดาป (ดีเซล / เบนซิน),"ความสามารถในการผ่อนชำระ, ค่าไฟฟ้า","500,001-800,000 บาท",เพื่อใช้ในการเดินทางไปทำงาน,มีแนวโน้มที่จะซื้อ,รถยนต์สันดาป (ดีเซล / เบนซิน),"ประหยัดค่าเชื้อเพลิง, ค่าบำรุงรักษา, ความสะดวกในการใช้งาน",5,5,4,4,3,5,4,3,5,5,4,4,5,5,3,5,4,4,5,4,4
"26/7/2026, 14:11:31",หญิง,มากกว่า 60 ปี,ไม่มีบุตร,ม.6,ค้าขาย,1-2 คน,ทาวน์โฮม / ทาวเฮาท์,เช่า,มีที่จอดรถส่วนกลาง / เช่า,"ต่ำกว่า 15,000 บาท",มี,ขับทั้งในเมืองและนอกเมือง,3-4 วัน / สัปดาห์,น้อยกว่า 10 กิโลเมตร,"ราคาน้ำมัน, มูลค่าการขายต่อ",รถยนต์สันดาป (ดีเซล / เบนซิน),"ค่าซ่อมบำรุง, รูปลักษณ์ / ดีไซน์, แบรนด์","ต่ำกว่า 500,000 บาท","เพื่อใช้ในการเดินทางไปทำงาน, เพื่อใช้ในการเดินทางท่องเที่ยว, เพื่อความสะดวกในการเดินทาง, เพื่อหลีกเลี่ยงปัญหาจากระบบการขนส่งมวลชน",มีแนวโน้มที่จะซื้อ,รถยนต์ไฮบริด (Hybrid),"ราคาซื้อเริ่มต้น, ความสะดวกในการใช้งาน",5,4,4,4,3,3,5,5,4,5,4,4,5,5,4,4,4,5,5,4,3
"26/7/2026, 14:11:32",ชาย,31-40 ปี,1 คน,ปริญญาตรี,พนักงานเอกชน,3-4 คน,บ้านเดี่ยว / บ้านแฝด,เช่า,ไม่มีที่จอดรถ,"35,001-50,000 บาท",มี,ขับนอกเมือง,ใช้งานทุกวัน,10-30 กิโลเมตร,อายุการใช้งาน,รถยนต์สันดาป (ดีเซล / เบนซิน),"ราคา, เทคโนโลยีและฟังก์ชันภายในรถ, ความคุ้มค่าโดยรวม","800,001-1,200,000 บาท","เพื่อใช้ในการค้าขาย, เพื่อความสะดวกในการเดินทาง",มีแนวโน้มที่จะซื้อ,รถยนต์สันดาป (ดีเซล / เบนซิน),"ราคาซื้อเริ่มต้น, ประหยัดค่าเชื้อเพลิง, ค่าบำรุงรักษา",3,4,4,5,4,4,4,4,3,5,3,4,4,5,4,3,5,4,5,5,2
"26/7/2026, 14:11:32",หญิง,20-23 ปี,1 คน,ปริญญาตรี,พนักงานเอกชน,3-4 คน,ทาวน์โฮม / ทาวเฮาท์,พักอาศัยกับครอบครัว / ผู้อื่น,มีที่จอดรถส่วนกลาง / เช่า,"25,001-35,000 บาท","ไม่มี (หากตอบ ""ไม่มี"" ให้ข้ามไปตอบตอนที่ 3)",,,,,,ราคา,"800,001-1,200,000 บาท","เพื่อใช้ในการเดินทางไปทำงาน, เพื่อความสะดวกในการเดินทาง",มีแนวโน้มที่จะซื้อ,รถยนต์ไฮบริด (Hybrid),"ประหยัดค่าเชื้อเพลิง, ค่าบำรุงรักษา",5,5,5,5,4,4,4,4,4,3,5,5,3,4,4,4,5,3,3,5,5
"26/7/2026, 14:11:33",ชาย,20-23 ปี,1 คน,ปริญญาตรี,นักเรียน / นักศึกษา,1-2 คน,ทาวน์โฮม / ทาวเฮาท์,พักอาศัยกับครอบครัว / ผู้อื่น,มีที่จอดรถส่วนตัว,"ต่ำกว่า 15,000 บาท",มี,ขับทั้งในเมืองและนอกเมือง,3-4 วัน / สัปดาห์,51-70 กิโลเมตร,อายุการใช้งาน,"รถยนต์สันดาป (ดีเซล / เบนซิน), รถยนต์ไฟฟ้า (EV)",ราคา,"800,001-1,200,000 บาท",เพื่อความสะดวกในการเดินทาง,ยังไม่มีแนวโน้มที่จะซื้อ,รถยนต์ไฟฟ้า (EV),"ราคาซื้อเริ่มต้น, ประหยัดค่าเชื้อเพลิง, ค่าบำรุงรักษา, ความสะดวกในการใช้งาน",4,2,3,4,3,5,5,5,4,4,4,5,4,5,4,3,4,5,5,5,4
"26/7/2026, 14:11:34",ชาย,20-23 ปี,1 คน,ปริญญาตรี,อาชีพอิสระ,3-4 คน,ทาวน์โฮม / ทาวเฮาท์,เป็นเจ้าของ,ไม่มีที่จอดรถ,"35,001-50,000 บาท",มี,ขับนอกเมือง,ใช้งานทุกวัน,10-30 กิโลเมตร,อายุการใช้งาน,รถยนต์สันดาป (ดีเซล / เบนซิน),ราคา,"800,001-1,200,000 บาท",เพื่อความสะดวกในการเดินทาง,มีแนวโน้มที่จะซื้อ,รถยนต์ไฮบริด (Hybrid),"ราคาซื้อเริ่มต้น, เป็นมิตรต่อสิ่งแวดล้อม",4,5,4,4,5,4,4,5,5,4,5,5,3,3,5,4,4,5,5,3,4
"26/7/2026, 14:11:35",ชาย,24-26 ปี,1 คน,ปริญญาตรี,พนักงานเอกชน,3-4 คน,ทาวน์โฮม / ทาวเฮาท์,เป็นเจ้าของ,ไม่มีที่จอดรถ,"25,001-35,000 บาท","ไม่มี (หากตอบ ""ไม่มี"" ให้ข้ามไปตอบตอนที่ 3)",,,,,,ราคา,"ต่ำกว่า 500,000 บาท",เพื่อความสะดวกในการเดินทาง,มีแนวโน้มที่จะซื้อ,รถยนต์ไฮบริด (Hybrid),ประหยัดค่าเชื้อเพลิง,4,5,5,5,4,5,5,5,5,5,4,5,5,4,4,3,5,5,4,4,4
"26/7/2026, 14:11:36",ชาย,51-60 ปี,1 คน,ปริญญาตรี,เจ้าของกิจการ,3-4 คน,ทาวน์โฮม / ทาวเฮาท์,เป็นเจ้าของ,มีที่จอดรถส่วนตัว,"50,001-75,000 บาท","ไม่มี (หากตอบ ""ไม่มี"" ให้ข้ามไปตอบตอนที่ 3)",,,,,,ราคา,"800,001-1,200,000 บาท",เพื่อความสะดวกในการเดินทาง,มีแนวโน้มที่จะซื้อ,รถยนต์ไฟฟ้า (EV),เทคโนโลยีและความทันสมัย,4,5,5,5,4,5,4,4,2,4,5,4,5,5,5,5,3,2,5,4,5
"26/7/2026, 14:11:37",ชาย,51-60 ปี,1 คน,ม.6,เจ้าของกิจการ,3-4 คน,ทาวน์โฮม / ทาวเฮาท์,เช่า,มีที่จอดรถส่วนกลาง / เช่า,"35,001-50,000 บาท","ไม่มี (หากตอบ ""ไม่มี"" ให้ข้ามไปตอบตอนที่ 3)",,,,,,"ราคา, ค่าไฟฟ้า","ต่ำกว่า 500,000 บาท",เพื่อความสะดวกในการเดินทาง,มีแนวโน้มที่จะซื้อ,รถยนต์สันดาป (ดีเซล / เบนซิน),"ราคาซื้อเริ่มต้น, ค่าบำรุงรักษา",5,5,5,4,4,5,5,5,4,5,3,5,5,4,5,4,4,4,5,5,4
"26/7/2026, 14:11:38",หญิง,51-60 ปี,1 คน,ปริญญาตรี,พนักงานเอกชน,3-4 คน,ทาวน์โฮม / ทาวเฮาท์,พักอาศัยกับครอบครัว / ผู้อื่น,ไม่มีที่จอดรถ,"25,001-35,000 บาท",มี,ขับนอกเมือง,3-4 วัน / สัปดาห์,10-30 กิโลเมตร,ศูนย์บริการและอะไหล่,รถยนต์ไฮบริด (Hybrid),ความคุ้มค่าโดยรวม,"ต่ำกว่า 500,000 บาท",เพื่อความสะดวกในการเดินทาง,มีแนวโน้มที่จะซื้อ,รถยนต์สันดาป (ดีเซล / เบนซิน),"ราคาซื้อเริ่มต้น, ความสะดวกในการใช้งาน",4,3,4,4,5,4,5,5,5,5,5,5,3,3,4,5,5,5,5,4,4
"26/7/2026, 14:11:39",ชาย,31-40 ปี,1 คน,ปวช. / ปวส.,อาชีพอิสระ,1-2 คน,ทาวน์โฮม / ทาวเฮาท์,เป็นเจ้าของ,มีที่จอดรถส่วนกลาง / เช่า,"35,001-50,000 บาท","ไม่มี (หากตอบ ""ไม่มี"" ให้ข้ามไปตอบตอนที่ 3)",,,,,,"ความสามารถในการผ่อนชำระ, เทคโนโลยีและฟังก์ชันภายในรถ, การรับประกันและบริการหลังการขาย","500,001-800,000 บาท",เพื่อความสะดวกในการเดินทาง,มีแนวโน้มที่จะซื้อ,รถยนต์สันดาป (ดีเซล / เบนซิน),"ราคาซื้อเริ่มต้น, ค่าบำรุงรักษา, เทคโนโลยีและความทันสมัย",3,4,5,5,4,5,4,4,5,4,4,5,3,5,5,5,5,4,5,5,4
"26/7/2026, 14:11:40",หญิง,20-23 ปี,3 คน,ปริญญาตรี,นักเรียน / นักศึกษา,1-2 คน,ทาวน์โฮม / ทาวเฮาท์,เช่า,ไม่มีที่จอดรถ,"ต่ำกว่า 15,000 บาท",มี,ขับนอกเมือง,ใช้งานทุกวัน,31-50 กิโลเมตร,ศูนย์บริการและอะไหล่,รถยนต์สันดาป (ดีเซล / เบนซิน),"ราคา, ค่าไฟฟ้า","1,200,000-1,500,000 บาท",เพื่อความสะดวกในการเดินทาง,มีแนวโน้มที่จะซื้อ,รถยนต์ไฮบริด (Hybrid),"ราคาซื้อเริ่มต้น, เทคโนโลยีและความทันสมัย",4,4,4,4,5,5,3,5,3,4,5,3,5,5,5,5,5,5,5,4,5
"26/7/2026, 14:11:41",ชาย,51-60 ปี,1 คน,ต่ำกว่า ม.3,พนักงานเอกชน,3-4 คน,บ้านเดี่ยว / บ้านแฝด,เป็นเจ้าของ,มีที่จอดรถส่วนตัว,"25,001-35,000 บาท",มี,ขับนอกเมือง,5-6 วัน / สัปดาห์,10-30 กิโลเมตร,อายุการใช้งาน,รถยนต์ไฮบริด (Hybrid),ราคา,"500,001-800,000 บาท",เพื่อความสะดวกในการเดินทาง,ยังไม่มีแนวโน้มที่จะซื้อ,รถยนต์ไฟฟ้า (EV),"ราคาซื้อเริ่มต้น, ค่าบำรุงรักษา, เทคโนโลยีและความทันสมัย",5,4,5,5,3,4,5,4,5,3,5,5,5,3,5,4,5,3,4,5,4
"26/7/2026, 14:11:42",ชาย,51-60 ปี,1 คน,ปวช. / ปวส.,ข้าราชการ,3-4 คน,บ้านเดี่ยว / บ้านแฝด,เป็นเจ้าของ,ไม่มีที่จอดรถ,"35,001-50,000 บาท",มี,ขับนอกเมือง,1-2 วัน / สัปดาห์,น้อยกว่า 10 กิโลเมตร,ราคาน้ำมัน,"รถยนต์สันดาป (ดีเซล / เบนซิน), รถยนต์ไฮบริด (Hybrid)",ราคา,"ต่ำกว่า 500,000 บาท",เพื่อความสะดวกในการเดินทาง,มีแนวโน้มที่จะซื้อ,รถยนต์สันดาป (ดีเซล / เบนซิน),"ราคาซื้อเริ่มต้น, ค่าบำรุงรักษา",5,5,4,5,5,5,4,4,5,5,5,5,5,4,5,4,4,4,4,5,4
"26/7/2026, 14:11:43",ชาย,31-40 ปี,1 คน,ปริญญาตรี,เจ้าของกิจการ,3-4 คน,ทาวน์โฮม / ทาวเฮาท์,เป็นเจ้าของ,มีที่จอดรถส่วนตัว,"มากกว่า 75,000",มี,ขับทั้งในเมืองและนอกเมือง,1-2 วัน / สัปดาห์,น้อยกว่า 10 กิโลเมตร,ค่าใช้จ่ายในการซ่อมบำรุง,รถยนต์สันดาป (ดีเซล / เบนซิน),"ความสามารถในการผ่อนชำระ, ค่าซ่อมบำรุง, เทคโนโลยีและฟังก์ชันภายในรถ","500,001-800,000 บาท",เพื่อใช้ในการเดินทางไปทำงาน,มีแนวโน้มที่จะซื้อ,รถยนต์สันดาป (ดีเซล / เบนซิน),"ราคาซื้อเริ่มต้น, เทคโนโลยีและความทันสมัย",5,5,4,4,3,5,4,5,5,5,4,4,4,4,4,5,3,5,3,4,4
"26/7/2026, 14:11:43",ชาย,24-26 ปี,ไม่มีบุตร,ปริญญาตรี,รัฐวิสาหกิจ,5 คนขึ้นไป,ทาวน์โฮม / ทาวเฮาท์,พักอาศัยกับครอบครัว / ผู้อื่น,มีที่จอดรถส่วนตัว,"35,001-50,000 บาท",มี,ขับในเมือง,5-6 วัน / สัปดาห์,น้อยกว่า 10 กิโลเมตร,ค่าใช้จ่ายในการซ่อมบำรุง,รถยนต์ไฮบริด (Hybrid),ค่าซ่อมบำรุง,"500,001-800,000 บาท",เพื่อความสะดวกในการเดินทาง,มีแนวโน้มที่จะซื้อ,รถยนต์ไฟฟ้า (EV),"ราคาซื้อเริ่มต้น, ค่าบำรุงรักษา, เทคโนโลยีและความทันสมัย",5,5,5,4,4,4,5,4,4,2,5,4,3,5,4,5,3,4,4,5,4
"26/7/2026, 14:11:44",หญิง,24-26 ปี,มากกว่า 3 คน,ปวช. / ปวส.,รัฐวิสาหกิจ,3-4 คน,ทาวน์โฮม / ทาวเฮาท์,เป็นเจ้าของ,มีที่จอดรถส่วนตัว,"35,001-50,000 บาท",มี,ขับนอกเมือง,1-2 วัน / สัปดาห์,51-70 กิโลเมตร,"ค่าใช้จ่ายในการซ่อมบำรุง, มูลค่าการขายต่อ",รถยนต์สันดาป (ดีเซล / เบนซิน),แบรนด์,"500,001-800,000 บาท",เพื่อใช้ในการค้าขาย,มีแนวโน้มที่จะซื้อ,รถยนต์ไฟฟ้า (EV),"ราคาซื้อเริ่มต้น, ประหยัดค่าเชื้อเพลิง",3,5,4,5,5,5,5,5,3,4,5,5,2,4,5,5,4,2,4,3,4
"26/7/2026, 14:11:45",หญิง,20-23 ปี,3 คน,ม.6,นักเรียน / นักศึกษา,3-4 คน,ทาวน์โฮม / ทาวเฮาท์,เป็นเจ้าของ,มีที่จอดรถส่วนตัว,"15,001-25,000 บาท","ไม่มี (หากตอบ ""ไม่มี"" ให้ข้ามไปตอบตอนที่ 3)",,,,,,"ราคา, ค่าไฟฟ้า, สมรรถนะในการขับขี่","1,200,000-1,500,000 บาท",เพื่อความสะดวกในการเดินทาง,มีแนวโน้มที่จะซื้อ,รถยนต์ไฮบริด (Hybrid),"ราคาซื้อเริ่มต้น, ค่าบำรุงรักษา",3,5,5,3,4,4,4,4,3,5,4,5,3,4,5,3,5,5,2,5,5
"26/7/2026, 14:11:46",หญิง,27-30 ปี,1 คน,ปริญญาตรี,พนักงานเอกชน,3-4 คน,ทาวน์โฮม / ทาวเฮาท์,เช่า,มีที่จอดรถส่วนตัว,"ต่ำกว่า 15,000 บาท",มี,ขับนอกเมือง,1-2 วัน / สัปดาห์,น้อยกว่า 10 กิโลเมตร,อายุการใช้งาน,"รถยนต์สันดาป (ดีเซล / เบนซิน), รถยนต์ไฮบริด (Hybrid)","รูปลักษณ์ / ดีไซน์, การรับประกันและบริการหลังการขาย","800,001-1,200,000 บาท",เพื่อความสะดวกในการเดินทาง,มีแนวโน้มที่จะซื้อ,รถยนต์ไฮบริด (Hybrid),"ราคาซื้อเริ่มต้น, ประหยัดค่าเชื้อเพลิง, ค่าบำรุงรักษา",5,4,4,5,4,5,5,5,5,3,4,4,5,5,3,3,5,5,5,4,4
"26/7/2026, 14:11:47",หญิง,24-26 ปี,ไม่มีบุตร,ปวช. / ปวส.,รัฐวิสาหกิจ,3-4 คน,ทาวน์โฮม / ทาวเฮาท์,เป็นเจ้าของ,มีที่จอดรถส่วนกลาง / เช่า,"15,001-25,000 บาท","ไม่มี (หากตอบ ""ไม่มี"" ให้ข้ามไปตอบตอนที่ 3)",,,,,,ราคา,"ต่ำกว่า 500,000 บาท",เพื่อความสะดวกในการเดินทาง,มีแนวโน้มที่จะซื้อ,รถยนต์สันดาป (ดีเซล / เบนซิน),"ราคาซื้อเริ่มต้น, ประหยัดค่าเชื้อเพลิง, ความสะดวกในการใช้งาน",5,5,3,4,2,5,4,5,4,4,4,4,4,5,5,4,5,3,5,5,4
"26/7/2026, 14:11:48",หญิง,20-23 ปี,1 คน,ปวช. / ปวส.,นักเรียน / นักศึกษา,3-4 คน,ทาวน์โฮม / ทาวเฮาท์,เป็นเจ้าของ,มีที่จอดรถส่วนกลาง / เช่า,"ต่ำกว่า 15,000 บาท","ไม่มี (หากตอบ ""ไม่มี"" ให้ข้ามไปตอบตอนที่ 3)",,,,,,แบรนด์,"ต่ำกว่า 500,000 บาท",เพื่อความสะดวกในการเดินทาง,มีแนวโน้มที่จะซื้อ,รถยนต์สันดาป (ดีเซล / เบนซิน),"ราคาซื้อเริ่มต้น, ค่าบำรุงรักษา, เทคโนโลยีและความทันสมัย",5,4,5,5,5,5,3,4,5,5,5,5,5,3,4,5,4,5,5,5,5
"26/7/2026, 14:11:49",หญิง,20-23 ปี,1 คน,ปริญญาตรี,พนักงานเอกชน,3-4 คน,บ้านเดี่ยว / บ้านแฝด,พักอาศัยกับครอบครัว / ผู้อื่น,ไม่มีที่จอดรถ,"ต่ำกว่า 15,000 บาท",มี,ขับในเมือง,1-2 วัน / สัปดาห์,น้อยกว่า 10 กิโลเมตร,"ค่าไฟฟ้า, ศูนย์บริการและอะไหล่","รถยนต์สันดาป (ดีเซล / เบนซิน), รถยนต์ไฮบริด (Hybrid), รถยนต์ไฟฟ้า (EV)",ค่าไฟฟ้า,"500,001-800,000 บาท",เพื่อความสะดวกในการเดินทาง,มีแนวโน้มที่จะซื้อ,รถยนต์สันดาป (ดีเซล / เบนซิน),เทคโนโลยีและความทันสมัย,5,4,5,5,4,4,5,3,5,5,1,5,5,4,5,5,5,3,3,5,5
"26/7/2026, 14:11:50",ชาย,51-60 ปี,3 คน,ม.3,พนักงานเอกชน,5 คนขึ้นไป,ทาวน์โฮม / ทาวเฮาท์,เป็นเจ้าของ,ไม่มีที่จอดรถ,"35,001-50,000 บาท",มี,ขับนอกเมือง,1-2 วัน / สัปดาห์,น้อยกว่า 10 กิโลเมตร,ค่าใช้จ่ายในการซ่อมบำรุง,"รถยนต์สันดาป (ดีเซล / เบนซิน), รถยนต์ไฟฟ้า (EV)","ราคา, แบรนด์","มากกว่า 1,500,000 บาท","เพื่อใช้ในการเดินทางไปทำงาน, เพื่อความสะดวกในการเดินทาง",ยังไม่มีแนวโน้มที่จะซื้อ,รถยนต์ไฟฟ้า (EV),"ราคาซื้อเริ่มต้น, ประหยัดค่าเชื้อเพลิง",3,4,5,5,4,4,5,4,5,3,5,3,3,4,4,4,5,5,5,4,5
"26/7/2026, 14:11:51",ชาย,31-40 ปี,1 คน,ม.6,เจ้าของกิจการ,3-4 คน,ทาวน์โฮม / ทาวเฮาท์,เช่า,มีที่จอดรถส่วนกลาง / เช่า,"25,001-35,000 บาท",มี,ขับในเมือง,ใช้งานทุกวัน,10-30 กิโลเมตร,ค่าใช้จ่ายในการซ่อมบำรุง,"รถยนต์สันดาป (ดีเซล / เบนซิน), รถยนต์ไฟฟ้า (EV)",ราคา,"800,001-1,200,000 บาท",เพื่อความสะดวกในการเดินทาง,มีแนวโน้มที่จะซื้อ,รถยนต์ไฮบริด (Hybrid),ราคาซื้อเริ่มต้น,5,5,4,5,5,5,5,4,5,4,5,4,5,5,5,5,3,4,4,5,4
"26/7/2026, 14:11:52",ชาย,41-50 ปี,1 คน,ปริญญาตรี,ข้าราชการ,3-4 คน,ทาวน์โฮม / ทาวเฮาท์,เช่า,มีที่จอดรถส่วนกลาง / เช่า,"35,001-50,000 บาท","ไม่มี (หากตอบ ""ไม่มี"" ให้ข้ามไปตอบตอนที่ 3)",,,,,,ราคา,"1,200,000-1,500,000 บาท",เพื่อความสะดวกในการเดินทาง,มีแนวโน้มที่จะซื้อ,รถยนต์ไฟฟ้า (EV),"ค่าบำรุงรักษา, ความสะดวกในการใช้งาน, เป็นมิตรต่อสิ่งแวดล้อม",5,4,4,5,4,4,5,4,5,5,4,4,3,5,5,4,4,5,5,5,5
"26/7/2026, 14:11:53",ชาย,51-60 ปี,1 คน,ปริญญาเอก,พนักงานเอกชน,1-2 คน,ทาวน์โฮม / ทาวเฮาท์,เป็นเจ้าของ,มีที่จอดรถส่วนกลาง / เช่า,"25,001-35,000 บาท","ไม่มี (หากตอบ ""ไม่มี"" ให้ข้ามไปตอบตอนที่ 3)",,,,,,"ราคา, ค่าไฟฟ้า","ต่ำกว่า 500,000 บาท","เพื่อใช้ในการเดินทางไปทำงาน, เพื่อใช้ในการค้าขาย, เพื่อความสะดวกในการเดินทาง, เพื่อหลีกเลี่ยงปัญหาจากระบบการขนส่งมวลชน",มีแนวโน้มที่จะซื้อ,รถยนต์สันดาป (ดีเซล / เบนซิน),เป็นมิตรต่อสิ่งแวดล้อม,5,4,4,4,5,4,4,3,5,4,5,3,5,4,5,4,5,4,5,4,5
"26/7/2026, 14:11:54",หญิง,24-26 ปี,1 คน,ปริญญาตรี,อาชีพอิสระ,3-4 คน,ทาวน์โฮม / ทาวเฮาท์,เป็นเจ้าของ,มีที่จอดรถส่วนตัว,"ต่ำกว่า 15,000 บาท",มี,ขับในเมือง,5-6 วัน / สัปดาห์,น้อยกว่า 10 กิโลเมตร,"ราคาน้ำมัน, อายุการใช้งาน",รถยนต์สันดาป (ดีเซล / เบนซิน),"ความสามารถในการผ่อนชำระ, สมรรถนะในการขับขี่, เทคโนโลยีและฟังก์ชันภายในรถ","500,001-800,000 บาท","เพื่อใช้ในการค้าขาย, เพื่อใช้ในการเดินทางท่องเที่ยว, เพื่อความสะดวกในการเดินทาง",มีแนวโน้มที่จะซื้อ,รถยนต์ไฮบริด (Hybrid),"ราคาซื้อเริ่มต้น, ประหยัดค่าเชื้อเพลิง",3,3,4,4,5,5,5,5,3,4,5,5,5,5,3,5,5,4,4,4,3
"26/7/2026, 14:11:55",หญิง,20-23 ปี,3 คน,ปริญญาตรี,นักเรียน / นักศึกษา,3-4 คน,ทาวน์โฮม / ทาวเฮาท์,พักอาศัยกับครอบครัว / ผู้อื่น,มีที่จอดรถส่วนกลาง / เช่า,"ต่ำกว่า 15,000 บาท",มี,ขับนอกเมือง,5-6 วัน / สัปดาห์,น้อยกว่า 10 กิโลเมตร,ศูนย์บริการและอะไหล่,รถยนต์สันดาป (ดีเซล / เบนซิน),ราคา,"มากกว่า 1,500,000 บาท",เพื่อความสะดวกในการเดินทาง,ยังไม่มีแนวโน้มที่จะซื้อ,รถยนต์ไฮบริด (Hybrid),"ราคาซื้อเริ่มต้น, เทคโนโลยีและความทันสมัย",4,4,4,5,5,4,4,5,4,5,3,5,4,4,5,5,5,4,3,4,5
"26/7/2026, 14:11:55",ชาย,31-40 ปี,1 คน,ปริญญาตรี,พนักงานเอกชน,3-4 คน,บ้านเดี่ยว / บ้านแฝด,เป็นเจ้าของ,มีที่จอดรถส่วนกลาง / เช่า,"ต่ำกว่า 15,000 บาท",มี,ขับทั้งในเมืองและนอกเมือง,5-6 วัน / สัปดาห์,น้อยกว่า 10 กิโลเมตร,ราคาน้ำมัน,รถยนต์สันดาป (ดีเซล / เบนซิน),"ค่าซ่อมบำรุง, สมรรถนะในการขับขี่","ต่ำกว่า 500,000 บาท",เพื่อความสะดวกในการเดินทาง,มีแนวโน้มที่จะซื้อ,รถยนต์ไฟฟ้า (EV),"ราคาซื้อเริ่มต้น, ความสะดวกในการใช้งาน, เป็นมิตรต่อสิ่งแวดล้อม",4,3,5,4,5,5,5,2,5,4,4,5,5,5,5,4,3,4,5,5,5
"26/7/2026, 14:11:56",ชาย,20-23 ปี,3 คน,ปริญญาตรี,นักเรียน / นักศึกษา,3-4 คน,บ้านเดี่ยว / บ้านแฝด,เช่า,มีที่จอดรถส่วนกลาง / เช่า,"15,001-25,000 บาท","ไม่มี (หากตอบ ""ไม่มี"" ให้ข้ามไปตอบตอนที่ 3)",,,,,,"ราคา, ค่าซ่อมบำรุง","ต่ำกว่า 500,000 บาท",เพื่อความสะดวกในการเดินทาง,มีแนวโน้มที่จะซื้อ,รถยนต์ไฮบริด (Hybrid),ราคาซื้อเริ่มต้น,4,4,2,4,4,4,4,4,5,5,5,4,4,3,5,4,4,4,5,4,4
"26/7/2026, 14:11:57",ชาย,20-23 ปี,1 คน,ปริญญาตรี,นักเรียน / นักศึกษา,3-4 คน,ทาวน์โฮม / ทาวเฮาท์,เป็นเจ้าของ,มีที่จอดรถส่วนกลาง / เช่า,"ต่ำกว่า 15,000 บาท","ไม่มี (หากตอบ ""ไม่มี"" ให้ข้ามไปตอบตอนที่ 3)",,,,,,รูปลักษณ์ / ดีไซน์,"ต่ำกว่า 500,000 บาท",เพื่อความสะดวกในการเดินทาง,ยังไม่มีแนวโน้มที่จะซื้อ,รถยนต์ไฮบริด (Hybrid),ความสะดวกในการใช้งาน,5,5,4,5,5,5,5,5,5,5,4,3,5,5,5,4,3,5,5,5,5
"26/7/2026, 14:11:58",ชาย,24-26 ปี,ไม่มีบุตร,ปริญญาตรี,พนักงานเอกชน,3-4 คน,ทาวน์โฮม / ทาวเฮาท์,เช่า,มีที่จอดรถส่วนกลาง / เช่า,"25,001-35,000 บาท",มี,ขับทั้งในเมืองและนอกเมือง,ใช้งานทุกวัน,10-30 กิโลเมตร,"ศูนย์บริการและอะไหล่, ค่าใช้จ่ายในการซ่อมบำรุง",รถยนต์สันดาป (ดีเซล / เบนซิน),ราคา,"500,001-800,000 บาท",เพื่อความสะดวกในการเดินทาง,มีแนวโน้มที่จะซื้อ,รถยนต์ไฮบริด (Hybrid),ราคาซื้อเริ่มต้น,3,5,5,5,5,4,5,5,3,5,4,3,5,4,4,5,5,3,3,5,4
"26/7/2026, 14:11:59",หญิง,41-50 ปี,3 คน,ปริญญาตรี,พนักงานเอกชน,3-4 คน,ทาวน์โฮม / ทาวเฮาท์,พักอาศัยกับครอบครัว / ผู้อื่น,มีที่จอดรถส่วนกลาง / เช่า,"15,001-25,000 บาท",มี,ขับนอกเมือง,3-4 วัน / สัปดาห์,10-30 กิโลเมตร,"ราคาน้ำมัน, อายุการใช้งาน",รถยนต์ไฮบริด (Hybrid),"รูปลักษณ์ / ดีไซน์, แบรนด์","ต่ำกว่า 500,000 บาท",เพื่อความสะดวกในการเดินทาง,มีแนวโน้มที่จะซื้อ,รถยนต์ไฟฟ้า (EV),ความสะดวกในการใช้งาน,5,4,5,4,4,5,5,5,4,5,4,4,3,4,5,4,4,5,5,4,3
"26/7/2026, 14:12:00",หญิง,20-23 ปี,1 คน,ปริญญาตรี,พนักงานเอกชน,1-2 คน,ทาวน์โฮม / ทาวเฮาท์,เป็นเจ้าของ,ไม่มีที่จอดรถ,"25,001-35,000 บาท",มี,ขับในเมือง,5-6 วัน / สัปดาห์,น้อยกว่า 10 กิโลเมตร,"ค่าใช้จ่ายในการซ่อมบำรุง, มูลค่าการขายต่อ","รถยนต์สันดาป (ดีเซล / เบนซิน), รถยนต์ไฮบริด (Hybrid)",ราคา,"500,001-800,000 บาท",เพื่อใช้ในการเดินทางท่องเที่ยว,มีแนวโน้มที่จะซื้อ,รถยนต์ไฮบริด (Hybrid),ราคาซื้อเริ่มต้น,3,4,5,4,5,3,4,4,4,5,2,4,5,5,4,3,5,5,4,5,5
"26/7/2026, 14:12:01",หญิง,51-60 ปี,3 คน,ปริญญาตรี,รัฐวิสาหกิจ,3-4 คน,ทาวน์โฮม / ทาวเฮาท์,เป็นเจ้าของ,มีที่จอดรถส่วนกลาง / เช่า,"50,001-75,000 บาท",มี,ขับทั้งในเมืองและนอกเมือง,ใช้งานทุกวัน,น้อยกว่า 10 กิโลเมตร,อายุการใช้งาน,"รถยนต์สันดาป (ดีเซล / เบนซิน), รถยนต์ไฮบริด (Hybrid)",ราคา,"500,001-800,000 บาท",เพื่อใช้ในการเดินทางไปทำงาน,มีแนวโน้มที่จะซื้อ,รถยนต์ไฮบริด (Hybrid),ราคาซื้อเริ่มต้น,5,4,3,4,4,4,3,3,4,4,5,4,4,5,5,5,3,5,5,5,4
"26/7/2026, 14:12:02",หญิง,51-60 ปี,1 คน,ปริญญาตรี,พนักงานเอกชน,3-4 คน,คอนโด / อพาร์ตเมนต์ / หอพัก,เช่า,มีที่จอดรถส่วนกลาง / เช่า,"25,001-35,000 บาท","ไม่มี (หากตอบ ""ไม่มี"" ให้ข้ามไปตอบตอนที่ 3)",,,,,,ราคา,"ต่ำกว่า 500,000 บาท",เพื่อความสะดวกในการเดินทาง,มีแนวโน้มที่จะซื้อ,รถยนต์ไฟฟ้า (EV),ประหยัดค่าเชื้อเพลิง,5,5,5,5,5,4,5,5,5,5,4,5,5,3,5,5,5,5,4,4,3
"26/7/2026, 14:12:03",ชาย,20-23 ปี,1 คน,ปริญญาตรี,นักเรียน / นักศึกษา,3-4 คน,ทาวน์โฮม / ทาวเฮาท์,เป็นเจ้าของ,มีที่จอดรถส่วนกลาง / เช่า,"ต่ำกว่า 15,000 บาท","ไม่มี (หากตอบ ""ไม่มี"" ให้ข้ามไปตอบตอนที่ 3)",,,,,,"รูปลักษณ์ / ดีไซน์, ความคุ้มค่าโดยรวม","500,001-800,000 บาท",เพื่อความสะดวกในการเดินทาง,มีแนวโน้มที่จะซื้อ,รถยนต์สันดาป (ดีเซล / เบนซิน),"ราคาซื้อเริ่มต้น, ค่าบำรุงรักษา",4,5,5,3,5,3,5,5,5,4,5,4,4,4,3,3,4,4,4,4,5
"26/7/2026, 14:12:03",หญิง,51-60 ปี,1 คน,ปริญญาโท,อาชีพอิสระ,3-4 คน,ทาวน์โฮม / ทาวเฮาท์,พักอาศัยกับครอบครัว / ผู้อื่น,มีที่จอดรถส่วนกลาง / เช่า,"25,001-35,000 บาท",มี,ขับนอกเมือง,1-2 วัน / สัปดาห์,10-30 กิโลเมตร,อายุการใช้งาน,"รถยนต์สันดาป (ดีเซล / เบนซิน), รถยนต์ไฮบริด (Hybrid)","ราคา, สมรรถนะในการขับขี่","500,001-800,000 บาท","เพื่อใช้ในการเดินทางไปทำงาน, เพื่อความสะดวกในการเดินทาง",มีแนวโน้มที่จะซื้อ,รถยนต์สันดาป (ดีเซล / เบนซิน),"ราคาซื้อเริ่มต้น, ประหยัดค่าเชื้อเพลิง, ค่าบำรุงรักษา",5,4,5,5,4,4,5,5,5,3,4,5,5,5,5,5,5,4,4,4,5
"26/7/2026, 14:12:04",หญิง,24-26 ปี,1 คน,ปริญญาเอก,พนักงานเอกชน,1-2 คน,ทาวน์โฮม / ทาวเฮาท์,เช่า,ไม่มีที่จอดรถ,"25,001-35,000 บาท",มี,ขับนอกเมือง,ใช้งานทุกวัน,น้อยกว่า 10 กิโลเมตร,ราคาน้ำมัน,รถยนต์สันดาป (ดีเซล / เบนซิน),ค่าซ่อมบำรุง,"500,001-800,000 บาท",เพื่อความสะดวกในการเดินทาง,ยังไม่มีแนวโน้มที่จะซื้อ,รถยนต์ไฟฟ้า (EV),"ค่าบำรุงรักษา, ความสะดวกในการใช้งาน, เทคโนโลยีและความทันสมัย",5,5,3,5,4,5,5,4,5,4,5,5,3,5,4,4,4,4,5,4,4
"26/7/2026, 14:12:05",หญิง,20-23 ปี,มากกว่า 3 คน,ปริญญาตรี,อาชีพอิสระ,5 คนขึ้นไป,ทาวน์โฮม / ทาวเฮาท์,เป็นเจ้าของ,ไม่มีที่จอดรถ,"15,001-25,000 บาท","ไม่มี (หากตอบ ""ไม่มี"" ให้ข้ามไปตอบตอนที่ 3)",,,,,,"ราคา, ค่าซ่อมบำรุง","500,001-800,000 บาท","เพื่อใช้ในการเดินทางไปทำงาน, เพื่อความสะดวกในการเดินทาง",มีแนวโน้มที่จะซื้อ,รถยนต์ไฮบริด (Hybrid),ความสะดวกในการใช้งาน,2,5,4,5,4,4,4,5,4,5,5,5,4,5,4,5,5,4,5,5,5
"26/7/2026, 14:12:06",ชาย,27-30 ปี,1 คน,ปริญญาตรี,อาชีพอิสระ,3-4 คน,ทาวน์โฮม / ทาวเฮาท์,พักอาศัยกับครอบครัว / ผู้อื่น,มีที่จอดรถส่วนกลาง / เช่า,"ต่ำกว่า 15,000 บาท",มี,ขับในเมือง,ใช้งานทุกวัน,10-30 กิโลเมตร,อายุการใช้งาน,รถยนต์ไฮบริด (Hybrid),ค่าซ่อมบำรุง,"ต่ำกว่า 500,000 บาท",เพื่อความสะดวกในการเดินทาง,มีแนวโน้มที่จะซื้อ,รถยนต์ไฮบริด (Hybrid),"ราคาซื้อเริ่มต้น, ค่าบำรุงรักษา, ความสะดวกในการใช้งาน, เทคโนโลยีและความทันสมัย",5,3,5,5,4,4,5,4,4,5,5,5,5,5,4,5,5,5,5,3,5
"26/7/2026, 14:12:07",หญิง,51-60 ปี,3 คน,ม.6,ค้าขาย,1-2 คน,ทาวน์โฮม / ทาวเฮาท์,พักอาศัยกับครอบครัว / ผู้อื่น,มีที่จอดรถส่วนกลาง / เช่า,"50,001-75,000 บาท",มี,ขับทั้งในเมืองและนอกเมือง,1-2 วัน / สัปดาห์,51-70 กิโลเมตร,"ราคาน้ำมัน, อายุการใช้งาน","รถยนต์สันดาป (ดีเซล / เบนซิน), รถยนต์ไฮบริด (Hybrid)",ราคา,"500,001-800,000 บาท",เพื่อความสะดวกในการเดินทาง,มีแนวโน้มที่จะซื้อ,รถยนต์ไฟฟ้า (EV),"ประหยัดค่าเชื้อเพลิง, ค่าบำรุงรักษา",5,5,5,3,4,4,5,4,5,3,5,4,5,4,3,4,4,5,3,5,4
"26/7/2026, 14:12:08",ชาย,24-26 ปี,1 คน,ปริญญาตรี,อาชีพอิสระ,3-4 คน,ทาวน์โฮม / ทาวเฮาท์,เป็นเจ้าของ,มีที่จอดรถส่วนตัว,"25,001-35,000 บาท","ไม่มี (หากตอบ ""ไม่มี"" ให้ข้ามไปตอบตอนที่ 3)",,,,,,ราคา,"ต่ำกว่า 500,000 บาท",เพื่อความสะดวกในการเดินทาง,มีแนวโน้มที่จะซื้อ,รถยนต์ไฮบริด (Hybrid),"ประหยัดค่าเชื้อเพลิง, เทคโนโลยีและความทันสมัย",4,4,5,4,5,5,5,5,5,4,5,5,5,4,3,4,5,4,4,5,4
"26/7/2026, 14:12:09",ชาย,20-23 ปี,ไม่มีบุตร,ปริญญาตรี,อาชีพอิสระ,1-2 คน,ทาวน์โฮม / ทาวเฮาท์,เช่า,มีที่จอดรถส่วนกลาง / เช่า,"ต่ำกว่า 15,000 บาท",มี,ขับทั้งในเมืองและนอกเมือง,5-6 วัน / สัปดาห์,น้อยกว่า 10 กิโลเมตร,"ราคาน้ำมัน, ศูนย์บริการและอะไหล่","รถยนต์สันดาป (ดีเซล / เบนซิน), รถยนต์ไฮบริด (Hybrid), รถยนต์ไฟฟ้า (EV)",ราคา,"ต่ำกว่า 500,000 บาท","เพื่อใช้ในการค้าขาย, เพื่อความสะดวกในการเดินทาง, เพื่อหลีกเลี่ยงปัญหาจากระบบการขนส่งมวลชน",ยังไม่มีแนวโน้มที่จะซื้อ,รถยนต์สันดาป (ดีเซล / เบนซิน),ค่าบำรุงรักษา,5,4,5,5,5,4,5,5,5,5,5,5,5,5,4,4,5,3,5,2,5
"26/7/2026, 14:12:10",ชาย,20-23 ปี,1 คน,ปวช. / ปวส.,ค้าขาย,3-4 คน,ทาวน์โฮม / ทาวเฮาท์,เป็นเจ้าของ,มีที่จอดรถส่วนตัว,"ต่ำกว่า 15,000 บาท",มี,ขับนอกเมือง,3-4 วัน / สัปดาห์,51-70 กิโลเมตร,อายุการใช้งาน,รถยนต์สันดาป (ดีเซล / เบนซิน),ราคา,"ต่ำกว่า 500,000 บาท",เพื่อความสะดวกในการเดินทาง,มีแนวโน้มที่จะซื้อ,รถยนต์ไฟฟ้า (EV),"ค่าบำรุงรักษา, เป็นมิตรต่อสิ่งแวดล้อม",3,5,5,4,5,5,5,4,5,5,5,5,3,4,4,5,4,5,5,4,3
"26/7/2026, 14:12:11",ชาย,24-26 ปี,1 คน,ปริญญาโท,ค้าขาย,3-4 คน,บ้านเดี่ยว / บ้านแฝด,เป็นเจ้าของ,มีที่จอดรถส่วนตัว,"25,001-35,000 บาท",มี,ขับในเมือง,3-4 วัน / สัปดาห์,น้อยกว่า 10 กิโลเมตร,"ราคาน้ำมัน, ศูนย์บริการและอะไหล่, มูลค่าการขายต่อ","รถยนต์สันดาป (ดีเซล / เบนซิน), รถยนต์ไฟฟ้า (EV)",ราคา,"800,001-1,200,000 บาท",เพื่อใช้ในการเดินทางไปทำงาน,มีแนวโน้มที่จะซื้อ,รถยนต์ไฮบริด (Hybrid),"ราคาซื้อเริ่มต้น, ความสะดวกในการใช้งาน, เทคโนโลยีและความทันสมัย",5,4,4,5,3,5,5,4,4,4,5,3,4,4,3,5,4,5,4,5,4
"26/7/2026, 14:12:12",หญิง,24-26 ปี,3 คน,ปริญญาโท,นักเรียน / นักศึกษา,3-4 คน,บ้านเดี่ยว / บ้านแฝด,เช่า,มีที่จอดรถส่วนตัว,"35,001-50,000 บาท",มี,ขับนอกเมือง,5-6 วัน / สัปดาห์,31-50 กิโลเมตร,อายุการใช้งาน,"รถยนต์สันดาป (ดีเซล / เบนซิน), รถยนต์ไฮบริด (Hybrid)",ราคา,"500,001-800,000 บาท","เพื่อใช้ในการค้าขาย, เพื่อความสะดวกในการเดินทาง",มีแนวโน้มที่จะซื้อ,รถยนต์ไฟฟ้า (EV),"ราคาซื้อเริ่มต้น, ความสะดวกในการใช้งาน",3,5,5,5,3,4,2,5,5,4,5,5,4,5,4,3,4,5,4,5,5
"26/7/2026, 14:12:13",หญิง,51-60 ปี,1 คน,ปวช. / ปวส.,อาชีพอิสระ,3-4 คน,บ้านเดี่ยว / บ้านแฝด,พักอาศัยกับครอบครัว / ผู้อื่น,มีที่จอดรถส่วนกลาง / เช่า,"50,001-75,000 บาท",มี,ขับในเมือง,ใช้งานทุกวัน,10-30 กิโลเมตร,อายุการใช้งาน,รถยนต์ไฟฟ้า (EV),"ราคา, ค่าซ่อมบำรุง, ความคุ้มค่าโดยรวม","1,200,000-1,500,000 บาท",เพื่อใช้ในการเดินทางไปทำงาน,มีแนวโน้มที่จะซื้อ,รถยนต์สันดาป (ดีเซล / เบนซิน),"ค่าบำรุงรักษา, ความสะดวกในการใช้งาน",5,4,5,3,3,5,5,5,2,5,5,5,5,4,5,5,5,3,4,4,5
"26/7/2026, 14:12:14",ชาย,51-60 ปี,1 คน,ปริญญาตรี,พนักงานเอกชน,3-4 คน,ทาวน์โฮม / ทาวเฮาท์,เช่า,มีที่จอดรถส่วนกลาง / เช่า,"25,001-35,000 บาท","ไม่มี (หากตอบ ""ไม่มี"" ให้ข้ามไปตอบตอนที่ 3)",,,,,,"ความสามารถในการผ่อนชำระ, รูปลักษณ์ / ดีไซน์, แบรนด์","500,001-800,000 บาท",เพื่อความสะดวกในการเดินทาง,มีแนวโน้มที่จะซื้อ,รถยนต์ไฮบริด (Hybrid),"ราคาซื้อเริ่มต้น, ค่าบำรุงรักษา",5,5,5,5,3,5,3,5,3,5,5,3,5,4,5,5,5,5,5,5,5
"26/7/2026, 14:12:14",หญิง,51-60 ปี,1 คน,ปริญญาตรี,พนักงานเอกชน,3-4 คน,ทาวน์โฮม / ทาวเฮาท์,เช่า,มีที่จอดรถส่วนกลาง / เช่า,"35,001-50,000 บาท","ไม่มี (หากตอบ ""ไม่มี"" ให้ข้ามไปตอบตอนที่ 3)",,,,,,รูปลักษณ์ / ดีไซน์,"500,001-800,000 บาท",เพื่อความสะดวกในการเดินทาง,ยังไม่มีแนวโน้มที่จะซื้อ,รถยนต์ไฟฟ้า (EV),"ราคาซื้อเริ่มต้น, ประหยัดค่าเชื้อเพลิง, ค่าบำรุงรักษา",4,5,5,4,5,5,5,5,4,5,4,5,5,3,4,5,5,3,5,4,5
"26/7/2026, 14:12:15",หญิง,51-60 ปี,1 คน,ต่ำกว่า ม.3,ข้าราชการ,3-4 คน,บ้านเดี่ยว / บ้านแฝด,เป็นเจ้าของ,มีที่จอดรถส่วนกลาง / เช่า,"25,001-35,000 บาท",มี,ขับนอกเมือง,ใช้เป็นครั้งคราว,10-30 กิโลเมตร,อายุการใช้งาน,รถยนต์สันดาป (ดีเซล / เบนซิน),แบรนด์,"มากกว่า 1,500,000 บาท",เพื่อความสะดวกในการเดินทาง,มีแนวโน้มที่จะซื้อ,รถยนต์ไฟฟ้า (EV),ราคาซื้อเริ่มต้น,5,5,3,5,4,4,5,5,5,5,3,4,5,5,5,5,4,5,5,5,4
"26/7/2026, 14:12:16",ชาย,20-23 ปี,1 คน,ปริญญาตรี,นักเรียน / นักศึกษา,3-4 คน,ทาวน์โฮม / ทาวเฮาท์,เช่า,มีที่จอดรถส่วนกลาง / เช่า,"ต่ำกว่า 15,000 บาท","ไม่มี (หากตอบ ""ไม่มี"" ให้ข้ามไปตอบตอนที่ 3)",,,,,,"ค่าไฟฟ้า, เทคโนโลยีและฟังก์ชันภายในรถ","ต่ำกว่า 500,000 บาท",เพื่อความสะดวกในการเดินทาง,มีแนวโน้มที่จะซื้อ,รถยนต์สันดาป (ดีเซล / เบนซิน),"ราคาซื้อเริ่มต้น, ค่าบำรุงรักษา",4,3,4,5,4,4,5,5,5,4,4,5,5,4,5,5,5,5,5,4,4
"26/7/2026, 14:12:17",ชาย,20-23 ปี,1 คน,ปริญญาตรี,อาชีพอิสระ,1-2 คน,บ้านเดี่ยว / บ้านแฝด,พักอาศัยกับครอบครัว / ผู้อื่น,ไม่มีที่จอดรถ,"15,001-25,000 บาท",มี,ขับนอกเมือง,ใช้งานทุกวัน,10-30 กิโลเมตร,ราคาน้ำมัน,รถยนต์สันดาป (ดีเซล / เบนซิน),ราคา,"มากกว่า 1,500,000 บาท",เพื่อความสะดวกในการเดินทาง,มีแนวโน้มที่จะซื้อ,รถยนต์ไฮบริด (Hybrid),"ค่าบำรุงรักษา, ความสะดวกในการใช้งาน",4,5,4,5,5,3,5,3,5,5,5,5,4,4,3,4,4,5,4,4,5
"26/7/2026, 14:12:18",หญิง,20-23 ปี,3 คน,ปริญญาตรี,รัฐวิสาหกิจ,1-2 คน,ทาวน์โฮม / ทาวเฮาท์,เช่า,มีที่จอดรถส่วนกลาง / เช่า,"มากกว่า 75,000",มี,ขับนอกเมือง,5-6 วัน / สัปดาห์,31-50 กิโลเมตร,"ราคาน้ำมัน, ปั๊มน้ำมัน / สถานีชาร์จ, ศูนย์บริการและอะไหล่, ค่าใช้จ่ายในการซ่อมบำรุง","รถยนต์สันดาป (ดีเซล / เบนซิน), รถยนต์ไฮบริด (Hybrid)","ความสามารถในการผ่อนชำระ, ค่าไฟฟ้า","ต่ำกว่า 500,000 บาท",เพื่อความสะดวกในการเดินทาง,มีแนวโน้มที่จะซื้อ,รถยนต์สันดาป (ดีเซล / เบนซิน),"ค่าบำรุงรักษา, ความสะดวกในการใช้งาน",5,5,4,5,5,4,5,3,5,4,5,5,4,5,4,5,5,5,4,4,4
"26/7/2026, 14:12:19",หญิง,20-23 ปี,1 คน,ปริญญาตรี,นักเรียน / นักศึกษา,3-4 คน,ทาวน์โฮม / ทาวเฮาท์,เป็นเจ้าของ,มีที่จอดรถส่วนตัว,"ต่ำกว่า 15,000 บาท","ไม่มี (หากตอบ ""ไม่มี"" ให้ข้ามไปตอบตอนที่ 3)",,,,,,ค่าซ่อมบำรุง,"1,200,000-1,500,000 บาท",เพื่อความสะดวกในการเดินทาง,มีแนวโน้มที่จะซื้อ,รถยนต์สันดาป (ดีเซล / เบนซิน),"ราคาซื้อเริ่มต้น, ค่าบำรุงรักษา",5,5,5,3,5,4,5,4,4,4,5,5,4,3,3,4,4,3,3,2,4
"26/7/2026, 14:12:20",หญิง,20-23 ปี,1 คน,ปริญญาตรี,นักเรียน / นักศึกษา,3-4 คน,ทาวน์โฮม / ทาวเฮาท์,เช่า,มีที่จอดรถส่วนกลาง / เช่า,"ต่ำกว่า 15,000 บาท",มี,ขับทั้งในเมืองและนอกเมือง,ใช้งานทุกวัน,น้อยกว่า 10 กิโลเมตร,อายุการใช้งาน,รถยนต์สันดาป (ดีเซล / เบนซิน),"ราคา, แบรนด์, ความคุ้มค่าโดยรวม","800,001-1,200,000 บาท",เพื่อความสะดวกในการเดินทาง,มีแนวโน้มที่จะซื้อ,รถยนต์ไฟฟ้า (EV),"ราคาซื้อเริ่มต้น, ค่าบำรุงรักษา, เป็นมิตรต่อสิ่งแวดล้อม",5,5,5,5,5,5,4,4,3,4,5,5,5,5,4,2,3,5,5,3,4
"26/7/2026, 14:12:21",หญิง,31-40 ปี,1 คน,ปริญญาเอก,เจ้าของกิจการ,3-4 คน,บ้านเดี่ยว / บ้านแฝด,เป็นเจ้าของ,ไม่มีที่จอดรถ,"มากกว่า 75,000",มี,ขับทั้งในเมืองและนอกเมือง,3-4 วัน / สัปดาห์,10-30 กิโลเมตร,อายุการใช้งาน,รถยนต์สันดาป (ดีเซล / เบนซิน),ราคา,"ต่ำกว่า 500,000 บาท","เพื่อใช้ในการเดินทางไปทำงาน, เพื่อความสะดวกในการเดินทาง, เพื่อหลีกเลี่ยงปัญหาจากระบบการขนส่งมวลชน",มีแนวโน้มที่จะซื้อ,รถยนต์ไฮบริด (Hybrid),ราคาซื้อเริ่มต้น,5,2,3,5,4,4,4,5,5,3,4,5,5,3,4,5,3,4,5,5,4
"26/7/2026, 14:12:22",ชาย,20-23 ปี,3 คน,ปริญญาตรี,รัฐวิสาหกิจ,1-2 คน,ทาวน์โฮม / ทาวเฮาท์,พักอาศัยกับครอบครัว / ผู้อื่น,มีที่จอดรถส่วนตัว,"15,001-25,000 บาท","ไม่มี (หากตอบ ""ไม่มี"" ให้ข้ามไปตอบตอนที่ 3)",,,,,,"ราคา, สมรรถนะในการขับขี่","ต่ำกว่า 500,000 บาท",เพื่อความสะดวกในการเดินทาง,มีแนวโน้มที่จะซื้อ,รถยนต์ไฮบริด (Hybrid),ราคาซื้อเริ่มต้น,4,5,4,5,5,4,5,4,4,4,4,4,4,5,4,5,4,4,4,5,5
"26/7/2026, 14:12:22",ชาย,31-40 ปี,1 คน,ปริญญาโท,พนักงานเอกชน,3-4 คน,ทาวน์โฮม / ทาวเฮาท์,พักอาศัยกับครอบครัว / ผู้อื่น,มีที่จอดรถส่วนกลาง / เช่า,"35,001-50,000 บาท",มี,ขับนอกเมือง,ใช้งานทุกวัน,น้อยกว่า 10 กิโลเมตร,"ปั๊มน้ำมัน / สถานีชาร์จ, ศูนย์บริการและอะไหล่, อายุการใช้งาน","รถยนต์สันดาป (ดีเซล / เบนซิน), รถยนต์ไฮบริด (Hybrid)","รูปลักษณ์ / ดีไซน์, ความคุ้มค่าโดยรวม","800,001-1,200,000 บาท",เพื่อความสะดวกในการเดินทาง,มีแนวโน้มที่จะซื้อ,รถยนต์ไฮบริด (Hybrid),"ราคาซื้อเริ่มต้น, เป็นมิตรต่อสิ่งแวดล้อม",4,5,5,5,5,5,5,3,4,5,4,5,5,4,1,4,4,5,4,4,5
"26/7/2026, 14:12:23",ชาย,20-23 ปี,1 คน,ปริญญาตรี,รัฐวิสาหกิจ,3-4 คน,บ้านเดี่ยว / บ้านแฝด,เป็นเจ้าของ,มีที่จอดรถส่วนกลาง / เช่า,"15,001-25,000 บาท","ไม่มี (หากตอบ ""ไม่มี"" ให้ข้ามไปตอบตอนที่ 3)",,,,,,"ราคา, สมรรถนะในการขับขี่, แบรนด์","1,200,000-1,500,000 บาท",เพื่อใช้ในการค้าขาย,ยังไม่มีแนวโน้มที่จะซื้อ,รถยนต์สันดาป (ดีเซล / เบนซิน),"ราคาซื้อเริ่มต้น, ค่าบำรุงรักษา",5,5,3,5,3,4,5,4,5,3,5,4,5,5,4,3,5,5,5,4,4
"26/7/2026, 14:12:24",หญิง,24-26 ปี,1 คน,ปวช. / ปวส.,พนักงานเอกชน,3-4 คน,ทาวน์โฮม / ทาวเฮาท์,พักอาศัยกับครอบครัว / ผู้อื่น,มีที่จอดรถส่วนกลาง / เช่า,"50,001-75,000 บาท","ไม่มี (หากตอบ ""ไม่มี"" ให้ข้ามไปตอบตอนที่ 3)",,,,,,ค่าซ่อมบำรุง,"800,001-1,200,000 บาท",เพื่อความสะดวกในการเดินทาง,ยังไม่มีแนวโน้มที่จะซื้อ,รถยนต์ไฟฟ้า (EV),ความสะดวกในการใช้งาน,5,4,5,5,5,4,5,4,5,5,5,4,4,4,3,5,5,5,5,5,5
"26/7/2026, 14:12:25",หญิง,20-23 ปี,1 คน,ปริญญาตรี,นักเรียน / นักศึกษา,1-2 คน,ทาวน์โฮม / ทาวเฮาท์,เป็นเจ้าของ,มีที่จอดรถส่วนตัว,"ต่ำกว่า 15,000 บาท","ไม่มี (หากตอบ ""ไม่มี"" ให้ข้ามไปตอบตอนที่ 3)",,,,,,แบรนด์,"800,001-1,200,000 บาท",เพื่อความสะดวกในการเดินทาง,มีแนวโน้มที่จะซื้อ,รถยนต์สันดาป (ดีเซล / เบนซิน),"ราคาซื้อเริ่มต้น, ประหยัดค่าเชื้อเพลิง, ค่าบำรุงรักษา, ความสะดวกในการใช้งาน",5,4,5,5,4,5,4,3,5,4,5,4,5,4,4,5,4,3,4,5,2
"26/7/2026, 14:12:26",ชาย,31-40 ปี,1 คน,ปริญญาตรี,พนักงานเอกชน,3-4 คน,บ้านเดี่ยว / บ้านแฝด,เช่า,มีที่จอดรถส่วนกลาง / เช่า,"15,001-25,000 บาท",มี,ขับนอกเมือง,3-4 วัน / สัปดาห์,น้อยกว่า 10 กิโลเมตร,ศูนย์บริการและอะไหล่,รถยนต์สันดาป (ดีเซล / เบนซิน),ราคา,"500,001-800,000 บาท",เพื่อใช้ในการเดินทางไปทำงาน,มีแนวโน้มที่จะซื้อ,รถยนต์ไฟฟ้า (EV),ราคาซื้อเริ่มต้น,5,5,5,4,5,5,5,4,3,3,3,5,4,4,5,4,3,4,5,3,5
"26/7/2026, 14:12:27",ชาย,20-23 ปี,3 คน,ปริญญาตรี,พนักงานเอกชน,3-4 คน,ทาวน์โฮม / ทาวเฮาท์,เช่า,ไม่มีที่จอดรถ,"50,001-75,000 บาท","ไม่มี (หากตอบ ""ไม่มี"" ให้ข้ามไปตอบตอนที่ 3)",,,,,,ราคา,"ต่ำกว่า 500,000 บาท","เพื่อใช้ในการเดินทางไปทำงาน, เพื่อความสะดวกในการเดินทาง",มีแนวโน้มที่จะซื้อ,รถยนต์ไฟฟ้า (EV),"ราคาซื้อเริ่มต้น, ความสะดวกในการใช้งาน, เทคโนโลยีและความทันสมัย",4,4,4,5,4,5,5,3,5,4,5,5,4,5,5,4,5,3,4,4,5
"26/7/2026, 14:12:28",หญิง,31-40 ปี,3 คน,ปริญญาโท,อาชีพอิสระ,1-2 คน,ทาวน์โฮม / ทาวเฮาท์,เป็นเจ้าของ,มีที่จอดรถส่วนกลาง / เช่า,"25,001-35,000 บาท",มี,ขับในเมือง,5-6 วัน / สัปดาห์,น้อยกว่า 10 กิโลเมตร,อายุการใช้งาน,รถยนต์สันดาป (ดีเซล / เบนซิน),ค่าไฟฟ้า,"ต่ำกว่า 500,000 บาท","เพื่อใช้ในการเดินทางไปทำงาน, เพื่อความสะดวกในการเดินทาง",ยังไม่มีแนวโน้มที่จะซื้อ,รถยนต์สันดาป (ดีเซล / เบนซิน),"ค่าบำรุงรักษา, เป็นมิตรต่อสิ่งแวดล้อม",5,5,5,5,5,3,4,5,4,4,5,5,5,5,4,4,5,3,5,3,3
"26/7/2026, 14:12:29",หญิง,20-23 ปี,3 คน,ปริญญาตรี,พนักงานเอกชน,3-4 คน,ทาวน์โฮม / ทาวเฮาท์,พักอาศัยกับครอบครัว / ผู้อื่น,มีที่จอดรถส่วนตัว,"35,001-50,000 บาท","ไม่มี (หากตอบ ""ไม่มี"" ให้ข้ามไปตอบตอนที่ 3)",,,,,,"ราคา, เทคโนโลยีและฟังก์ชันภายในรถ","500,001-800,000 บาท",เพื่อความสะดวกในการเดินทาง,มีแนวโน้มที่จะซื้อ,รถยนต์สันดาป (ดีเซล / เบนซิน),ราคาซื้อเริ่มต้น,5,5,4,4,5,5,5,4,5,4,3,4,5,3,4,5,5,4,5,5,4
"26/7/2026, 14:12:29",ชาย,51-60 ปี,3 คน,ปริญญาตรี,อาชีพอิสระ,3-4 คน,ทาวน์โฮม / ทาวเฮาท์,เป็นเจ้าของ,มีที่จอดรถส่วนกลาง / เช่า,"25,001-35,000 บาท","ไม่มี (หากตอบ ""ไม่มี"" ให้ข้ามไปตอบตอนที่ 3)",,,,,,ราคา,"ต่ำกว่า 500,000 บาท","เพื่อใช้ในการเดินทางไปทำงาน, เพื่อใช้ในการเดินทางท่องเที่ยว",มีแนวโน้มที่จะซื้อ,รถยนต์สันดาป (ดีเซล / เบนซิน),ราคาซื้อเริ่มต้น,5,5,4,5,4,5,5,5,5,5,5,3,3,4,5,4,5,4,5,5,5
"26/7/2026, 14:12:30",ชาย,31-40 ปี,3 คน,ปริญญาตรี,รัฐวิสาหกิจ,1-2 คน,ทาวน์โฮม / ทาวเฮาท์,พักอาศัยกับครอบครัว / ผู้อื่น,มีที่จอดรถส่วนกลาง / เช่า,"25,001-35,000 บาท",มี,ขับนอกเมือง,1-2 วัน / สัปดาห์,น้อยกว่า 10 กิโลเมตร,"ราคาน้ำมัน, ศูนย์บริการและอะไหล่, ค่าใช้จ่ายในการซ่อมบำรุง","รถยนต์สันดาป (ดีเซล / เบนซิน), รถยนต์ไฮบริด (Hybrid)","ความสามารถในการผ่อนชำระ, ค่าซ่อมบำรุง, รูปลักษณ์ / ดีไซน์, เทคโนโลยีและฟังก์ชันภายในรถ","800,001-1,200,000 บาท",เพื่อความสะดวกในการเดินทาง,มีแนวโน้มที่จะซื้อ,รถยนต์ไฟฟ้า (EV),เป็นมิตรต่อสิ่งแวดล้อม,5,3,3,5,5,5,5,4,5,5,5,5,5,4,5,4,5,4,5,5,4
"26/7/2026, 14:12:31",ชาย,20-23 ปี,1 คน,ปริญญาตรี,อาชีพอิสระ,3-4 คน,ทาวน์โฮม / ทาวเฮาท์,เป็นเจ้าของ,มีที่จอดรถส่วนกลาง / เช่า,"15,001-25,000 บาท",มี,ขับในเมือง,1-2 วัน / สัปดาห์,31-50 กิโลเมตร,"ปั๊มน้ำมัน / สถานีชาร์จ, อายุการใช้งาน","รถยนต์สันดาป (ดีเซล / เบนซิน), รถยนต์ไฮบริด (Hybrid)","ราคา, รูปลักษณ์ / ดีไซน์, แบรนด์","500,001-800,000 บาท",เพื่อใช้ในการเดินทางไปทำงาน,มีแนวโน้มที่จะซื้อ,รถยนต์ไฮบริด (Hybrid),ค่าบำรุงรักษา,3,5,4,3,5,4,4,5,5,5,4,4,5,5,4,4,4,3,4,4,5
"26/7/2026, 14:12:32",หญิง,51-60 ปี,3 คน,ปริญญาตรี,ข้าราชการ,3-4 คน,บ้านเดี่ยว / บ้านแฝด,เช่า,มีที่จอดรถส่วนตัว,"15,001-25,000 บาท","ไม่มี (หากตอบ ""ไม่มี"" ให้ข้ามไปตอบตอนที่ 3)",,,,,,"ราคา, ความสามารถในการผ่อนชำระ, ค่าซ่อมบำรุง","500,001-800,000 บาท",เพื่อความสะดวกในการเดินทาง,ยังไม่มีแนวโน้มที่จะซื้อ,รถยนต์ไฟฟ้า (EV),เทคโนโลยีและความทันสมัย,4,5,4,4,5,3,5,4,4,4,5,5,4,5,3,4,4,5,5,4,5
"26/7/2026, 14:12:33",ชาย,20-23 ปี,1 คน,ปริญญาตรี,นักเรียน / นักศึกษา,3-4 คน,บ้านเดี่ยว / บ้านแฝด,เป็นเจ้าของ,มีที่จอดรถส่วนกลาง / เช่า,"ต่ำกว่า 15,000 บาท",มี,ขับในเมือง,3-4 วัน / สัปดาห์,10-30 กิโลเมตร,"ราคาน้ำมัน, อายุการใช้งาน","รถยนต์สันดาป (ดีเซล / เบนซิน), รถยนต์ไฮบริด (Hybrid), รถยนต์ไฟฟ้า (EV)","ค่าซ่อมบำรุง, สมรรถนะในการขับขี่","ต่ำกว่า 500,000 บาท",เพื่อความสะดวกในการเดินทาง,มีแนวโน้มที่จะซื้อ,รถยนต์ไฟฟ้า (EV),ราคาซื้อเริ่มต้น,5,4,4,5,5,4,5,5,4,5,5,3,5,5,5,3,5,4,5,5,5
"26/7/2026, 14:12:34",หญิง,24-26 ปี,1 คน,ปริญญาโท,พนักงานเอกชน,3-4 คน,ทาวน์โฮม / ทาวเฮาท์,เป็นเจ้าของ,ไม่มีที่จอดรถ,"15,001-25,000 บาท","ไม่มี (หากตอบ ""ไม่มี"" ให้ข้ามไปตอบตอนที่ 3)",,,,,,ราคา,"500,001-800,000 บาท",เพื่อความสะดวกในการเดินทาง,มีแนวโน้มที่จะซื้อ,รถยนต์ไฮบริด (Hybrid),ราคาซื้อเริ่มต้น,4,3,5,5,3,3,5,5,5,4,4,5,5,5,4,4,5,5,3,4,5
"26/7/2026, 14:12:35",หญิง,20-23 ปี,2 คน,ปริญญาตรี,นักเรียน / นักศึกษา,3-4 คน,ทาวน์โฮม / ทาวเฮาท์,เป็นเจ้าของ,ไม่มีที่จอดรถ,"15,001-25,000 บาท","ไม่มี (หากตอบ ""ไม่มี"" ให้ข้ามไปตอบตอนที่ 3)",,,,,,รูปลักษณ์ / ดีไซน์,"800,001-1,200,000 บาท",เพื่อความสะดวกในการเดินทาง,ยังไม่มีแนวโน้มที่จะซื้อ,รถยนต์ไฮบริด (Hybrid),"ราคาซื้อเริ่มต้น, ความสะดวกในการใช้งาน, เป็นมิตรต่อสิ่งแวดล้อม",4,5,5,5,4,5,5,5,4,4,4,3,3,5,5,5,3,4,5,5,4
"26/7/2026, 14:12:36",หญิง,24-26 ปี,1 คน,ปริญญาตรี,พนักงานเอกชน,3-4 คน,ทาวน์โฮม / ทาวเฮาท์,เช่า,มีที่จอดรถส่วนตัว,"50,001-75,000 บาท",มี,ขับนอกเมือง,ใช้เป็นครั้งคราว,51-70 กิโลเมตร,ศูนย์บริการและอะไหล่,รถยนต์ไฮบริด (Hybrid),ราคา,"500,001-800,000 บาท",เพื่อใช้ในการเดินทางไปทำงาน,มีแนวโน้มที่จะซื้อ,รถยนต์ไฮบริด (Hybrid),ประหยัดค่าเชื้อเพลิง,4,5,5,5,3,3,4,4,5,3,5,4,4,3,3,4,5,4,5,4,5
"26/7/2026, 14:12:37",ชาย,24-26 ปี,3 คน,ปริญญาตรี,พนักงานเอกชน,3-4 คน,บ้านเดี่ยว / บ้านแฝด,เช่า,มีที่จอดรถส่วนกลาง / เช่า,"15,001-25,000 บาท",มี,ขับนอกเมือง,5-6 วัน / สัปดาห์,10-30 กิโลเมตร,อายุการใช้งาน,รถยนต์สันดาป (ดีเซล / เบนซิน),เทคโนโลยีและฟังก์ชันภายในรถ,"800,001-1,200,000 บาท",เพื่อความสะดวกในการเดินทาง,ยังไม่มีแนวโน้มที่จะซื้อ,รถยนต์สันดาป (ดีเซล / เบนซิน),"ประหยัดค่าเชื้อเพลิง, ค่าบำรุงรักษา",5,5,5,5,5,4,5,5,4,4,5,5,4,4,4,4,4,3,4,5,3
"26/7/2026, 14:12:37",ชาย,51-60 ปี,1 คน,ปวช. / ปวส.,ค้าขาย,3-4 คน,ทาวน์โฮม / ทาวเฮาท์,พักอาศัยกับครอบครัว / ผู้อื่น,ไม่มีที่จอดรถ,"50,001-75,000 บาท",มี,ขับทั้งในเมืองและนอกเมือง,1-2 วัน / สัปดาห์,น้อยกว่า 10 กิโลเมตร,"อายุการใช้งาน, มูลค่าการขายต่อ","รถยนต์สันดาป (ดีเซล / เบนซิน), รถยนต์ไฮบริด (Hybrid)",ราคา,"ต่ำกว่า 500,000 บาท",เพื่อความสะดวกในการเดินทาง,ยังไม่มีแนวโน้มที่จะซื้อ,รถยนต์ไฮบริด (Hybrid),"ค่าบำรุงรักษา, เป็นมิตรต่อสิ่งแวดล้อม",4,5,3,4,3,5,5,5,5,5,5,5,4,4,5,4,4,5,4,5,5
"26/7/2026, 14:12:38",หญิง,20-23 ปี,1 คน,ปริญญาตรี,นักเรียน / นักศึกษา,3-4 คน,บ้านเดี่ยว / บ้านแฝด,เป็นเจ้าของ,มีที่จอดรถส่วนกลาง / เช่า,"15,001-25,000 บาท",มี,ขับในเมือง,3-4 วัน / สัปดาห์,น้อยกว่า 10 กิโลเมตร,มูลค่าการขายต่อ,รถยนต์ไฮบริด (Hybrid),ราคา,"800,001-1,200,000 บาท",เพื่อความสะดวกในการเดินทาง,มีแนวโน้มที่จะซื้อ,รถยนต์ไฟฟ้า (EV),ความสะดวกในการใช้งาน,4,4,5,4,4,5,5,5,4,5,5,5,5,5,4,4,5,5,4,5,5
"26/7/2026, 14:12:40",ชาย,51-60 ปี,1 คน,ปวช. / ปวส.,รัฐวิสาหกิจ,1-2 คน,ทาวน์โฮม / ทาวเฮาท์,เป็นเจ้าของ,มีที่จอดรถส่วนกลาง / เช่า,"50,001-75,000 บาท","ไม่มี (หากตอบ ""ไม่มี"" ให้ข้ามไปตอบตอนที่ 3)",,,,,,สมรรถนะในการขับขี่,"ต่ำกว่า 500,000 บาท",เพื่อความสะดวกในการเดินทาง,ยังไม่มีแนวโน้มที่จะซื้อ,รถยนต์ไฮบริด (Hybrid),"ราคาซื้อเริ่มต้น, ค่าบำรุงรักษา, ความสะดวกในการใช้งาน",5,4,4,4,4,3,4,3,5,5,4,5,4,3,4,5,3,5,5,5,4
"26/7/2026, 14:12:39",ชาย,20-23 ปี,1 คน,ปริญญาตรี,นักเรียน / นักศึกษา,3-4 คน,ทาวน์โฮม / ทาวเฮาท์,พักอาศัยกับครอบครัว / ผู้อื่น,มีที่จอดรถส่วนกลาง / เช่า,"15,001-25,000 บาท",มี,ขับนอกเมือง,3-4 วัน / สัปดาห์,น้อยกว่า 10 กิโลเมตร,"ศูนย์บริการและอะไหล่, อายุการใช้งาน",รถยนต์สันดาป (ดีเซล / เบนซิน),ค่าซ่อมบำรุง,"1,200,000-1,500,000 บาท","เพื่อใช้ในการค้าขาย, เพื่อความสะดวกในการเดินทาง",มีแนวโน้มที่จะซื้อ,รถยนต์สันดาป (ดีเซล / เบนซิน),ค่าบำรุงรักษา,5,4,5,4,5,3,5,4,4,5,4,4,5,5,5,5,4,4,4,4,4
"26/7/2026, 14:12:41",ชาย,51-60 ปี,1 คน,ม.6,พนักงานเอกชน,3-4 คน,ทาวน์โฮม / ทาวเฮาท์,เช่า,มีที่จอดรถส่วนกลาง / เช่า,"25,001-35,000 บาท",มี,ขับทั้งในเมืองและนอกเมือง,ใช้งานทุกวัน,น้อยกว่า 10 กิโลเมตร,ศูนย์บริการและอะไหล่,"รถยนต์สันดาป (ดีเซล / เบนซิน), รถยนต์ไฮบริด (Hybrid)","สมรรถนะในการขับขี่, แบรนด์","500,001-800,000 บาท",เพื่อความสะดวกในการเดินทาง,มีแนวโน้มที่จะซื้อ,รถยนต์ไฮบริด (Hybrid),"ราคาซื้อเริ่มต้น, ประหยัดค่าเชื้อเพลิง",5,4,3,4,4,5,4,4,5,5,4,4,5,5,4,3,5,5,4,5,4
"26/7/2026, 14:12:42",ชาย,51-60 ปี,มากกว่า 3 คน,ม.3,พนักงานเอกชน,3-4 คน,ทาวน์โฮม / ทาวเฮาท์,พักอาศัยกับครอบครัว / ผู้อื่น,มีที่จอดรถส่วนตัว,"15,001-25,000 บาท",มี,ขับในเมือง,ใช้งานทุกวัน,31-50 กิโลเมตร,ราคาน้ำมัน,รถยนต์สันดาป (ดีเซล / เบนซิน),ค่าซ่อมบำรุง,"800,001-1,200,000 บาท","เพื่อใช้ในการเดินทางไปทำงาน, เพื่อใช้ในการเดินทางท่องเที่ยว",มีแนวโน้มที่จะซื้อ,รถยนต์ไฟฟ้า (EV),"ราคาซื้อเริ่มต้น, ประหยัดค่าเชื้อเพลิง, ค่าบำรุงรักษา, เทคโนโลยีและความทันสมัย",5,3,5,5,3,5,4,4,5,4,4,5,5,5,5,4,2,3,4,5,3
"26/7/2026, 14:12:43",หญิง,51-60 ปี,1 คน,ม.6,ค้าขาย,3-4 คน,ทาวน์โฮม / ทาวเฮาท์,เป็นเจ้าของ,มีที่จอดรถส่วนกลาง / เช่า,"มากกว่า 75,000","ไม่มี (หากตอบ ""ไม่มี"" ให้ข้ามไปตอบตอนที่ 3)",,,,,,"ราคา, ค่าซ่อมบำรุง","800,001-1,200,000 บาท","เพื่อใช้ในการค้าขาย, เพื่อความสะดวกในการเดินทาง",ยังไม่มีแนวโน้มที่จะซื้อ,รถยนต์สันดาป (ดีเซล / เบนซิน),"ราคาซื้อเริ่มต้น, ประหยัดค่าเชื้อเพลิง, ความสะดวกในการใช้งาน, เทคโนโลยีและความทันสมัย",5,5,5,5,4,5,5,5,5,4,5,5,5,4,4,3,4,4,5,5,5
"26/7/2026, 14:12:44",หญิง,20-23 ปี,1 คน,ม.6,นักเรียน / นักศึกษา,3-4 คน,บ้านเดี่ยว / บ้านแฝด,เป็นเจ้าของ,ไม่มีที่จอดรถ,"ต่ำกว่า 15,000 บาท",มี,ขับนอกเมือง,3-4 วัน / สัปดาห์,10-30 กิโลเมตร,ค่าใช้จ่ายในการซ่อมบำรุง,"รถยนต์สันดาป (ดีเซล / เบนซิน), รถยนต์ไฮบริด (Hybrid)",ราคา,"ต่ำกว่า 500,000 บาท",เพื่อความสะดวกในการเดินทาง,มีแนวโน้มที่จะซื้อ,รถยนต์ไฟฟ้า (EV),"ราคาซื้อเริ่มต้น, ค่าบำรุงรักษา, ความสะดวกในการใช้งาน",4,4,4,5,5,4,4,5,3,4,4,3,5,4,5,5,4,5,5,4,3
"26/7/2026, 14:12:44",หญิง,20-23 ปี,1 คน,ปริญญาตรี,อาชีพอิสระ,3-4 คน,ทาวน์โฮม / ทาวเฮาท์,พักอาศัยกับครอบครัว / ผู้อื่น,มีที่จอดรถส่วนกลาง / เช่า,"25,001-35,000 บาท","ไม่มี (หากตอบ ""ไม่มี"" ให้ข้ามไปตอบตอนที่ 3)",,,,,,"สมรรถนะในการขับขี่, เทคโนโลยีและฟังก์ชันภายในรถ","800,001-1,200,000 บาท","เพื่อใช้ในการค้าขาย, เพื่อความสะดวกในการเดินทาง",มีแนวโน้มที่จะซื้อ,รถยนต์ไฮบริด (Hybrid),เป็นมิตรต่อสิ่งแวดล้อม,5,4,5,5,5,4,5,5,3,3,5,3,5,5,4,3,4,5,4,5,4
"26/7/2026, 14:12:45",ชาย,20-23 ปี,1 คน,ปริญญาตรี,นักเรียน / นักศึกษา,3-4 คน,ทาวน์โฮม / ทาวเฮาท์,เช่า,มีที่จอดรถส่วนกลาง / เช่า,"15,001-25,000 บาท",มี,ขับนอกเมือง,5-6 วัน / สัปดาห์,51-70 กิโลเมตร,"ปั๊มน้ำมัน / สถานีชาร์จ, อายุการใช้งาน, ค่าใช้จ่ายในการซ่อมบำรุง",รถยนต์สันดาป (ดีเซล / เบนซิน),"ราคา, ความสามารถในการผ่อนชำระ","500,001-800,000 บาท",เพื่อใช้ในการเดินทางไปทำงาน,มีแนวโน้มที่จะซื้อ,รถยนต์ไฟฟ้า (EV),"ราคาซื้อเริ่มต้น, ค่าบำรุงรักษา",4,4,5,3,4,3,5,5,5,5,5,3,5,5,5,4,4,5,4,4,4
"26/7/2026, 14:12:46",ชาย,20-23 ปี,1 คน,ปริญญาตรี,นักเรียน / นักศึกษา,1-2 คน,ทาวน์โฮม / ทาวเฮาท์,เป็นเจ้าของ,ไม่มีที่จอดรถ,"35,001-50,000 บาท",มี,ขับในเมือง,ใช้งานทุกวัน,10-30 กิโลเมตร,"ปั๊มน้ำมัน / สถานีชาร์จ, ค่าใช้จ่ายในการซ่อมบำรุง, มูลค่าการขายต่อ",รถยนต์สันดาป (ดีเซล / เบนซิน),"ความสามารถในการผ่อนชำระ, แบรนด์, เทคโนโลยีและฟังก์ชันภายในรถ","800,001-1,200,000 บาท","เพื่อใช้ในการเดินทางไปทำงาน, เพื่อความสะดวกในการเดินทาง",มีแนวโน้มที่จะซื้อ,รถยนต์ไฮบริด (Hybrid),ราคาซื้อเริ่มต้น,3,3,4,5,4,4,4,5,4,5,5,5,3,5,4,5,2,4,5,4,1
"26/7/2026, 14:12:47",ชาย,มากกว่า 60 ปี,1 คน,ต่ำกว่า ม.3,เจ้าของกิจการ,3-4 คน,ทาวน์โฮม / ทาวเฮาท์,พักอาศัยกับครอบครัว / ผู้อื่น,มีที่จอดรถส่วนกลาง / เช่า,"มากกว่า 75,000","ไม่มี (หากตอบ ""ไม่มี"" ให้ข้ามไปตอบตอนที่ 3)",,,,,,"ค่าไฟฟ้า, การรับประกันและบริการหลังการขาย","500,001-800,000 บาท",เพื่อความสะดวกในการเดินทาง,ยังไม่มีแนวโน้มที่จะซื้อ,รถยนต์ไฮบริด (Hybrid),ราคาซื้อเริ่มต้น,3,4,5,5,4,3,3,5,5,3,5,4,4,3,5,5,5,3,5,4,5
"26/7/2026, 14:12:48",หญิง,20-23 ปี,1 คน,ปริญญาตรี,นักเรียน / นักศึกษา,3-4 คน,ทาวน์โฮม / ทาวเฮาท์,พักอาศัยกับครอบครัว / ผู้อื่น,มีที่จอดรถส่วนกลาง / เช่า,"15,001-25,000 บาท","ไม่มี (หากตอบ ""ไม่มี"" ให้ข้ามไปตอบตอนที่ 3)",,,,,,"ค่าไฟฟ้า, สมรรถนะในการขับขี่","มากกว่า 1,500,000 บาท",เพื่อความสะดวกในการเดินทาง,มีแนวโน้มที่จะซื้อ,รถยนต์ไฮบริด (Hybrid),"ราคาซื้อเริ่มต้น, ความสะดวกในการใช้งาน",5,4,5,4,4,5,5,5,4,5,5,5,5,5,5,4,4,3,5,5,5
"26/7/2026, 14:12:49",ชาย,51-60 ปี,1 คน,ปริญญาโท,รัฐวิสาหกิจ,1-2 คน,ทาวน์โฮม / ทาวเฮาท์,พักอาศัยกับครอบครัว / ผู้อื่น,มีที่จอดรถส่วนตัว,"35,001-50,000 บาท","ไม่มี (หากตอบ ""ไม่มี"" ให้ข้ามไปตอบตอนที่ 3)",,,,,,ราคา,"มากกว่า 1,500,000 บาท",เพื่อความสะดวกในการเดินทาง,มีแนวโน้มที่จะซื้อ,รถยนต์สันดาป (ดีเซล / เบนซิน),"ราคาซื้อเริ่มต้น, ประหยัดค่าเชื้อเพลิง, ค่าบำรุงรักษา, ความสะดวกในการใช้งาน",5,4,4,5,5,5,5,5,5,5,5,5,5,5,4,4,3,4,5,4,4
"26/7/2026, 14:12:50",ชาย,20-23 ปี,มากกว่า 3 คน,ปริญญาตรี,อาชีพอิสระ,3-4 คน,ทาวน์โฮม / ทาวเฮาท์,เป็นเจ้าของ,ไม่มีที่จอดรถ,"35,001-50,000 บาท","ไม่มี (หากตอบ ""ไม่มี"" ให้ข้ามไปตอบตอนที่ 3)",,,,,,"ความสามารถในการผ่อนชำระ, รูปลักษณ์ / ดีไซน์","1,200,000-1,500,000 บาท",เพื่อใช้ในการเดินทางไปทำงาน,มีแนวโน้มที่จะซื้อ,รถยนต์สันดาป (ดีเซล / เบนซิน),ราคาซื้อเริ่มต้น,4,5,5,5,5,4,4,5,3,5,3,5,5,4,4,4,4,5,4,5,5
"26/7/2026, 14:12:51",หญิง,20-23 ปี,1 คน,ม.6,พนักงานเอกชน,3-4 คน,ทาวน์โฮม / ทาวเฮาท์,เป็นเจ้าของ,ไม่มีที่จอดรถ,"25,001-35,000 บาท","ไม่มี (หากตอบ ""ไม่มี"" ให้ข้ามไปตอบตอนที่ 3)",,,,,,"ราคา, ค่าซ่อมบำรุง","500,001-800,000 บาท",เพื่อหลีกเลี่ยงปัญหาจากระบบการขนส่งมวลชน,ยังไม่มีแนวโน้มที่จะซื้อ,รถยนต์ไฮบริด (Hybrid),"ราคาซื้อเริ่มต้น, ประหยัดค่าเชื้อเพลิง, ค่าบำรุงรักษา",5,4,3,5,5,5,5,5,5,3,5,5,5,5,4,5,5,5,5,5,4
"26/7/2026, 14:12:52",หญิง,20-23 ปี,1 คน,ปริญญาโท,รัฐวิสาหกิจ,3-4 คน,ทาวน์โฮม / ทาวเฮาท์,พักอาศัยกับครอบครัว / ผู้อื่น,ไม่มีที่จอดรถ,"ต่ำกว่า 15,000 บาท","ไม่มี (หากตอบ ""ไม่มี"" ให้ข้ามไปตอบตอนที่ 3)",,,,,,ราคา,"800,001-1,200,000 บาท",เพื่อใช้ในการเดินทางท่องเที่ยว,มีแนวโน้มที่จะซื้อ,รถยนต์สันดาป (ดีเซล / เบนซิน),ราคาซื้อเริ่มต้น,5,5,3,4,5,4,5,5,3,3,4,5,5,5,4,4,4,3,5,3,5
"26/7/2026, 14:12:52",ชาย,20-23 ปี,1 คน,ปริญญาตรี,นักเรียน / นักศึกษา,3-4 คน,ทาวน์โฮม / ทาวเฮาท์,เป็นเจ้าของ,มีที่จอดรถส่วนกลาง / เช่า,"15,001-25,000 บาท",มี,ขับทั้งในเมืองและนอกเมือง,ใช้งานทุกวัน,31-50 กิโลเมตร,ศูนย์บริการและอะไหล่,รถยนต์สันดาป (ดีเซล / เบนซิน),ค่าซ่อมบำรุง,"1,200,000-1,500,000 บาท","เพื่อความสะดวกในการเดินทาง, เพื่อหลีกเลี่ยงปัญหาจากระบบการขนส่งมวลชน",มีแนวโน้มที่จะซื้อ,รถยนต์ไฟฟ้า (EV),"ราคาซื้อเริ่มต้น, ความสะดวกในการใช้งาน",5,4,4,3,4,4,4,5,5,4,2,3,5,3,3,5,5,5,5,5,5
"26/7/2026, 14:12:53",ชาย,31-40 ปี,1 คน,ปริญญาตรี,อาชีพอิสระ,3-4 คน,ทาวน์โฮม / ทาวเฮาท์,เช่า,มีที่จอดรถส่วนกลาง / เช่า,"15,001-25,000 บาท",มี,ขับในเมือง,ใช้งานทุกวัน,น้อยกว่า 10 กิโลเมตร,"อายุการใช้งาน, ค่าใช้จ่ายในการซ่อมบำรุง","รถยนต์สันดาป (ดีเซล / เบนซิน), รถยนต์ไฮบริด (Hybrid)","ราคา, เทคโนโลยีและฟังก์ชันภายในรถ","มากกว่า 1,500,000 บาท",เพื่อความสะดวกในการเดินทาง,มีแนวโน้มที่จะซื้อ,รถยนต์ไฮบริด (Hybrid),"ราคาซื้อเริ่มต้น, ประหยัดค่าเชื้อเพลิง, ความสะดวกในการใช้งาน",4,4,5,5,5,5,4,5,4,4,5,5,5,5,5,5,4,5,5,3,4
"26/7/2026, 14:12:54",ชาย,20-23 ปี,1 คน,ปริญญาตรี,พนักงานเอกชน,3-4 คน,ทาวน์โฮม / ทาวเฮาท์,พักอาศัยกับครอบครัว / ผู้อื่น,ไม่มีที่จอดรถ,"15,001-25,000 บาท","ไม่มี (หากตอบ ""ไม่มี"" ให้ข้ามไปตอบตอนที่ 3)",,,,,,แบรนด์,"800,001-1,200,000 บาท",เพื่อความสะดวกในการเดินทาง,มีแนวโน้มที่จะซื้อ,รถยนต์ไฟฟ้า (EV),ประหยัดค่าเชื้อเพลิง,4,4,4,4,4,4,2,3,5,5,3,4,4,4,5,5,4,5,5,4,4
"26/7/2026, 14:12:55",หญิง,51-60 ปี,1 คน,ม.6,ค้าขาย,3-4 คน,ทาวน์โฮม / ทาวเฮาท์,เป็นเจ้าของ,ไม่มีที่จอดรถ,"35,001-50,000 บาท","ไม่มี (หากตอบ ""ไม่มี"" ให้ข้ามไปตอบตอนที่ 3)",,,,,,"ราคา, ค่าไฟฟ้า, รูปลักษณ์ / ดีไซน์","800,001-1,200,000 บาท",เพื่อความสะดวกในการเดินทาง,มีแนวโน้มที่จะซื้อ,รถยนต์ไฮบริด (Hybrid),"ค่าบำรุงรักษา, ความสะดวกในการใช้งาน, เทคโนโลยีและความทันสมัย",3,5,3,4,5,4,4,4,4,4,4,4,3,5,4,5,5,5,5,3,3
"26/7/2026, 14:12:56",ชาย,51-60 ปี,3 คน,ปวช. / ปวส.,ค้าขาย,3-4 คน,บ้านเดี่ยว / บ้านแฝด,เช่า,มีที่จอดรถส่วนตัว,"มากกว่า 75,000","ไม่มี (หากตอบ ""ไม่มี"" ให้ข้ามไปตอบตอนที่ 3)",,,,,,ราคา,"ต่ำกว่า 500,000 บาท",เพื่อความสะดวกในการเดินทาง,ยังไม่มีแนวโน้มที่จะซื้อ,รถยนต์ไฟฟ้า (EV),"ราคาซื้อเริ่มต้น, ค่าบำรุงรักษา",5,4,4,3,3,4,4,4,4,5,4,4,5,4,5,5,5,4,4,5,5
"26/7/2026, 14:12:57",ชาย,20-23 ปี,1 คน,ปริญญาตรี,นักเรียน / นักศึกษา,3-4 คน,ทาวน์โฮม / ทาวเฮาท์,พักอาศัยกับครอบครัว / ผู้อื่น,มีที่จอดรถส่วนกลาง / เช่า,"35,001-50,000 บาท","ไม่มี (หากตอบ ""ไม่มี"" ให้ข้ามไปตอบตอนที่ 3)",,,,,,"ราคา, ค่าไฟฟ้า, รูปลักษณ์ / ดีไซน์","มากกว่า 1,500,000 บาท","เพื่อใช้ในการค้าขาย, เพื่อความสะดวกในการเดินทาง",มีแนวโน้มที่จะซื้อ,รถยนต์ไฟฟ้า (EV),"ราคาซื้อเริ่มต้น, ค่าบำรุงรักษา",4,4,5,5,5,5,4,4,5,5,5,4,4,3,5,4,4,5,4,4,4
"26/7/2026, 14:12:58",ชาย,20-23 ปี,มากกว่า 3 คน,ปริญญาตรี,พนักงานเอกชน,1-2 คน,ทาวน์โฮม / ทาวเฮาท์,เช่า,ไม่มีที่จอดรถ,"25,001-35,000 บาท","ไม่มี (หากตอบ ""ไม่มี"" ให้ข้ามไปตอบตอนที่ 3)",,,,,,แบรนด์,"500,001-800,000 บาท",เพื่อความสะดวกในการเดินทาง,มีแนวโน้มที่จะซื้อ,รถยนต์ไฮบริด (Hybrid),"ราคาซื้อเริ่มต้น, ประหยัดค่าเชื้อเพลิง, ค่าบำรุงรักษา",4,5,3,5,4,4,5,2,4,5,5,5,5,5,5,4,4,5,3,5,5
"26/7/2026, 14:12:58",ชาย,20-23 ปี,1 คน,ปริญญาตรี,ค้าขาย,1-2 คน,ทาวน์โฮม / ทาวเฮาท์,เป็นเจ้าของ,ไม่มีที่จอดรถ,"35,001-50,000 บาท","ไม่มี (หากตอบ ""ไม่มี"" ให้ข้ามไปตอบตอนที่ 3)",,,,,,"ราคา, เทคโนโลยีและฟังก์ชันภายในรถ","500,001-800,000 บาท",เพื่อความสะดวกในการเดินทาง,มีแนวโน้มที่จะซื้อ,รถยนต์ไฮบริด (Hybrid),"ประหยัดค่าเชื้อเพลิง, ค่าบำรุงรักษา",4,3,5,3,4,5,4,4,3,4,5,5,4,5,2,5,4,5,5,5,5
"26/7/2026, 14:12:59",หญิง,20-23 ปี,3 คน,ปวช. / ปวส.,นักเรียน / นักศึกษา,3-4 คน,ทาวน์โฮม / ทาวเฮาท์,เช่า,มีที่จอดรถส่วนตัว,"ต่ำกว่า 15,000 บาท",มี,ขับนอกเมือง,1-2 วัน / สัปดาห์,น้อยกว่า 10 กิโลเมตร,อายุการใช้งาน,รถยนต์สันดาป (ดีเซล / เบนซิน),"ความสามารถในการผ่อนชำระ, ค่าไฟฟ้า","1,200,000-1,500,000 บาท",เพื่อความสะดวกในการเดินทาง,มีแนวโน้มที่จะซื้อ,รถยนต์ไฮบริด (Hybrid),ความสะดวกในการใช้งาน,5,4,5,5,3,4,5,5,5,4,4,4,5,5,4,4,4,5,5,4,5
"26/7/2026, 14:13:00",ชาย,20-23 ปี,3 คน,ปริญญาตรี,พนักงานเอกชน,3-4 คน,ทาวน์โฮม / ทาวเฮาท์,เป็นเจ้าของ,มีที่จอดรถส่วนตัว,"50,001-75,000 บาท","ไม่มี (หากตอบ ""ไม่มี"" ให้ข้ามไปตอบตอนที่ 3)",,,,,,"ราคา, ความคุ้มค่าโดยรวม","ต่ำกว่า 500,000 บาท",เพื่อความสะดวกในการเดินทาง,มีแนวโน้มที่จะซื้อ,รถยนต์ไฮบริด (Hybrid),"ราคาซื้อเริ่มต้น, ค่าบำรุงรักษา",4,5,4,4,1,4,5,5,3,4,5,3,3,3,5,5,3,4,5,5,4
"26/7/2026, 14:13:01",ชาย,51-60 ปี,1 คน,ม.6,ค้าขาย,1-2 คน,บ้านเดี่ยว / บ้านแฝด,เป็นเจ้าของ,มีที่จอดรถส่วนกลาง / เช่า,"15,001-25,000 บาท","ไม่มี (หากตอบ ""ไม่มี"" ให้ข้ามไปตอบตอนที่ 3)",,,,,,แบรนด์,"500,001-800,000 บาท",เพื่อความสะดวกในการเดินทาง,มีแนวโน้มที่จะซื้อ,รถยนต์ไฮบริด (Hybrid),"ราคาซื้อเริ่มต้น, ค่าบำรุงรักษา",4,4,5,5,4,5,5,4,5,5,4,4,4,5,5,5,4,3,5,5,5
"26/7/2026, 14:13:02",ชาย,20-23 ปี,มากกว่า 3 คน,ม.6,พนักงานเอกชน,1-2 คน,บ้านเดี่ยว / บ้านแฝด,เป็นเจ้าของ,มีที่จอดรถส่วนกลาง / เช่า,"35,001-50,000 บาท",มี,ขับทั้งในเมืองและนอกเมือง,ใช้เป็นครั้งคราว,10-30 กิโลเมตร,"ปั๊มน้ำมัน / สถานีชาร์จ, อายุการใช้งาน",รถยนต์ไฮบริด (Hybrid),ราคา,"500,001-800,000 บาท",เพื่อความสะดวกในการเดินทาง,ยังไม่มีแนวโน้มที่จะซื้อ,รถยนต์ไฟฟ้า (EV),ค่าบำรุงรักษา,5,5,5,4,5,4,5,5,5,4,5,5,3,4,5,4,4,2,5,5,4
"26/7/2026, 14:13:03",หญิง,20-23 ปี,1 คน,ปริญญาตรี,อาชีพอิสระ,3-4 คน,บ้านเดี่ยว / บ้านแฝด,เช่า,มีที่จอดรถส่วนตัว,"ต่ำกว่า 15,000 บาท",มี,ขับในเมือง,1-2 วัน / สัปดาห์,10-30 กิโลเมตร,ค่าใช้จ่ายในการซ่อมบำรุง,รถยนต์สันดาป (ดีเซล / เบนซิน),"ราคา, ความสามารถในการผ่อนชำระ, รูปลักษณ์ / ดีไซน์","ต่ำกว่า 500,000 บาท",เพื่อความสะดวกในการเดินทาง,มีแนวโน้มที่จะซื้อ,รถยนต์ไฟฟ้า (EV),"ราคาซื้อเริ่มต้น, เป็นมิตรต่อสิ่งแวดล้อม",5,3,4,5,2,5,3,2,5,5,5,5,3,3,5,3,5,3,3,4,5
"26/7/2026, 14:13:04",หญิง,20-23 ปี,3 คน,ปริญญาตรี,นักเรียน / นักศึกษา,5 คนขึ้นไป,ทาวน์โฮม / ทาวเฮาท์,เช่า,ไม่มีที่จอดรถ,"15,001-25,000 บาท","ไม่มี (หากตอบ ""ไม่มี"" ให้ข้ามไปตอบตอนที่ 3)",,,,,,รูปลักษณ์ / ดีไซน์,"ต่ำกว่า 500,000 บาท","เพื่อใช้ในการค้าขาย, เพื่อความสะดวกในการเดินทาง",มีแนวโน้มที่จะซื้อ,รถยนต์ไฮบริด (Hybrid),"ราคาซื้อเริ่มต้น, ค่าบำรุงรักษา, ความสะดวกในการใช้งาน, เทคโนโลยีและความทันสมัย",4,5,5,5,4,4,4,4,5,3,3,5,5,4,4,4,3,4,5,5,4
"26/7/2026, 14:13:04",ชาย,31-40 ปี,1 คน,ปวช. / ปวส.,พนักงานเอกชน,3-4 คน,ทาวน์โฮม / ทาวเฮาท์,เป็นเจ้าของ,มีที่จอดรถส่วนกลาง / เช่า,"25,001-35,000 บาท","ไม่มี (หากตอบ ""ไม่มี"" ให้ข้ามไปตอบตอนที่ 3)",,,,,,"ราคา, ความสามารถในการผ่อนชำระ, สมรรถนะในการขับขี่, แบรนด์","500,001-800,000 บาท",เพื่อความสะดวกในการเดินทาง,มีแนวโน้มที่จะซื้อ,รถยนต์ไฮบริด (Hybrid),ราคาซื้อเริ่มต้น,3,4,3,4,5,5,4,3,3,5,5,5,5,5,4,5,4,3,5,5,5
"26/7/2026, 14:13:05",ชาย,20-23 ปี,3 คน,ปริญญาตรี,พนักงานเอกชน,1-2 คน,ทาวน์โฮม / ทาวเฮาท์,เป็นเจ้าของ,มีที่จอดรถส่วนกลาง / เช่า,"15,001-25,000 บาท","ไม่มี (หากตอบ ""ไม่มี"" ให้ข้ามไปตอบตอนที่ 3)",,,,,,"ราคา, แบรนด์, ความคุ้มค่าโดยรวม","800,001-1,200,000 บาท",เพื่อความสะดวกในการเดินทาง,มีแนวโน้มที่จะซื้อ,รถยนต์ไฟฟ้า (EV),ค่าบำรุงรักษา,5,4,5,4,4,4,5,4,4,5,5,5,3,5,5,5,5,4,4,5,5
"26/7/2026, 14:13:06",ชาย,20-23 ปี,1 คน,ปริญญาตรี,นักเรียน / นักศึกษา,3-4 คน,ทาวน์โฮม / ทาวเฮาท์,พักอาศัยกับครอบครัว / ผู้อื่น,ไม่มีที่จอดรถ,"15,001-25,000 บาท",มี,ขับนอกเมือง,1-2 วัน / สัปดาห์,10-30 กิโลเมตร,"ราคาน้ำมัน, ศูนย์บริการและอะไหล่",รถยนต์สันดาป (ดีเซล / เบนซิน),"ราคา, ความสามารถในการผ่อนชำระ","800,001-1,200,000 บาท",เพื่อความสะดวกในการเดินทาง,ยังไม่มีแนวโน้มที่จะซื้อ,รถยนต์ไฮบริด (Hybrid),"ราคาซื้อเริ่มต้น, ประหยัดค่าเชื้อเพลิง",4,5,5,4,2,4,4,5,4,5,4,5,4,4,4,5,4,5,3,4,4
"26/7/2026, 14:13:07",ชาย,มากกว่า 60 ปี,1 คน,ม.6,พนักงานเอกชน,1-2 คน,ทาวน์โฮม / ทาวเฮาท์,พักอาศัยกับครอบครัว / ผู้อื่น,มีที่จอดรถส่วนกลาง / เช่า,"35,001-50,000 บาท","ไม่มี (หากตอบ ""ไม่มี"" ให้ข้ามไปตอบตอนที่ 3)",,,,,,แบรนด์,"1,200,000-1,500,000 บาท",เพื่อความสะดวกในการเดินทาง,ยังไม่มีแนวโน้มที่จะซื้อ,รถยนต์ไฟฟ้า (EV),"ราคาซื้อเริ่มต้น, ประหยัดค่าเชื้อเพลิง, เทคโนโลยีและความทันสมัย",5,4,5,5,5,5,5,5,4,5,4,3,4,4,5,3,4,4,4,4,5
"26/7/2026, 14:13:08",ชาย,20-23 ปี,มากกว่า 3 คน,ปริญญาโท,พนักงานเอกชน,5 คนขึ้นไป,ทาวน์โฮม / ทาวเฮาท์,พักอาศัยกับครอบครัว / ผู้อื่น,ไม่มีที่จอดรถ,"50,001-75,000 บาท",มี,ขับในเมือง,1-2 วัน / สัปดาห์,น้อยกว่า 10 กิโลเมตร,"ศูนย์บริการและอะไหล่, อายุการใช้งาน, มูลค่าการขายต่อ","รถยนต์สันดาป (ดีเซล / เบนซิน), รถยนต์ไฮบริด (Hybrid)",ราคา,"500,001-800,000 บาท",เพื่อความสะดวกในการเดินทาง,มีแนวโน้มที่จะซื้อ,รถยนต์สันดาป (ดีเซล / เบนซิน),"ราคาซื้อเริ่มต้น, เป็นมิตรต่อสิ่งแวดล้อม, เทคโนโลยีและความทันสมัย",4,4,5,3,5,4,3,4,5,4,5,4,5,4,5,3,3,4,4,4,3
"26/7/2026, 14:13:09",ชาย,24-26 ปี,3 คน,ปวช. / ปวส.,พนักงานเอกชน,1-2 คน,ทาวน์โฮม / ทาวเฮาท์,เป็นเจ้าของ,มีที่จอดรถส่วนกลาง / เช่า,"15,001-25,000 บาท","ไม่มี (หากตอบ ""ไม่มี"" ให้ข้ามไปตอบตอนที่ 3)",,,,,,ราคา,"500,001-800,000 บาท","เพื่อใช้ในการเดินทางไปทำงาน, เพื่อความสะดวกในการเดินทาง",มีแนวโน้มที่จะซื้อ,รถยนต์ไฮบริด (Hybrid),"ค่าบำรุงรักษา, เทคโนโลยีและความทันสมัย",5,5,5,5,5,5,4,5,5,4,5,5,4,3,3,5,5,5,4,5,4
"26/7/2026, 14:13:10",หญิง,20-23 ปี,1 คน,ม.6,พนักงานเอกชน,3-4 คน,ทาวน์โฮม / ทาวเฮาท์,พักอาศัยกับครอบครัว / ผู้อื่น,มีที่จอดรถส่วนกลาง / เช่า,"มากกว่า 75,000","ไม่มี (หากตอบ ""ไม่มี"" ให้ข้ามไปตอบตอนที่ 3)",,,,,,ราคา,"ต่ำกว่า 500,000 บาท",เพื่อความสะดวกในการเดินทาง,มีแนวโน้มที่จะซื้อ,รถยนต์ไฮบริด (Hybrid),ราคาซื้อเริ่มต้น,5,5,5,5,5,5,3,4,4,5,4,4,5,4,5,5,4,4,3,5,3
"26/7/2026, 14:13:11",ชาย,51-60 ปี,1 คน,ปวช. / ปวส.,ค้าขาย,1-2 คน,ทาวน์โฮม / ทาวเฮาท์,พักอาศัยกับครอบครัว / ผู้อื่น,มีที่จอดรถส่วนตัว,"ต่ำกว่า 15,000 บาท",มี,ขับนอกเมือง,5-6 วัน / สัปดาห์,10-30 กิโลเมตร,"อายุการใช้งาน, ค่าใช้จ่ายในการซ่อมบำรุง",รถยนต์สันดาป (ดีเซล / เบนซิน),"ความสามารถในการผ่อนชำระ, ค่าซ่อมบำรุง, เทคโนโลยีและฟังก์ชันภายในรถ","500,001-800,000 บาท",เพื่อความสะดวกในการเดินทาง,มีแนวโน้มที่จะซื้อ,รถยนต์ไฮบริด (Hybrid),"ประหยัดค่าเชื้อเพลิง, ค่าบำรุงรักษา, เทคโนโลยีและความทันสมัย",4,4,4,4,5,5,5,4,5,4,3,4,5,5,4,5,5,5,4,4,4
"26/7/2026, 14:13:12",หญิง,51-60 ปี,1 คน,ปริญญาเอก,ข้าราชการ,3-4 คน,ทาวน์โฮม / ทาวเฮาท์,เป็นเจ้าของ,มีที่จอดรถส่วนกลาง / เช่า,"50,001-75,000 บาท",มี,ขับนอกเมือง,5-6 วัน / สัปดาห์,น้อยกว่า 10 กิโลเมตร,"ราคาน้ำมัน, ศูนย์บริการและอะไหล่, อายุการใช้งาน","รถยนต์สันดาป (ดีเซล / เบนซิน), รถยนต์ไฮบริด (Hybrid)","ความสามารถในการผ่อนชำระ, ค่าซ่อมบำรุง","ต่ำกว่า 500,000 บาท",เพื่อความสะดวกในการเดินทาง,ยังไม่มีแนวโน้มที่จะซื้อ,รถยนต์ไฟฟ้า (EV),"ราคาซื้อเริ่มต้น, ประหยัดค่าเชื้อเพลิง, เทคโนโลยีและความทันสมัย",5,3,3,4,5,5,5,5,5,4,5,5,5,4,4,5,4,4,4,5,5
"26/7/2026, 14:13:12",ชาย,20-23 ปี,1 คน,ปริญญาตรี,นักเรียน / นักศึกษา,1-2 คน,บ้านเดี่ยว / บ้านแฝด,เช่า,มีที่จอดรถส่วนกลาง / เช่า,"ต่ำกว่า 15,000 บาท","ไม่มี (หากตอบ ""ไม่มี"" ให้ข้ามไปตอบตอนที่ 3)",,,,,,"รูปลักษณ์ / ดีไซน์, การรับประกันและบริการหลังการขาย","500,001-800,000 บาท",เพื่อความสะดวกในการเดินทาง,มีแนวโน้มที่จะซื้อ,รถยนต์ไฮบริด (Hybrid),"ราคาซื้อเริ่มต้น, ประหยัดค่าเชื้อเพลิง, ค่าบำรุงรักษา, ความสะดวกในการใช้งาน",4,4,4,4,5,3,4,5,4,5,5,5,4,3,5,5,4,5,4,5,5
"26/7/2026, 14:13:13",ชาย,20-23 ปี,1 คน,ปริญญาตรี,นักเรียน / นักศึกษา,1-2 คน,ทาวน์โฮม / ทาวเฮาท์,พักอาศัยกับครอบครัว / ผู้อื่น,มีที่จอดรถส่วนกลาง / เช่า,"15,001-25,000 บาท","ไม่มี (หากตอบ ""ไม่มี"" ให้ข้ามไปตอบตอนที่ 3)",,,,,,ความสามารถในการผ่อนชำระ,"มากกว่า 1,500,000 บาท","เพื่อใช้ในการเดินทางไปทำงาน, เพื่อความสะดวกในการเดินทาง",มีแนวโน้มที่จะซื้อ,รถยนต์ไฮบริด (Hybrid),เทคโนโลยีและความทันสมัย,5,5,4,4,5,4,4,4,5,4,4,5,3,4,5,3,3,5,4,2,5
"26/7/2026, 14:13:14",หญิง,51-60 ปี,1 คน,ปริญญาโท,ค้าขาย,3-4 คน,บ้านเดี่ยว / บ้านแฝด,เป็นเจ้าของ,ไม่มีที่จอดรถ,"15,001-25,000 บาท",มี,ขับทั้งในเมืองและนอกเมือง,3-4 วัน / สัปดาห์,น้อยกว่า 10 กิโลเมตร,ราคาน้ำมัน,รถยนต์สันดาป (ดีเซล / เบนซิน),ราคา,"ต่ำกว่า 500,000 บาท",เพื่อใช้ในการค้าขาย,ยังไม่มีแนวโน้มที่จะซื้อ,รถยนต์ไฮบริด (Hybrid),"ราคาซื้อเริ่มต้น, ค่าบำรุงรักษา, ความสะดวกในการใช้งาน, เทคโนโลยีและความทันสมัย",5,5,5,5,4,3,4,5,5,5,4,4,5,5,4,4,4,5,4,4,4
"26/7/2026, 14:13:15",ชาย,20-23 ปี,2 คน,ปริญญาตรี,พนักงานเอกชน,3-4 คน,ทาวน์โฮม / ทาวเฮาท์,เช่า,มีที่จอดรถส่วนกลาง / เช่า,"15,001-25,000 บาท",มี,ขับนอกเมือง,ใช้งานทุกวัน,51-70 กิโลเมตร,ค่าใช้จ่ายในการซ่อมบำรุง,รถยนต์สันดาป (ดีเซล / เบนซิน),ความสามารถในการผ่อนชำระ,"ต่ำกว่า 500,000 บาท",เพื่อใช้ในการค้าขาย,มีแนวโน้มที่จะซื้อ,รถยนต์สันดาป (ดีเซล / เบนซิน),"ราคาซื้อเริ่มต้น, ค่าบำรุงรักษา",4,5,5,4,5,5,3,4,5,5,2,5,3,5,4,5,4,5,4,4,4
"26/7/2026, 14:13:16",ชาย,20-23 ปี,1 คน,ปริญญาตรี,อาชีพอิสระ,3-4 คน,ทาวน์โฮม / ทาวเฮาท์,เช่า,ไม่มีที่จอดรถ,"15,001-25,000 บาท",มี,ขับนอกเมือง,ใช้งานทุกวัน,10-30 กิโลเมตร,"ราคาน้ำมัน, อายุการใช้งาน","รถยนต์สันดาป (ดีเซล / เบนซิน), รถยนต์ไฮบริด (Hybrid), รถยนต์ไฟฟ้า (EV)",แบรนด์,"500,001-800,000 บาท",เพื่อความสะดวกในการเดินทาง,มีแนวโน้มที่จะซื้อ,รถยนต์ไฮบริด (Hybrid),เทคโนโลยีและความทันสมัย,5,2,4,5,5,3,5,4,5,3,5,5,5,5,5,4,4,5,4,4,5
"26/7/2026, 14:13:17",ชาย,24-26 ปี,1 คน,ปริญญาโท,อาชีพอิสระ,1-2 คน,บ้านเดี่ยว / บ้านแฝด,เป็นเจ้าของ,มีที่จอดรถส่วนตัว,"ต่ำกว่า 15,000 บาท",มี,ขับนอกเมือง,3-4 วัน / สัปดาห์,น้อยกว่า 10 กิโลเมตร,มูลค่าการขายต่อ,รถยนต์สันดาป (ดีเซล / เบนซิน),สมรรถนะในการขับขี่,"500,001-800,000 บาท","เพื่อใช้ในการค้าขาย, เพื่อความสะดวกในการเดินทาง",มีแนวโน้มที่จะซื้อ,รถยนต์ไฮบริด (Hybrid),ราคาซื้อเริ่มต้น,4,4,4,3,4,3,5,4,5,2,5,4,4,4,5,3,3,5,5,4,4
"26/7/2026, 14:13:18",หญิง,20-23 ปี,1 คน,ปริญญาตรี,อาชีพอิสระ,1-2 คน,ทาวน์โฮม / ทาวเฮาท์,เช่า,มีที่จอดรถส่วนตัว,"25,001-35,000 บาท","ไม่มี (หากตอบ ""ไม่มี"" ให้ข้ามไปตอบตอนที่ 3)",,,,,,"ค่าไฟฟ้า, ค่าซ่อมบำรุง, รูปลักษณ์ / ดีไซน์","500,001-800,000 บาท",เพื่อความสะดวกในการเดินทาง,มีแนวโน้มที่จะซื้อ,รถยนต์ไฮบริด (Hybrid),"ราคาซื้อเริ่มต้น, ประหยัดค่าเชื้อเพลิง",5,4,4,4,5,5,5,4,4,4,4,5,4,4,5,4,4,5,4,5,5
"26/7/2026, 14:13:19",ชาย,20-23 ปี,1 คน,ปริญญาโท,นักเรียน / นักศึกษา,3-4 คน,บ้านเดี่ยว / บ้านแฝด,เป็นเจ้าของ,มีที่จอดรถส่วนตัว,"ต่ำกว่า 15,000 บาท",มี,ขับนอกเมือง,3-4 วัน / สัปดาห์,น้อยกว่า 10 กิโลเมตร,ราคาน้ำมัน,รถยนต์สันดาป (ดีเซล / เบนซิน),ค่าซ่อมบำรุง,"ต่ำกว่า 500,000 บาท",เพื่อใช้ในการเดินทางไปทำงาน,มีแนวโน้มที่จะซื้อ,รถยนต์ไฟฟ้า (EV),"ราคาซื้อเริ่มต้น, เป็นมิตรต่อสิ่งแวดล้อม",5,5,5,5,3,5,3,5,5,3,5,3,4,5,5,4,4,3,5,4,5
"26/7/2026, 14:13:20",หญิง,20-23 ปี,1 คน,ปริญญาตรี,นักเรียน / นักศึกษา,3-4 คน,บ้านเดี่ยว / บ้านแฝด,เป็นเจ้าของ,มีที่จอดรถส่วนตัว,"15,001-25,000 บาท",มี,ขับนอกเมือง,ใช้งานทุกวัน,10-30 กิโลเมตร,"ศูนย์บริการและอะไหล่, อายุการใช้งาน, ค่าใช้จ่ายในการซ่อมบำรุง, มูลค่าการขายต่อ","รถยนต์สันดาป (ดีเซล / เบนซิน), รถยนต์ไฮบริด (Hybrid)","แบรนด์, ความคุ้มค่าโดยรวม","500,001-800,000 บาท",เพื่อความสะดวกในการเดินทาง,มีแนวโน้มที่จะซื้อ,รถยนต์ไฟฟ้า (EV),"ราคาซื้อเริ่มต้น, ค่าบำรุงรักษา",5,5,4,4,5,4,5,5,4,5,5,4,3,2,3,5,4,4,4,3,5
"26/7/2026, 14:13:21",หญิง,20-23 ปี,1 คน,ปริญญาตรี,นักเรียน / นักศึกษา,3-4 คน,ทาวน์โฮม / ทาวเฮาท์,เช่า,มีที่จอดรถส่วนกลาง / เช่า,"ต่ำกว่า 15,000 บาท","ไม่มี (หากตอบ ""ไม่มี"" ให้ข้ามไปตอบตอนที่ 3)",,,,,,รูปลักษณ์ / ดีไซน์,"ต่ำกว่า 500,000 บาท",เพื่อความสะดวกในการเดินทาง,มีแนวโน้มที่จะซื้อ,รถยนต์สันดาป (ดีเซล / เบนซิน),"ราคาซื้อเริ่มต้น, ประหยัดค่าเชื้อเพลิง, ค่าบำรุงรักษา, ความสะดวกในการใช้งาน",5,3,5,4,5,3,5,5,5,5,4,4,5,5,3,5,4,3,5,4,4
"26/7/2026, 14:13:22",ชาย,51-60 ปี,1 คน,ต่ำกว่า ม.3,เจ้าของกิจการ,3-4 คน,ทาวน์โฮม / ทาวเฮาท์,เป็นเจ้าของ,มีที่จอดรถส่วนกลาง / เช่า,"35,001-50,000 บาท",มี,ขับนอกเมือง,1-2 วัน / สัปดาห์,71-90 กิโลเมตร,"ค่าใช้จ่ายในการซ่อมบำรุง, มูลค่าการขายต่อ","รถยนต์สันดาป (ดีเซล / เบนซิน), รถยนต์ไฮบริด (Hybrid)",ความคุ้มค่าโดยรวม,"1,200,000-1,500,000 บาท","เพื่อใช้ในการเดินทางไปทำงาน, เพื่อความสะดวกในการเดินทาง",มีแนวโน้มที่จะซื้อ,รถยนต์ไฟฟ้า (EV),ราคาซื้อเริ่มต้น,5,5,4,4,4,5,4,3,3,4,5,4,4,3,4,3,5,5,5,5,5
"26/7/2026, 14:13:22",ชาย,20-23 ปี,1 คน,ปริญญาตรี,พนักงานเอกชน,1-2 คน,ทาวน์โฮม / ทาวเฮาท์,พักอาศัยกับครอบครัว / ผู้อื่น,มีที่จอดรถส่วนกลาง / เช่า,"35,001-50,000 บาท",มี,ขับในเมือง,1-2 วัน / สัปดาห์,10-30 กิโลเมตร,"ศูนย์บริการและอะไหล่, อายุการใช้งาน, มูลค่าการขายต่อ",รถยนต์สันดาป (ดีเซล / เบนซิน),สมรรถนะในการขับขี่,"มากกว่า 1,500,000 บาท",เพื่อความสะดวกในการเดินทาง,มีแนวโน้มที่จะซื้อ,รถยนต์สันดาป (ดีเซล / เบนซิน),ค่าบำรุงรักษา,5,5,3,5,5,5,4,4,5,4,5,4,3,5,5,2,4,5,4,4,4
"26/7/2026, 14:13:23",ชาย,31-40 ปี,1 คน,ปริญญาตรี,อาชีพอิสระ,1-2 คน,ทาวน์โฮม / ทาวเฮาท์,เป็นเจ้าของ,มีที่จอดรถส่วนกลาง / เช่า,"15,001-25,000 บาท","ไม่มี (หากตอบ ""ไม่มี"" ให้ข้ามไปตอบตอนที่ 3)",,,,,,ราคา,"ต่ำกว่า 500,000 บาท","เพื่อใช้ในการเดินทางไปทำงาน, เพื่อความสะดวกในการเดินทาง",มีแนวโน้มที่จะซื้อ,รถยนต์สันดาป (ดีเซล / เบนซิน),"ราคาซื้อเริ่มต้น, ประหยัดค่าเชื้อเพลิง, ค่าบำรุงรักษา, ความสะดวกในการใช้งาน",4,5,5,5,4,4,5,4,4,5,5,4,4,4,4,4,5,5,5,5,4
"26/7/2026, 14:13:24",ชาย,24-26 ปี,3 คน,ปริญญาตรี,พนักงานเอกชน,3-4 คน,ทาวน์โฮม / ทาวเฮาท์,เป็นเจ้าของ,ไม่มีที่จอดรถ,"15,001-25,000 บาท",มี,ขับนอกเมือง,5-6 วัน / สัปดาห์,น้อยกว่า 10 กิโลเมตร,"ราคาน้ำมัน, ค่าใช้จ่ายในการซ่อมบำรุง",รถยนต์ไฮบริด (Hybrid),ราคา,"500,001-800,000 บาท",เพื่อความสะดวกในการเดินทาง,ยังไม่มีแนวโน้มที่จะซื้อ,รถยนต์ไฮบริด (Hybrid),"ความสะดวกในการใช้งาน, เทคโนโลยีและความทันสมัย",5,3,4,4,5,5,5,4,4,5,4,5,5,4,4,4,5,3,3,4,4
"26/7/2026, 14:13:25",ชาย,51-60 ปี,1 คน,ปริญญาตรี,รัฐวิสาหกิจ,3-4 คน,บ้านเดี่ยว / บ้านแฝด,เช่า,มีที่จอดรถส่วนกลาง / เช่า,"35,001-50,000 บาท","ไม่มี (หากตอบ ""ไม่มี"" ให้ข้ามไปตอบตอนที่ 3)",,,,,,ความคุ้มค่าโดยรวม,"500,001-800,000 บาท",เพื่อความสะดวกในการเดินทาง,มีแนวโน้มที่จะซื้อ,รถยนต์ไฟฟ้า (EV),"ราคาซื้อเริ่มต้น, ค่าบำรุงรักษา",5,5,5,4,5,4,5,4,3,5,4,3,5,5,3,5,4,4,4,4,4
"26/7/2026, 14:13:26",ชาย,20-23 ปี,1 คน,ปริญญาตรี,นักเรียน / นักศึกษา,3-4 คน,ทาวน์โฮม / ทาวเฮาท์,พักอาศัยกับครอบครัว / ผู้อื่น,มีที่จอดรถส่วนกลาง / เช่า,"ต่ำกว่า 15,000 บาท",มี,ขับนอกเมือง,5-6 วัน / สัปดาห์,31-50 กิโลเมตร,อายุการใช้งาน,รถยนต์สันดาป (ดีเซล / เบนซิน),ราคา,"1,200,000-1,500,000 บาท",เพื่อความสะดวกในการเดินทาง,มีแนวโน้มที่จะซื้อ,รถยนต์สันดาป (ดีเซล / เบนซิน),ความสะดวกในการใช้งาน,4,4,3,4,5,4,4,3,4,2,4,5,5,4,5,5,5,4,5,5,5
"26/7/2026, 14:13:27",หญิง,20-23 ปี,1 คน,ปวช. / ปวส.,พนักงานเอกชน,3-4 คน,ทาวน์โฮม / ทาวเฮาท์,เป็นเจ้าของ,ไม่มีที่จอดรถ,"50,001-75,000 บาท",มี,ขับนอกเมือง,3-4 วัน / สัปดาห์,น้อยกว่า 10 กิโลเมตร,"ปั๊มน้ำมัน / สถานีชาร์จ, อายุการใช้งาน","รถยนต์สันดาป (ดีเซล / เบนซิน), รถยนต์ไฮบริด (Hybrid)","ราคา, รูปลักษณ์ / ดีไซน์","500,001-800,000 บาท","เพื่อใช้ในการเดินทางไปทำงาน, เพื่อความสะดวกในการเดินทาง",มีแนวโน้มที่จะซื้อ,รถยนต์ไฮบริด (Hybrid),ราคาซื้อเริ่มต้น,4,4,4,5,5,3,5,5,3,5,5,5,4,4,5,5,5,5,4,5,5
"26/7/2026, 14:13:28",หญิง,31-40 ปี,1 คน,ปวช. / ปวส.,พนักงานเอกชน,3-4 คน,บ้านเดี่ยว / บ้านแฝด,พักอาศัยกับครอบครัว / ผู้อื่น,ไม่มีที่จอดรถ,"25,001-35,000 บาท","ไม่มี (หากตอบ ""ไม่มี"" ให้ข้ามไปตอบตอนที่ 3)",,,,,,"ราคา, ค่าไฟฟ้า","1,200,000-1,500,000 บาท","เพื่อใช้ในการเดินทางไปทำงาน, เพื่อความสะดวกในการเดินทาง",มีแนวโน้มที่จะซื้อ,รถยนต์ไฮบริด (Hybrid),ราคาซื้อเริ่มต้น,5,5,4,5,5,5,4,5,3,4,5,5,5,3,3,4,4,4,5,3,5
"26/7/2026, 14:13:29",ชาย,20-23 ปี,1 คน,ปริญญาตรี,พนักงานเอกชน,3-4 คน,ทาวน์โฮม / ทาวเฮาท์,เช่า,มีที่จอดรถส่วนกลาง / เช่า,"15,001-25,000 บาท","ไม่มี (หากตอบ ""ไม่มี"" ให้ข้ามไปตอบตอนที่ 3)",,,,,,ราคา,"500,001-800,000 บาท",เพื่อความสะดวกในการเดินทาง,มีแนวโน้มที่จะซื้อ,รถยนต์ไฮบริด (Hybrid),"ค่าบำรุงรักษา, ความสะดวกในการใช้งาน",5,4,4,4,4,4,4,3,4,5,4,4,4,4,5,3,4,5,5,5,3
"26/7/2026, 14:13:29",หญิง,20-23 ปี,3 คน,ปริญญาตรี,นักเรียน / นักศึกษา,3-4 คน,ทาวน์โฮม / ทาวเฮาท์,เป็นเจ้าของ,มีที่จอดรถส่วนกลาง / เช่า,"35,001-50,000 บาท","ไม่มี (หากตอบ ""ไม่มี"" ให้ข้ามไปตอบตอนที่ 3)",,,,,,"ราคา, ค่าซ่อมบำรุง","500,001-800,000 บาท","เพื่อใช้ในการเดินทางไปทำงาน, เพื่อความสะดวกในการเดินทาง, เพื่อหลีกเลี่ยงปัญหาจากระบบการขนส่งมวลชน",ยังไม่มีแนวโน้มที่จะซื้อ,รถยนต์ไฟฟ้า (EV),"ราคาซื้อเริ่มต้น, ค่าบำรุงรักษา, เป็นมิตรต่อสิ่งแวดล้อม, เทคโนโลยีและความทันสมัย",4,3,5,4,4,5,5,5,4,4,3,4,5,5,3,4,3,3,5,3,4
"26/7/2026, 14:13:30",หญิง,24-26 ปี,3 คน,ปริญญาตรี,ข้าราชการ,3-4 คน,บ้านเดี่ยว / บ้านแฝด,เป็นเจ้าของ,มีที่จอดรถส่วนกลาง / เช่า,"35,001-50,000 บาท","ไม่มี (หากตอบ ""ไม่มี"" ให้ข้ามไปตอบตอนที่ 3)",,,,,,"ความสามารถในการผ่อนชำระ, เทคโนโลยีและฟังก์ชันภายในรถ","500,001-800,000 บาท",เพื่อความสะดวกในการเดินทาง,ยังไม่มีแนวโน้มที่จะซื้อ,รถยนต์ไฟฟ้า (EV),ราคาซื้อเริ่มต้น,4,3,5,3,5,5,5,5,5,4,4,4,3,5,5,4,5,4,4,5,4
"26/7/2026, 14:13:31",ชาย,20-23 ปี,1 คน,ปริญญาตรี,นักเรียน / นักศึกษา,1-2 คน,ทาวน์โฮม / ทาวเฮาท์,พักอาศัยกับครอบครัว / ผู้อื่น,มีที่จอดรถส่วนกลาง / เช่า,"15,001-25,000 บาท",มี,ขับทั้งในเมืองและนอกเมือง,5-6 วัน / สัปดาห์,น้อยกว่า 10 กิโลเมตร,"ปั๊มน้ำมัน / สถานีชาร์จ, ค่าใช้จ่ายในการซ่อมบำรุง, มูลค่าการขายต่อ","รถยนต์สันดาป (ดีเซล / เบนซิน), รถยนต์ไฮบริด (Hybrid)","ราคา, ความสามารถในการผ่อนชำระ, รูปลักษณ์ / ดีไซน์","ต่ำกว่า 500,000 บาท","เพื่อใช้ในการเดินทางไปทำงาน, เพื่อใช้ในการเดินทางท่องเที่ยว, เพื่อความสะดวกในการเดินทาง",มีแนวโน้มที่จะซื้อ,รถยนต์ไฮบริด (Hybrid),"ราคาซื้อเริ่มต้น, ค่าบำรุงรักษา",4,5,4,5,4,4,5,5,5,4,4,4,5,4,5,5,5,5,5,3,5
"26/7/2026, 14:13:32",ชาย,มากกว่า 60 ปี,3 คน,ต่ำกว่า ม.3,เจ้าของกิจการ,1-2 คน,บ้านเดี่ยว / บ้านแฝด,เป็นเจ้าของ,มีที่จอดรถส่วนกลาง / เช่า,"15,001-25,000 บาท","ไม่มี (หากตอบ ""ไม่มี"" ให้ข้ามไปตอบตอนที่ 3)",,,,,,"ราคา, ค่าซ่อมบำรุง, รูปลักษณ์ / ดีไซน์, แบรนด์","1,200,000-1,500,000 บาท",เพื่อความสะดวกในการเดินทาง,มีแนวโน้มที่จะซื้อ,รถยนต์ไฟฟ้า (EV),"ค่าบำรุงรักษา, เป็นมิตรต่อสิ่งแวดล้อม",5,5,4,5,5,4,4,5,4,4,4,5,4,4,5,5,3,4,4,5,4
"26/7/2026, 14:13:33",ชาย,51-60 ปี,2 คน,ปริญญาตรี,ข้าราชการ,3-4 คน,บ้านเดี่ยว / บ้านแฝด,เป็นเจ้าของ,มีที่จอดรถส่วนกลาง / เช่า,"50,001-75,000 บาท","ไม่มี (หากตอบ ""ไม่มี"" ให้ข้ามไปตอบตอนที่ 3)",,,,,,"ความสามารถในการผ่อนชำระ, รูปลักษณ์ / ดีไซน์, แบรนด์","ต่ำกว่า 500,000 บาท",เพื่อความสะดวกในการเดินทาง,มีแนวโน้มที่จะซื้อ,รถยนต์ไฟฟ้า (EV),"ประหยัดค่าเชื้อเพลิง, ความสะดวกในการใช้งาน",5,5,5,4,5,5,5,5,3,5,5,4,5,5,3,5,5,4,4,4,3
"26/7/2026, 14:13:34",ชาย,51-60 ปี,1 คน,ม.6,ค้าขาย,1-2 คน,ทาวน์โฮม / ทาวเฮาท์,เป็นเจ้าของ,มีที่จอดรถส่วนกลาง / เช่า,"35,001-50,000 บาท",มี,ขับนอกเมือง,5-6 วัน / สัปดาห์,31-50 กิโลเมตร,อายุการใช้งาน,รถยนต์ไฮบริด (Hybrid),ความคุ้มค่าโดยรวม,"1,200,000-1,500,000 บาท","เพื่อใช้ในการเดินทางไปทำงาน, เพื่อความสะดวกในการเดินทาง",มีแนวโน้มที่จะซื้อ,รถยนต์ไฮบริด (Hybrid),ราคาซื้อเริ่มต้น,4,4,3,5,4,5,5,4,4,3,5,5,5,5,4,4,4,5,4,3,4
"26/7/2026, 14:13:35",ชาย,20-23 ปี,1 คน,ปริญญาตรี,พนักงานเอกชน,3-4 คน,ทาวน์โฮม / ทาวเฮาท์,เช่า,ไม่มีที่จอดรถ,"50,001-75,000 บาท",มี,ขับนอกเมือง,1-2 วัน / สัปดาห์,น้อยกว่า 10 กิโลเมตร,ราคาน้ำมัน,รถยนต์สันดาป (ดีเซล / เบนซิน),"ราคา, เทคโนโลยีและฟังก์ชันภายในรถ","500,001-800,000 บาท",เพื่อความสะดวกในการเดินทาง,มีแนวโน้มที่จะซื้อ,รถยนต์ไฟฟ้า (EV),"ประหยัดค่าเชื้อเพลิง, ค่าบำรุงรักษา",5,5,5,5,4,5,5,5,4,5,5,4,3,4,4,4,4,5,4,4,4
"26/7/2026, 14:13:36",ชาย,51-60 ปี,1 คน,ม.6,เจ้าของกิจการ,3-4 คน,ทาวน์โฮม / ทาวเฮาท์,เช่า,มีที่จอดรถส่วนกลาง / เช่า,"15,001-25,000 บาท","ไม่มี (หากตอบ ""ไม่มี"" ให้ข้ามไปตอบตอนที่ 3)",,,,,,"ราคา, ความสามารถในการผ่อนชำระ, ค่าซ่อมบำรุง","500,001-800,000 บาท","เพื่อใช้ในการเดินทางท่องเที่ยว, เพื่อความสะดวกในการเดินทาง",ยังไม่มีแนวโน้มที่จะซื้อ,รถยนต์ไฮบริด (Hybrid),"ราคาซื้อเริ่มต้น, ความสะดวกในการใช้งาน, เป็นมิตรต่อสิ่งแวดล้อม, เทคโนโลยีและความทันสมัย",5,4,5,4,4,4,5,5,4,4,4,5,5,4,5,5,5,4,4,4,3
"26/7/2026, 14:13:36",ชาย,20-23 ปี,1 คน,ปริญญาตรี,รัฐวิสาหกิจ,1-2 คน,ทาวน์โฮม / ทาวเฮาท์,เช่า,มีที่จอดรถส่วนกลาง / เช่า,"ต่ำกว่า 15,000 บาท","ไม่มี (หากตอบ ""ไม่มี"" ให้ข้ามไปตอบตอนที่ 3)",,,,,,"ค่าซ่อมบำรุง, รูปลักษณ์ / ดีไซน์","500,001-800,000 บาท",เพื่อความสะดวกในการเดินทาง,มีแนวโน้มที่จะซื้อ,รถยนต์ไฮบริด (Hybrid),"ราคาซื้อเริ่มต้น, ค่าบำรุงรักษา, เทคโนโลยีและความทันสมัย",4,5,5,4,3,4,5,4,5,3,5,4,5,3,3,4,3,5,5,5,5
"26/7/2026, 14:13:37",ชาย,24-26 ปี,1 คน,ปริญญาตรี,ค้าขาย,3-4 คน,ทาวน์โฮม / ทาวเฮาท์,เช่า,มีที่จอดรถส่วนตัว,"มากกว่า 75,000",มี,ขับนอกเมือง,5-6 วัน / สัปดาห์,31-50 กิโลเมตร,"ราคาน้ำมัน, ศูนย์บริการและอะไหล่","รถยนต์สันดาป (ดีเซล / เบนซิน), รถยนต์ไฮบริด (Hybrid)",ราคา,"500,001-800,000 บาท","เพื่อใช้ในการเดินทางไปทำงาน, เพื่อความสะดวกในการเดินทาง",มีแนวโน้มที่จะซื้อ,รถยนต์ไฟฟ้า (EV),"ราคาซื้อเริ่มต้น, ประหยัดค่าเชื้อเพลิง, ค่าบำรุงรักษา, ความสะดวกในการใช้งาน, เป็นมิตรต่อสิ่งแวดล้อม",4,4,5,5,4,4,4,3,5,5,5,5,4,5,5,4,3,4,5,5,4
"26/7/2026, 14:13:38",ชาย,20-23 ปี,1 คน,ปริญญาตรี,นักเรียน / นักศึกษา,1-2 คน,บ้านเดี่ยว / บ้านแฝด,เป็นเจ้าของ,มีที่จอดรถส่วนกลาง / เช่า,"ต่ำกว่า 15,000 บาท","ไม่มี (หากตอบ ""ไม่มี"" ให้ข้ามไปตอบตอนที่ 3)",,,,,,"ค่าไฟฟ้า, รูปลักษณ์ / ดีไซน์, แบรนด์","ต่ำกว่า 500,000 บาท",เพื่อความสะดวกในการเดินทาง,มีแนวโน้มที่จะซื้อ,รถยนต์ไฮบริด (Hybrid),"ราคาซื้อเริ่มต้น, ค่าบำรุงรักษา",4,5,5,5,5,4,4,4,3,4,4,5,3,5,3,3,5,5,4,5,5
"26/7/2026, 14:13:39",ชาย,24-26 ปี,1 คน,ปริญญาตรี,เจ้าของกิจการ,1-2 คน,ทาวน์โฮม / ทาวเฮาท์,เป็นเจ้าของ,ไม่มีที่จอดรถ,"มากกว่า 75,000",มี,ขับนอกเมือง,3-4 วัน / สัปดาห์,น้อยกว่า 10 กิโลเมตร,"ราคาน้ำมัน, ค่าใช้จ่ายในการซ่อมบำรุง, มูลค่าการขายต่อ",รถยนต์สันดาป (ดีเซล / เบนซิน),"ความสามารถในการผ่อนชำระ, แบรนด์","ต่ำกว่า 500,000 บาท",เพื่อความสะดวกในการเดินทาง,มีแนวโน้มที่จะซื้อ,รถยนต์สันดาป (ดีเซล / เบนซิน),ราคาซื้อเริ่มต้น,5,5,4,5,4,5,4,4,5,4,5,5,4,5,4,5,4,5,5,4,5
"26/7/2026, 14:13:40",ชาย,20-23 ปี,2 คน,ปริญญาตรี,นักเรียน / นักศึกษา,1-2 คน,ทาวน์โฮม / ทาวเฮาท์,เป็นเจ้าของ,มีที่จอดรถส่วนกลาง / เช่า,"ต่ำกว่า 15,000 บาท",มี,ขับนอกเมือง,ใช้งานทุกวัน,31-50 กิโลเมตร,"ราคาน้ำมัน, ปั๊มน้ำมัน / สถานีชาร์จ, ศูนย์บริการและอะไหล่",รถยนต์สันดาป (ดีเซล / เบนซิน),ราคา,"มากกว่า 1,500,000 บาท",เพื่อความสะดวกในการเดินทาง,มีแนวโน้มที่จะซื้อ,รถยนต์สันดาป (ดีเซล / เบนซิน),ราคาซื้อเริ่มต้น,5,4,5,5,5,5,5,4,5,3,5,5,5,5,4,5,5,5,5,5,4
"26/7/2026, 14:13:41",ชาย,20-23 ปี,1 คน,ปริญญาตรี,นักเรียน / นักศึกษา,3-4 คน,ทาวน์โฮม / ทาวเฮาท์,เช่า,มีที่จอดรถส่วนตัว,"15,001-25,000 บาท","ไม่มี (หากตอบ ""ไม่มี"" ให้ข้ามไปตอบตอนที่ 3)",,,,,,"ความสามารถในการผ่อนชำระ, สมรรถนะในการขับขี่, เทคโนโลยีและฟังก์ชันภายในรถ, การรับประกันและบริการหลังการขาย","800,001-1,200,000 บาท",เพื่อความสะดวกในการเดินทาง,มีแนวโน้มที่จะซื้อ,รถยนต์ไฟฟ้า (EV),"ราคาซื้อเริ่มต้น, เทคโนโลยีและความทันสมัย",3,4,4,4,5,4,5,5,4,5,5,4,4,4,4,5,4,4,5,5,4
"26/7/2026, 14:13:42",ชาย,20-23 ปี,2 คน,ปวช. / ปวส.,นักเรียน / นักศึกษา,1-2 คน,บ้านเดี่ยว / บ้านแฝด,พักอาศัยกับครอบครัว / ผู้อื่น,มีที่จอดรถส่วนกลาง / เช่า,"ต่ำกว่า 15,000 บาท",มี,ขับในเมือง,1-2 วัน / สัปดาห์,31-50 กิโลเมตร,ค่าใช้จ่ายในการซ่อมบำรุง,"รถยนต์สันดาป (ดีเซล / เบนซิน), รถยนต์ไฮบริด (Hybrid)",ราคา,"500,001-800,000 บาท","เพื่อใช้ในการเดินทางไปทำงาน, เพื่อความสะดวกในการเดินทาง",มีแนวโน้มที่จะซื้อ,รถยนต์ไฮบริด (Hybrid),"ราคาซื้อเริ่มต้น, เทคโนโลยีและความทันสมัย",4,4,5,5,5,3,4,4,5,5,4,4,4,4,5,5,4,4,4,5,4
"26/7/2026, 14:13:43",หญิง,20-23 ปี,1 คน,ปวช. / ปวส.,พนักงานเอกชน,3-4 คน,ทาวน์โฮม / ทาวเฮาท์,เป็นเจ้าของ,ไม่มีที่จอดรถ,"15,001-25,000 บาท","ไม่มี (หากตอบ ""ไม่มี"" ให้ข้ามไปตอบตอนที่ 3)",,,,,,"ราคา, ค่าไฟฟ้า","500,001-800,000 บาท","เพื่อใช้ในการเดินทางท่องเที่ยว, เพื่อความสะดวกในการเดินทาง",มีแนวโน้มที่จะซื้อ,รถยนต์สันดาป (ดีเซล / เบนซิน),"ราคาซื้อเริ่มต้น, ประหยัดค่าเชื้อเพลิง, ค่าบำรุงรักษา, เป็นมิตรต่อสิ่งแวดล้อม, เทคโนโลยีและความทันสมัย",5,5,2,4,4,5,3,4,5,5,5,5,4,5,5,5,4,4,4,4,5
"26/7/2026, 14:13:44",หญิง,24-26 ปี,1 คน,ปริญญาโท,รัฐวิสาหกิจ,3-4 คน,ทาวน์โฮม / ทาวเฮาท์,เช่า,ไม่มีที่จอดรถ,"ต่ำกว่า 15,000 บาท",มี,ขับในเมือง,5-6 วัน / สัปดาห์,10-30 กิโลเมตร,"ศูนย์บริการและอะไหล่, อายุการใช้งาน",รถยนต์สันดาป (ดีเซล / เบนซิน),"เทคโนโลยีและฟังก์ชันภายในรถ, ความคุ้มค่าโดยรวม","800,001-1,200,000 บาท","เพื่อใช้ในการเดินทางท่องเที่ยว, เพื่อความสะดวกในการเดินทาง",มีแนวโน้มที่จะซื้อ,รถยนต์ไฟฟ้า (EV),"ราคาซื้อเริ่มต้น, ประหยัดค่าเชื้อเพลิง, ค่าบำรุงรักษา, ความสะดวกในการใช้งาน",5,5,5,4,4,5,4,5,5,5,4,4,5,3,4,3,5,4,5,4,3
"26/7/2026, 14:13:45",หญิง,51-60 ปี,1 คน,ปริญญาตรี,ค้าขาย,1-2 คน,บ้านเดี่ยว / บ้านแฝด,เป็นเจ้าของ,มีที่จอดรถส่วนกลาง / เช่า,"25,001-35,000 บาท",มี,ขับในเมือง,1-2 วัน / สัปดาห์,51-70 กิโลเมตร,"ราคาน้ำมัน, ศูนย์บริการและอะไหล่, มูลค่าการขายต่อ","รถยนต์สันดาป (ดีเซล / เบนซิน), รถยนต์ไฮบริด (Hybrid)","ความสามารถในการผ่อนชำระ, ค่าซ่อมบำรุง, เทคโนโลยีและฟังก์ชันภายในรถ","ต่ำกว่า 500,000 บาท",เพื่อความสะดวกในการเดินทาง,มีแนวโน้มที่จะซื้อ,รถยนต์ไฟฟ้า (EV),ราคาซื้อเริ่มต้น,5,4,4,4,5,5,4,4,5,2,4,3,3,4,5,5,4,4,5,5,5
"26/7/2026, 14:13:45",หญิง,51-60 ปี,1 คน,ปริญญาตรี,เจ้าของกิจการ,3-4 คน,ทาวน์โฮม / ทาวเฮาท์,เช่า,มีที่จอดรถส่วนกลาง / เช่า,"25,001-35,000 บาท",มี,ขับนอกเมือง,3-4 วัน / สัปดาห์,น้อยกว่า 10 กิโลเมตร,อายุการใช้งาน,รถยนต์สันดาป (ดีเซล / เบนซิน),ราคา,"500,001-800,000 บาท",เพื่อความสะดวกในการเดินทาง,มีแนวโน้มที่จะซื้อ,รถยนต์ไฮบริด (Hybrid),ราคาซื้อเริ่มต้น,4,4,4,4,4,5,4,4,3,5,5,4,5,4,4,4,4,5,5,4,4
"26/7/2026, 14:13:46",ชาย,27-30 ปี,2 คน,ปริญญาโท,พนักงานเอกชน,1-2 คน,ทาวน์โฮม / ทาวเฮาท์,เช่า,มีที่จอดรถส่วนกลาง / เช่า,"25,001-35,000 บาท","ไม่มี (หากตอบ ""ไม่มี"" ให้ข้ามไปตอบตอนที่ 3)",,,,,,ราคา,"ต่ำกว่า 500,000 บาท",เพื่อความสะดวกในการเดินทาง,มีแนวโน้มที่จะซื้อ,รถยนต์ไฟฟ้า (EV),ความสะดวกในการใช้งาน,5,3,5,3,5,4,4,5,5,3,5,5,5,4,5,5,5,4,5,3,3
"26/7/2026, 14:13:47",ชาย,51-60 ปี,3 คน,ม.6,ค้าขาย,1-2 คน,ทาวน์โฮม / ทาวเฮาท์,เป็นเจ้าของ,มีที่จอดรถส่วนกลาง / เช่า,"35,001-50,000 บาท","ไม่มี (หากตอบ ""ไม่มี"" ให้ข้ามไปตอบตอนที่ 3)",,,,,,ราคา,"1,200,000-1,500,000 บาท",เพื่อใช้ในการเดินทางท่องเที่ยว,มีแนวโน้มที่จะซื้อ,รถยนต์ไฟฟ้า (EV),ราคาซื้อเริ่มต้น,5,3,5,5,4,5,4,5,5,4,5,5,5,5,4,4,4,5,5,3,5
"26/7/2026, 14:13:48",ชาย,27-30 ปี,1 คน,ปริญญาตรี,รัฐวิสาหกิจ,3-4 คน,ทาวน์โฮม / ทาวเฮาท์,เป็นเจ้าของ,มีที่จอดรถส่วนกลาง / เช่า,"35,001-50,000 บาท",มี,ขับนอกเมือง,5-6 วัน / สัปดาห์,31-50 กิโลเมตร,ศูนย์บริการและอะไหล่,"รถยนต์สันดาป (ดีเซล / เบนซิน), รถยนต์ไฮบริด (Hybrid)","ค่าซ่อมบำรุง, แบรนด์","ต่ำกว่า 500,000 บาท",เพื่อความสะดวกในการเดินทาง,ยังไม่มีแนวโน้มที่จะซื้อ,รถยนต์ไฟฟ้า (EV),"ค่าบำรุงรักษา, ความสะดวกในการใช้งาน, เทคโนโลยีและความทันสมัย",5,4,4,5,4,4,3,5,4,4,5,5,4,5,5,4,4,4,5,3,5
"26/7/2026, 14:13:49",หญิง,24-26 ปี,3 คน,ปริญญาตรี,ค้าขาย,3-4 คน,ทาวน์โฮม / ทาวเฮาท์,เป็นเจ้าของ,มีที่จอดรถส่วนกลาง / เช่า,"35,001-50,000 บาท","ไม่มี (หากตอบ ""ไม่มี"" ให้ข้ามไปตอบตอนที่ 3)",,,,,,"ความสามารถในการผ่อนชำระ, ค่าไฟฟ้า, การรับประกันและบริการหลังการขาย","ต่ำกว่า 500,000 บาท",เพื่อความสะดวกในการเดินทาง,ยังไม่มีแนวโน้มที่จะซื้อ,รถยนต์สันดาป (ดีเซล / เบนซิน),"ราคาซื้อเริ่มต้น, ความสะดวกในการใช้งาน, เป็นมิตรต่อสิ่งแวดล้อม",4,5,3,5,5,5,4,5,5,5,5,4,3,5,5,4,4,5,3,5,5
"26/7/2026, 14:13:50",ชาย,20-23 ปี,1 คน,ปริญญาตรี,พนักงานเอกชน,5 คนขึ้นไป,บ้านเดี่ยว / บ้านแฝด,เช่า,มีที่จอดรถส่วนกลาง / เช่า,"15,001-25,000 บาท",มี,ขับนอกเมือง,1-2 วัน / สัปดาห์,น้อยกว่า 10 กิโลเมตร,"ปั๊มน้ำมัน / สถานีชาร์จ, ศูนย์บริการและอะไหล่, ค่าใช้จ่ายในการซ่อมบำรุง",รถยนต์สันดาป (ดีเซล / เบนซิน),"ราคา, ค่าซ่อมบำรุง, สมรรถนะในการขับขี่, แบรนด์, เทคโนโลยีและฟังก์ชันภายในรถ","มากกว่า 1,500,000 บาท",เพื่อความสะดวกในการเดินทาง,ยังไม่มีแนวโน้มที่จะซื้อ,รถยนต์ไฟฟ้า (EV),ราคาซื้อเริ่มต้น,4,5,5,5,5,3,4,5,5,4,3,4,4,5,4,4,5,5,5,5,5
"26/7/2026, 14:13:51",ชาย,20-23 ปี,2 คน,ปวช. / ปวส.,พนักงานเอกชน,3-4 คน,ทาวน์โฮม / ทาวเฮาท์,เป็นเจ้าของ,มีที่จอดรถส่วนกลาง / เช่า,"ต่ำกว่า 15,000 บาท",มี,ขับทั้งในเมืองและนอกเมือง,3-4 วัน / สัปดาห์,31-50 กิโลเมตร,"ราคาน้ำมัน, อายุการใช้งาน","รถยนต์สันดาป (ดีเซล / เบนซิน), รถยนต์ไฮบริด (Hybrid)",ค่าซ่อมบำรุง,"ต่ำกว่า 500,000 บาท","เพื่อใช้ในการเดินทางไปทำงาน, เพื่อความสะดวกในการเดินทาง",ยังไม่มีแนวโน้มที่จะซื้อ,รถยนต์ไฮบริด (Hybrid),"ค่าบำรุงรักษา, ความสะดวกในการใช้งาน, เทคโนโลยีและความทันสมัย",4,5,4,3,5,4,5,4,5,3,5,4,5,4,4,5,4,4,5,5,4
"26/7/2026, 14:13:52",ชาย,20-23 ปี,1 คน,ปริญญาโท,นักเรียน / นักศึกษา,3-4 คน,ทาวน์โฮม / ทาวเฮาท์,เป็นเจ้าของ,ไม่มีที่จอดรถ,"ต่ำกว่า 15,000 บาท",มี,ขับนอกเมือง,ใช้งานทุกวัน,10-30 กิโลเมตร,"ราคาน้ำมัน, ศูนย์บริการและอะไหล่, มูลค่าการขายต่อ",รถยนต์สันดาป (ดีเซล / เบนซิน),ความสามารถในการผ่อนชำระ,"500,001-800,000 บาท","เพื่อใช้ในการเดินทางไปทำงาน, เพื่อความสะดวกในการเดินทาง",มีแนวโน้มที่จะซื้อ,รถยนต์ไฟฟ้า (EV),"ราคาซื้อเริ่มต้น, ประหยัดค่าเชื้อเพลิง, ค่าบำรุงรักษา",4,5,4,5,5,5,4,3,3,4,5,5,5,4,5,4,5,5,4,5,5
"26/7/2026, 14:13:52",ชาย,20-23 ปี,1 คน,ปริญญาโท,พนักงานเอกชน,3-4 คน,ทาวน์โฮม / ทาวเฮาท์,พักอาศัยกับครอบครัว / ผู้อื่น,มีที่จอดรถส่วนกลาง / เช่า,"50,001-75,000 บาท","ไม่มี (หากตอบ ""ไม่มี"" ให้ข้ามไปตอบตอนที่ 3)",,,,,,ราคา,"800,001-1,200,000 บาท",เพื่อความสะดวกในการเดินทาง,มีแนวโน้มที่จะซื้อ,รถยนต์ไฮบริด (Hybrid),ค่าบำรุงรักษา,3,4,5,3,3,4,5,3,5,4,4,5,5,5,4,5,5,5,5,4,4
"26/7/2026, 14:13:53",หญิง,20-23 ปี,3 คน,ปวช. / ปวส.,นักเรียน / นักศึกษา,3-4 คน,ทาวน์โฮม / ทาวเฮาท์,เช่า,มีที่จอดรถส่วนกลาง / เช่า,"15,001-25,000 บาท","ไม่มี (หากตอบ ""ไม่มี"" ให้ข้ามไปตอบตอนที่ 3)",,,,,,"ราคา, ค่าซ่อมบำรุง","800,001-1,200,000 บาท","เพื่อใช้ในการเดินทางไปทำงาน, เพื่อความสะดวกในการเดินทาง",มีแนวโน้มที่จะซื้อ,รถยนต์ไฮบริด (Hybrid),"ความสะดวกในการใช้งาน, เป็นมิตรต่อสิ่งแวดล้อม",5,5,5,3,5,4,5,5,5,4,4,4,4,5,5,3,5,4,3,3,5
"26/7/2026, 14:13:54",ชาย,20-23 ปี,2 คน,ปริญญาตรี,รัฐวิสาหกิจ,3-4 คน,ทาวน์โฮม / ทาวเฮาท์,เช่า,ไม่มีที่จอดรถ,"ต่ำกว่า 15,000 บาท","ไม่มี (หากตอบ ""ไม่มี"" ให้ข้ามไปตอบตอนที่ 3)",,,,,,ราคา,"500,001-800,000 บาท",เพื่อใช้ในการเดินทางไปทำงาน,มีแนวโน้มที่จะซื้อ,รถยนต์ไฮบริด (Hybrid),ราคาซื้อเริ่มต้น,4,4,4,4,3,4,4,4,4,3,5,5,5,5,4,4,4,5,5,5,4
"26/7/2026, 14:13:55",หญิง,24-26 ปี,1 คน,ปริญญาตรี,อาชีพอิสระ,3-4 คน,ทาวน์โฮม / ทาวเฮาท์,เช่า,มีที่จอดรถส่วนกลาง / เช่า,"25,001-35,000 บาท",มี,ขับทั้งในเมืองและนอกเมือง,1-2 วัน / สัปดาห์,31-50 กิโลเมตร,"ราคาน้ำมัน, ศูนย์บริการและอะไหล่, อายุการใช้งาน",รถยนต์สันดาป (ดีเซล / เบนซิน),"ค่าไฟฟ้า, เทคโนโลยีและฟังก์ชันภายในรถ","ต่ำกว่า 500,000 บาท","เพื่อใช้ในการเดินทางไปทำงาน, เพื่อความสะดวกในการเดินทาง",ยังไม่มีแนวโน้มที่จะซื้อ,รถยนต์ไฟฟ้า (EV),"ราคาซื้อเริ่มต้น, ประหยัดค่าเชื้อเพลิง, ความสะดวกในการใช้งาน",3,3,5,5,5,5,5,4,3,4,3,5,4,5,4,4,3,5,4,5,3
"26/7/2026, 14:13:56",หญิง,31-40 ปี,1 คน,ปริญญาตรี,เจ้าของกิจการ,3-4 คน,ทาวน์โฮม / ทาวเฮาท์,เป็นเจ้าของ,มีที่จอดรถส่วนตัว,"50,001-75,000 บาท","ไม่มี (หากตอบ ""ไม่มี"" ให้ข้ามไปตอบตอนที่ 3)",,,,,,ราคา,"800,001-1,200,000 บาท","เพื่อใช้ในการค้าขาย, เพื่อความสะดวกในการเดินทาง",มีแนวโน้มที่จะซื้อ,รถยนต์ไฮบริด (Hybrid),"ค่าบำรุงรักษา, ความสะดวกในการใช้งาน",2,2,5,5,5,5,5,5,5,3,4,5,5,4,4,4,4,5,5,4,5
"26/7/2026, 14:13:57",ชาย,51-60 ปี,1 คน,ปริญญาตรี,อาชีพอิสระ,3-4 คน,ทาวน์โฮม / ทาวเฮาท์,พักอาศัยกับครอบครัว / ผู้อื่น,มีที่จอดรถส่วนกลาง / เช่า,"25,001-35,000 บาท","ไม่มี (หากตอบ ""ไม่มี"" ให้ข้ามไปตอบตอนที่ 3)",,,,,,ราคา,"800,001-1,200,000 บาท",เพื่อความสะดวกในการเดินทาง,ยังไม่มีแนวโน้มที่จะซื้อ,รถยนต์ไฮบริด (Hybrid),"ราคาซื้อเริ่มต้น, ค่าบำรุงรักษา, เทคโนโลยีและความทันสมัย",4,5,5,4,3,4,5,5,5,3,4,3,5,5,5,5,5,4,5,5,4
"26/7/2026, 14:13:58",ชาย,20-23 ปี,1 คน,ปวช. / ปวส.,นักเรียน / นักศึกษา,3-4 คน,ทาวน์โฮม / ทาวเฮาท์,เป็นเจ้าของ,มีที่จอดรถส่วนกลาง / เช่า,"ต่ำกว่า 15,000 บาท",มี,ขับในเมือง,ใช้งานทุกวัน,น้อยกว่า 10 กิโลเมตร,มูลค่าการขายต่อ,"รถยนต์ไฮบริด (Hybrid), รถยนต์ไฟฟ้า (EV)",แบรนด์,"500,001-800,000 บาท",เพื่อความสะดวกในการเดินทาง,มีแนวโน้มที่จะซื้อ,รถยนต์สันดาป (ดีเซล / เบนซิน),ราคาซื้อเริ่มต้น,5,5,5,4,3,3,5,5,5,4,4,3,2,5,5,4,5,4,5,5,5
"26/7/2026, 14:13:59",ชาย,20-23 ปี,1 คน,ปริญญาตรี,นักเรียน / นักศึกษา,3-4 คน,บ้านเดี่ยว / บ้านแฝด,เช่า,มีที่จอดรถส่วนกลาง / เช่า,"35,001-50,000 บาท",มี,ขับนอกเมือง,5-6 วัน / สัปดาห์,51-70 กิโลเมตร,"ราคาน้ำมัน, อายุการใช้งาน",รถยนต์สันดาป (ดีเซล / เบนซิน),"ราคา, ความสามารถในการผ่อนชำระ, ค่าไฟฟ้า, สมรรถนะในการขับขี่","ต่ำกว่า 500,000 บาท","เพื่อใช้ในการเดินทางท่องเที่ยว, เพื่อความสะดวกในการเดินทาง",มีแนวโน้มที่จะซื้อ,รถยนต์ไฟฟ้า (EV),"ราคาซื้อเริ่มต้น, ประหยัดค่าเชื้อเพลิง",4,5,4,4,5,4,5,5,4,5,5,4,5,5,4,2,4,5,5,5,3
"26/7/2026, 14:14:00",ชาย,20-23 ปี,1 คน,ม.6,อาชีพอิสระ,3-4 คน,ทาวน์โฮม / ทาวเฮาท์,เป็นเจ้าของ,มีที่จอดรถส่วนกลาง / เช่า,"15,001-25,000 บาท","ไม่มี (หากตอบ ""ไม่มี"" ให้ข้ามไปตอบตอนที่ 3)",,,,,,แบรนด์,"1,200,000-1,500,000 บาท",เพื่อความสะดวกในการเดินทาง,มีแนวโน้มที่จะซื้อ,รถยนต์สันดาป (ดีเซล / เบนซิน),ราคาซื้อเริ่มต้น,5,5,5,5,4,4,5,5,5,4,5,4,5,5,5,5,5,5,3,4,5
"26/7/2026, 14:14:01",หญิง,51-60 ปี,1 คน,ม.6,เจ้าของกิจการ,3-4 คน,ทาวน์โฮม / ทาวเฮาท์,เช่า,มีที่จอดรถส่วนกลาง / เช่า,"มากกว่า 75,000",มี,ขับทั้งในเมืองและนอกเมือง,ใช้เป็นครั้งคราว,10-30 กิโลเมตร,ราคาน้ำมัน,"รถยนต์สันดาป (ดีเซล / เบนซิน), รถยนต์ไฮบริด (Hybrid)",ราคา,"800,001-1,200,000 บาท",เพื่อความสะดวกในการเดินทาง,มีแนวโน้มที่จะซื้อ,รถยนต์ไฟฟ้า (EV),"ราคาซื้อเริ่มต้น, ค่าบำรุงรักษา, ความสะดวกในการใช้งาน",4,4,4,4,4,4,4,5,5,3,4,5,4,5,5,5,5,4,3,5,5
"26/7/2026, 14:29:22",หญิง,20-23 ปี,ไม่มีบุตร,ปริญญาตรี,ค้าขาย,3-4 คน,คอนโด / อพาร์ตเมนต์ / หอพัก,พักอาศัยกับครอบครัว / ผู้อื่น,มีที่จอดรถส่วนตัว,"35,001-50,000 บาท","ไม่มี (หากตอบ ""ไม่มี"" ให้ข้ามไปตอบตอนที่ 3)",,,,,,"สมรรถนะในการขับขี่, ความคุ้มค่าโดยรวม","ต่ำกว่า 500,000 บาท",เพื่อใช้ในการค้าขาย,มีแนวโน้มที่จะซื้อ,รถยนต์ไฮบริด (Hybrid),ค่าบำรุงรักษา,4,4,4,5,4,3,3,5,5,4,5,5,4,3,5,4,4,5,5,4,3
"26/7/2026, 14:29:24",หญิง,31-40 ปี,ไม่มีบุตร,ปริญญาตรี,รัฐวิสาหกิจ,3-4 คน,บ้านเดี่ยว / บ้านแฝด,พักอาศัยกับครอบครัว / ผู้อื่น,ไม่มีที่จอดรถ,"25,001-35,000 บาท","ไม่มี (หากตอบ ""ไม่มี"" ให้ข้ามไปตอบตอนที่ 3)",,,,,,"สมรรถนะในการขับขี่, เทคโนโลยีและฟังก์ชันภายในรถ, ความคุ้มค่าโดยรวม","ต่ำกว่า 500,000 บาท",เพื่อใช้ในการค้าขาย,มีแนวโน้มที่จะซื้อ,รถยนต์ไฟฟ้า (EV),ค่าบำรุงรักษา,4,3,5,5,4,5,4,5,4,4,3,5,3,3,5,4,4,5,5,5,5
"26/7/2026, 14:29:25",หญิง,31-40 ปี,2 คน,ปริญญาตรี,พนักงานเอกชน,5 คนขึ้นไป,คอนโด / อพาร์ตเมนต์ / หอพัก,เป็นเจ้าของ,มีที่จอดรถส่วนตัว,"15,001-25,000 บาท","ไม่มี (หากตอบ ""ไม่มี"" ให้ข้ามไปตอบตอนที่ 3)",,,,,,ราคา,"800,001-1,200,000 บาท","เพื่อความสะดวกในการเดินทาง, เพื่อหลีกเลี่ยงปัญหาจากระบบการขนส่งมวลชน",ยังไม่มีแนวโน้มที่จะซื้อ,รถยนต์ไฟฟ้า (EV),ค่าบำรุงรักษา,5,4,4,5,4,5,5,5,4,4,4,4,5,4,4,3,3,5,4,4,5
"26/7/2026, 14:29:26",หญิง,24-26 ปี,1 คน,ปริญญาตรี,นักเรียน / นักศึกษา,3-4 คน,บ้านเดี่ยว / บ้านแฝด,เป็นเจ้าของ,มีที่จอดรถส่วนกลาง / เช่า,"35,001-50,000 บาท","ไม่มี (หากตอบ ""ไม่มี"" ให้ข้ามไปตอบตอนที่ 3)",,,,,,ค่าน้ำมัน,"ต่ำกว่า 500,000 บาท",เพื่อใช้ในการค้าขาย,ยังไม่มีแนวโน้มที่จะซื้อ,รถยนต์ไฮบริด (Hybrid),ค่าบำรุงรักษา,5,4,4,3,3,5,5,5,5,5,5,5,4,4,3,5,3,4,4,5,4
"26/7/2026, 14:29:28",หญิง,27-30 ปี,ไม่มีบุตร,ปริญญาโท,ค้าขาย,1-2 คน,คอนโด / อพาร์ตเมนต์ / หอพัก,เช่า,มีที่จอดรถส่วนกลาง / เช่า,"15,001-25,000 บาท",มี,ขับทั้งในเมืองและนอกเมือง,1-2 วัน / สัปดาห์,น้อยกว่า 10 กิโลเมตร,"ราคาน้ำมัน, ปั๊มน้ำมัน / สถานีชาร์จ, ค่าใช้จ่ายในการซ่อมบำรุง",รถยนต์สันดาป (ดีเซล / เบนซิน),"ราคา, ค่าซ่อมบำรุง","มากกว่า 1,500,000 บาท","เพื่อใช้ในการค้าขาย, เพื่อความสะดวกในการเดินทาง",ยังไม่มีแนวโน้มที่จะซื้อ,รถยนต์ไฮบริด (Hybrid),ความสะดวกในการใช้งาน,4,4,5,4,2,5,4,5,4,5,4,5,4,4,5,5,5,5,3,4,5
"26/7/2026, 14:29:30",ชาย,27-30 ปี,2 คน,ปริญญาตรี,พนักงานเอกชน,5 คนขึ้นไป,ทาวน์โฮม / ทาวเฮาท์,เช่า,มีที่จอดรถส่วนตัว,"50,001-75,000 บาท",มี,ขับนอกเมือง,1-2 วัน / สัปดาห์,น้อยกว่า 10 กิโลเมตร,อายุการใช้งาน,รถยนต์สันดาป (ดีเซล / เบนซิน),ความคุ้มค่าโดยรวม,"ต่ำกว่า 500,000 บาท",เพื่อใช้ในการเดินทางไปทำงาน,มีแนวโน้มที่จะซื้อ,รถยนต์ไฟฟ้า (EV),ค่าบำรุงรักษา,5,5,5,5,5,4,4,5,5,4,4,4,4,2,4,5,3,5,3,4,5
"26/7/2026, 14:29:32",ชาย,27-30 ปี,ไม่มีบุตร,ปริญญาโท,พนักงานเอกชน,5 คนขึ้นไป,คอนโด / อพาร์ตเมนต์ / หอพัก,พักอาศัยกับครอบครัว / ผู้อื่น,มีที่จอดรถส่วนตัว,"50,001-75,000 บาท","ไม่มี (หากตอบ ""ไม่มี"" ให้ข้ามไปตอบตอนที่ 3)",,,,,,ราคา,"500,001-800,000 บาท",เพื่อใช้ในการค้าขาย,มีแนวโน้มที่จะซื้อ,รถยนต์ไฮบริด (Hybrid),ค่าบำรุงรักษา,5,4,5,5,4,4,4,5,3,4,5,5,4,5,4,3,5,5,4,4,5
"26/7/2026, 14:29:33",ชาย,24-26 ปี,ไม่มีบุตร,ปริญญาตรี,พนักงานเอกชน,3-4 คน,คอนโด / อพาร์ตเมนต์ / หอพัก,เช่า,มีที่จอดรถส่วนตัว,"25,001-35,000 บาท",มี,ขับนอกเมือง,ใช้งานทุกวัน,มากกว่า 90 กิโลเมตร,"ราคาน้ำมัน, ศูนย์บริการและอะไหล่, อายุการใช้งาน",รถยนต์สันดาป (ดีเซล / เบนซิน),"ค่าซ่อมบำรุง, สมรรถนะในการขับขี่, การรับประกันและบริการหลังการขาย","500,001-800,000 บาท","เพื่อใช้ในการเดินทางไปทำงาน, เพื่อใช้ในการค้าขาย",มีแนวโน้มที่จะซื้อ,รถยนต์ไฟฟ้า (EV),ค่าบำรุงรักษา,5,5,3,4,5,3,4,5,3,4,2,4,5,4,4,4,4,4,4,5,5
"26/7/2026, 14:29:35",ชาย,41-50 ปี,ไม่มีบุตร,ปริญญาตรี,เจ้าของกิจการ,3-4 คน,คอนโด / อพาร์ตเมนต์ / หอพัก,เช่า,มีที่จอดรถส่วนตัว,"35,001-50,000 บาท",มี,ขับในเมือง,ใช้งานทุกวัน,10-30 กิโลเมตร,"ราคาน้ำมัน, อายุการใช้งาน",รถยนต์สันดาป (ดีเซล / เบนซิน),ค่าซ่อมบำรุง,"800,001-1,200,000 บาท","เพื่อใช้ในการเดินทางไปทำงาน, เพื่อใช้ในการค้าขาย",มีแนวโน้มที่จะซื้อ,รถยนต์ไฮบริด (Hybrid),"ค่าบำรุงรักษา, ความสะดวกในการใช้งาน",4,5,3,4,4,3,3,5,4,5,5,3,5,4,5,5,5,5,5,5,4
"26/7/2026, 14:29:37",หญิง,27-30 ปี,ไม่มีบุตร,ปริญญาโท,นักเรียน / นักศึกษา,5 คนขึ้นไป,คอนโด / อพาร์ตเมนต์ / หอพัก,เป็นเจ้าของ,มีที่จอดรถส่วนกลาง / เช่า,"ต่ำกว่า 15,000 บาท","ไม่มี (หากตอบ ""ไม่มี"" ให้ข้ามไปตอบตอนที่ 3)",,,,,,แบรนด์,"500,001-800,000 บาท","เพื่อใช้ในการเดินทางไปทำงาน, เพื่อใช้ในการค้าขาย",มีแนวโน้มที่จะซื้อ,รถยนต์ไฮบริด (Hybrid),ค่าบำรุงรักษา,3,5,5,4,5,3,5,4,3,5,5,4,5,5,4,5,4,4,5,3,5
"26/7/2026, 14:29:39",ชาย,27-30 ปี,ไม่มีบุตร,ปริญญาตรี,พนักงานเอกชน,1-2 คน,คอนโด / อพาร์ตเมนต์ / หอพัก,เป็นเจ้าของ,มีที่จอดรถส่วนตัว,"ต่ำกว่า 15,000 บาท",มี,ขับทั้งในเมืองและนอกเมือง,1-2 วัน / สัปดาห์,71-90 กิโลเมตร,ค่าใช้จ่ายในการซ่อมบำรุง,รถยนต์สันดาป (ดีเซล / เบนซิน),"ราคา, แบรนด์","ต่ำกว่า 500,000 บาท",เพื่อใช้ในการค้าขาย,มีแนวโน้มที่จะซื้อ,รถยนต์สันดาป (ดีเซล / เบนซิน),ค่าบำรุงรักษา,5,5,3,5,5,4,5,4,4,5,3,5,5,3,5,4,4,3,4,5,4
"26/7/2026, 14:29:40",หญิง,27-30 ปี,ไม่มีบุตร,ปริญญาตรี,รัฐวิสาหกิจ,3-4 คน,คอนโด / อพาร์ตเมนต์ / หอพัก,พักอาศัยกับครอบครัว / ผู้อื่น,ไม่มีที่จอดรถ,"15,001-25,000 บาท",มี,ขับนอกเมือง,ใช้งานทุกวัน,10-30 กิโลเมตร,อายุการใช้งาน,รถยนต์สันดาป (ดีเซล / เบนซิน),ค่าน้ำมัน,"800,001-1,200,000 บาท",เพื่อหลีกเลี่ยงปัญหาจากระบบการขนส่งมวลชน,มีแนวโน้มที่จะซื้อ,รถยนต์ไฮบริด (Hybrid),ค่าบำรุงรักษา,3,2,5,5,5,5,5,4,3,3,4,5,5,5,4,5,2,3,5,3,4
"26/7/2026, 14:29:42",หญิง,24-26 ปี,1 คน,ปริญญาตรี,นักเรียน / นักศึกษา,5 คนขึ้นไป,บ้านเดี่ยว / บ้านแฝด,เช่า,มีที่จอดรถส่วนกลาง / เช่า,"ต่ำกว่า 15,000 บาท",มี,ขับทั้งในเมืองและนอกเมือง,5-6 วัน / สัปดาห์,มากกว่า 90 กิโลเมตร,อายุการใช้งาน,รถยนต์สันดาป (ดีเซล / เบนซิน),"ค่าน้ำมัน, ความคุ้มค่าโดยรวม, การรับประกันและบริการหลังการขาย","ต่ำกว่า 500,000 บาท",เพื่อใช้ในการเดินทางไปทำงาน,มีแนวโน้มที่จะซื้อ,รถยนต์ไฟฟ้า (EV),ราคาซื้อเริ่มต้น,4,4,4,5,5,5,4,3,5,5,5,5,5,4,5,3,5,5,3,4,5
"26/7/2026, 14:29:43",ชาย,31-40 ปี,3 คน,ปริญญาโท,พนักงานเอกชน,3-4 คน,บ้านเดี่ยว / บ้านแฝด,เช่า,มีที่จอดรถส่วนตัว,"15,001-25,000 บาท",มี,ขับนอกเมือง,1-2 วัน / สัปดาห์,10-30 กิโลเมตร,"อายุการใช้งาน, ค่าใช้จ่ายในการซ่อมบำรุง",รถยนต์สันดาป (ดีเซล / เบนซิน),"ราคา, สมรรถนะในการขับขี่, แบรนด์","500,001-800,000 บาท",เพื่อใช้ในการค้าขาย,ยังไม่มีแนวโน้มที่จะซื้อ,รถยนต์ไฟฟ้า (EV),ราคาซื้อเริ่มต้น,3,5,3,3,4,5,5,5,4,5,5,3,3,4,5,4,4,5,3,4,4
"26/7/2026, 14:29:46",หญิง,41-50 ปี,ไม่มีบุตร,ม.3,พนักงานเอกชน,5 คนขึ้นไป,บ้านเดี่ยว / บ้านแฝด,พักอาศัยกับครอบครัว / ผู้อื่น,มีที่จอดรถส่วนกลาง / เช่า,"15,001-25,000 บาท","ไม่มี (หากตอบ ""ไม่มี"" ให้ข้ามไปตอบตอนที่ 3)",,,,,,"ราคา, ความสามารถในการผ่อนชำระ, ความคุ้มค่าโดยรวม, การรับประกันและบริการหลังการขาย","500,001-800,000 บาท","เพื่อใช้ในการค้าขาย, เพื่อใช้ในการเดินทางท่องเที่ยว",มีแนวโน้มที่จะซื้อ,รถยนต์ไฮบริด (Hybrid),"ความสะดวกในการใช้งาน, เป็นมิตรต่อสิ่งแวดล้อม",5,4,4,5,4,4,5,5,4,5,4,5,5,5,4,4,4,3,4,5,5
"26/7/2026, 14:29:48",หญิง,24-26 ปี,ไม่มีบุตร,ปริญญาตรี,รัฐวิสาหกิจ,3-4 คน,บ้านเดี่ยว / บ้านแฝด,เป็นเจ้าของ,มีที่จอดรถส่วนตัว,"25,001-35,000 บาท","ไม่มี (หากตอบ ""ไม่มี"" ให้ข้ามไปตอบตอนที่ 3)",,,,,,"ความสามารถในการผ่อนชำระ, ค่าซ่อมบำรุง, เทคโนโลยีและฟังก์ชันภายในรถ","500,001-800,000 บาท",เพื่อใช้ในการค้าขาย,มีแนวโน้มที่จะซื้อ,รถยนต์ไฮบริด (Hybrid),ราคาซื้อเริ่มต้น,4,2,3,3,5,5,4,5,5,4,4,4,4,4,4,3,5,5,5,4,5
"26/7/2026, 14:29:50",หญิง,27-30 ปี,ไม่มีบุตร,ปริญญาตรี,รัฐวิสาหกิจ,3-4 คน,คอนโด / อพาร์ตเมนต์ / หอพัก,พักอาศัยกับครอบครัว / ผู้อื่น,ไม่มีที่จอดรถ,"มากกว่า 75,000","ไม่มี (หากตอบ ""ไม่มี"" ให้ข้ามไปตอบตอนที่ 3)",,,,,,"ราคา, ค่าน้ำมัน, ความคุ้มค่าโดยรวม","800,001-1,200,000 บาท",เพื่อใช้ในการเดินทางไปทำงาน,มีแนวโน้มที่จะซื้อ,รถยนต์ไฟฟ้า (EV),ค่าบำรุงรักษา,4,5,5,5,3,5,4,5,5,3,5,4,5,4,5,5,4,5,3,5,4
"26/7/2026, 14:29:52",หญิง,31-40 ปี,ไม่มีบุตร,ม.6,เจ้าของกิจการ,3-4 คน,คอนโด / อพาร์ตเมนต์ / หอพัก,พักอาศัยกับครอบครัว / ผู้อื่น,มีที่จอดรถส่วนตัว,"35,001-50,000 บาท",มี,ขับนอกเมือง,ใช้เป็นครั้งคราว,10-30 กิโลเมตร,ค่าใช้จ่ายในการซ่อมบำรุง,รถยนต์ไฮบริด (Hybrid),ค่าน้ำมัน,"1,200,000-1,500,000 บาท",เพื่อความสะดวกในการเดินทาง,มีแนวโน้มที่จะซื้อ,รถยนต์ไฟฟ้า (EV),ค่าบำรุงรักษา,5,3,5,4,2,4,4,5,4,5,5,5,4,5,4,4,4,5,4,3,5
"26/7/2026, 14:29:53",หญิง,24-26 ปี,ไม่มีบุตร,ปวช. / ปวส.,พนักงานเอกชน,3-4 คน,คอนโด / อพาร์ตเมนต์ / หอพัก,พักอาศัยกับครอบครัว / ผู้อื่น,มีที่จอดรถส่วนตัว,"15,001-25,000 บาท",มี,ขับนอกเมือง,1-2 วัน / สัปดาห์,51-70 กิโลเมตร,อายุการใช้งาน,รถยนต์สันดาป (ดีเซล / เบนซิน),"ราคา, ค่าน้ำมัน, รูปลักษณ์ / ดีไซน์","500,001-800,000 บาท","เพื่อใช้ในการเดินทางไปทำงาน, เพื่อหลีกเลี่ยงปัญหาจากระบบการขนส่งมวลชน",ยังไม่มีแนวโน้มที่จะซื้อ,รถยนต์ไฟฟ้า (EV),ค่าบำรุงรักษา,4,5,4,3,4,5,5,4,4,5,5,5,4,3,5,3,4,5,5,5,4
"26/7/2026, 14:29:54",หญิง,51-60 ปี,ไม่มีบุตร,ปริญญาตรี,เจ้าของกิจการ,3-4 คน,บ้านเดี่ยว / บ้านแฝด,เช่า,มีที่จอดรถส่วนตัว,"มากกว่า 75,000",มี,ขับทั้งในเมืองและนอกเมือง,ใช้งานทุกวัน,31-50 กิโลเมตร,อายุการใช้งาน,รถยนต์สันดาป (ดีเซล / เบนซิน),ค่าซ่อมบำรุง,"มากกว่า 1,500,000 บาท",เพื่อใช้ในการค้าขาย,ยังไม่มีแนวโน้มที่จะซื้อ,รถยนต์สันดาป (ดีเซล / เบนซิน),"ค่าบำรุงรักษา, ความสะดวกในการใช้งาน",5,5,4,4,5,5,4,4,5,4,5,4,5,4,4,4,4,5,5,4,5
"26/7/2026, 14:29:57",หญิง,24-26 ปี,ไม่มีบุตร,ปริญญาตรี,นักเรียน / นักศึกษา,3-4 คน,คอนโด / อพาร์ตเมนต์ / หอพัก,เป็นเจ้าของ,มีที่จอดรถส่วนกลาง / เช่า,"ต่ำกว่า 15,000 บาท",มี,ขับนอกเมือง,1-2 วัน / สัปดาห์,10-30 กิโลเมตร,"อายุการใช้งาน, ค่าใช้จ่ายในการซ่อมบำรุง",รถยนต์สันดาป (ดีเซล / เบนซิน),ราคา,"มากกว่า 1,500,000 บาท",เพื่อความสะดวกในการเดินทาง,มีแนวโน้มที่จะซื้อ,รถยนต์ไฮบริด (Hybrid),ค่าบำรุงรักษา,5,5,4,5,5,3,5,4,3,4,5,4,4,4,4,4,5,4,4,5,5
"26/7/2026, 14:29:58",ชาย,31-40 ปี,1 คน,ปริญญาโท,พนักงานเอกชน,3-4 คน,บ้านเดี่ยว / บ้านแฝด,พักอาศัยกับครอบครัว / ผู้อื่น,มีที่จอดรถส่วนตัว,"35,001-50,000 บาท","ไม่มี (หากตอบ ""ไม่มี"" ให้ข้ามไปตอบตอนที่ 3)",,,,,,"ราคา, ความคุ้มค่าโดยรวม","500,001-800,000 บาท",เพื่อใช้ในการค้าขาย,มีแนวโน้มที่จะซื้อ,รถยนต์ไฮบริด (Hybrid),"ราคาซื้อเริ่มต้น, ค่าบำรุงรักษา",4,4,3,5,4,5,5,5,5,4,4,3,5,4,5,5,4,5,4,5,2
"26/7/2026, 14:30:00",หญิง,27-30 ปี,ไม่มีบุตร,ปริญญาตรี,พนักงานเอกชน,3-4 คน,บ้านเดี่ยว / บ้านแฝด,พักอาศัยกับครอบครัว / ผู้อื่น,มีที่จอดรถส่วนตัว,"15,001-25,000 บาท",มี,ขับทั้งในเมืองและนอกเมือง,1-2 วัน / สัปดาห์,10-30 กิโลเมตร,"ศูนย์บริการและอะไหล่, อายุการใช้งาน, ค่าใช้จ่ายในการซ่อมบำรุง, มูลค่าการขายต่อ",รถยนต์ไฟฟ้า (EV),"ราคา, ความสามารถในการผ่อนชำระ, ค่าน้ำมัน, ค่าซ่อมบำรุง, การรับประกันและบริการหลังการขาย","1,200,000-1,500,000 บาท",เพื่อใช้ในการเดินทางท่องเที่ยว,มีแนวโน้มที่จะซื้อ,รถยนต์ไฟฟ้า (EV),ค่าบำรุงรักษา,3,5,3,4,4,3,4,5,5,5,4,4,4,4,4,5,4,3,5,5,5
"26/7/2026, 14:30:02",ชาย,31-40 ปี,ไม่มีบุตร,ปริญญาตรี,อาชีพอิสระ,3-4 คน,คอนโด / อพาร์ตเมนต์ / หอพัก,พักอาศัยกับครอบครัว / ผู้อื่น,มีที่จอดรถส่วนตัว,"50,001-75,000 บาท",มี,ขับในเมือง,1-2 วัน / สัปดาห์,51-70 กิโลเมตร,"ราคาน้ำมัน, ค่าใช้จ่ายในการซ่อมบำรุง","รถยนต์สันดาป (ดีเซล / เบนซิน), รถยนต์ไฮบริด (Hybrid)","แบรนด์, เทคโนโลยีและฟังก์ชันภายในรถ, ความคุ้มค่าโดยรวม","500,001-800,000 บาท",เพื่อใช้ในการค้าขาย,มีแนวโน้มที่จะซื้อ,รถยนต์ไฮบริด (Hybrid),ค่าบำรุงรักษา,4,5,4,4,4,3,3,5,4,5,4,4,3,4,4,5,5,5,5,5,4
"26/7/2026, 14:30:03",ชาย,41-50 ปี,1 คน,ปริญญาตรี,รัฐวิสาหกิจ,3-4 คน,บ้านเดี่ยว / บ้านแฝด,เป็นเจ้าของ,มีที่จอดรถส่วนตัว,"15,001-25,000 บาท","ไม่มี (หากตอบ ""ไม่มี"" ให้ข้ามไปตอบตอนที่ 3)",,,,,,"ความคุ้มค่าโดยรวม, การรับประกันและบริการหลังการขาย","800,001-1,200,000 บาท",เพื่อหลีกเลี่ยงปัญหาจากระบบการขนส่งมวลชน,ยังไม่มีแนวโน้มที่จะซื้อ,รถยนต์ไฟฟ้า (EV),ค่าบำรุงรักษา,3,3,4,4,4,5,3,5,4,5,4,4,3,4,5,5,3,5,5,5,4
"26/7/2026, 14:30:05",หญิง,51-60 ปี,2 คน,ปริญญาโท,พนักงานเอกชน,3-4 คน,บ้านเดี่ยว / บ้านแฝด,เป็นเจ้าของ,มีที่จอดรถส่วนตัว,"15,001-25,000 บาท",มี,ขับทั้งในเมืองและนอกเมือง,1-2 วัน / สัปดาห์,10-30 กิโลเมตร,ค่าใช้จ่ายในการซ่อมบำรุง,รถยนต์สันดาป (ดีเซล / เบนซิน),ความคุ้มค่าโดยรวม,"ต่ำกว่า 500,000 บาท",เพื่อใช้ในการค้าขาย,มีแนวโน้มที่จะซื้อ,รถยนต์สันดาป (ดีเซล / เบนซิน),เทคโนโลยีและความทันสมัย,5,5,5,4,3,3,4,4,3,4,5,4,4,5,5,5,3,4,5,4,4
"26/7/2026, 14:30:07",หญิง,27-30 ปี,1 คน,ปริญญาโท,อาชีพอิสระ,3-4 คน,บ้านเดี่ยว / บ้านแฝด,เช่า,มีที่จอดรถส่วนตัว,"35,001-50,000 บาท","ไม่มี (หากตอบ ""ไม่มี"" ให้ข้ามไปตอบตอนที่ 3)",,,,,,"ค่าน้ำมัน, ค่าซ่อมบำรุง, รูปลักษณ์ / ดีไซน์, ความคุ้มค่าโดยรวม","ต่ำกว่า 500,000 บาท","เพื่อใช้ในการเดินทางไปทำงาน, เพื่อใช้ในการเดินทางท่องเที่ยว",มีแนวโน้มที่จะซื้อ,รถยนต์ไฟฟ้า (EV),ความสะดวกในการใช้งาน,4,5,3,4,5,5,5,5,5,5,4,5,2,5,5,2,4,4,5,5,5
"26/7/2026, 14:30:09",ชาย,31-40 ปี,1 คน,ปวช. / ปวส.,ค้าขาย,1-2 คน,คอนโด / อพาร์ตเมนต์ / หอพัก,พักอาศัยกับครอบครัว / ผู้อื่น,มีที่จอดรถส่วนกลาง / เช่า,"15,001-25,000 บาท",มี,ขับทั้งในเมืองและนอกเมือง,1-2 วัน / สัปดาห์,71-90 กิโลเมตร,"ศูนย์บริการและอะไหล่, อายุการใช้งาน, ค่าใช้จ่ายในการซ่อมบำรุง","รถยนต์สันดาป (ดีเซล / เบนซิน), รถยนต์ไฮบริด (Hybrid)","แบรนด์, ความคุ้มค่าโดยรวม","1,200,000-1,500,000 บาท",เพื่อใช้ในการค้าขาย,มีแนวโน้มที่จะซื้อ,รถยนต์ไฮบริด (Hybrid),"ราคาซื้อเริ่มต้น, ความสะดวกในการใช้งาน",5,5,4,1,3,5,4,5,4,3,4,3,5,3,4,4,5,4,4,4,5
"26/7/2026, 14:30:11",หญิง,27-30 ปี,ไม่มีบุตร,ปริญญาโท,ข้าราชการ,1-2 คน,คอนโด / อพาร์ตเมนต์ / หอพัก,พักอาศัยกับครอบครัว / ผู้อื่น,มีที่จอดรถส่วนกลาง / เช่า,"25,001-35,000 บาท",มี,ขับนอกเมือง,1-2 วัน / สัปดาห์,น้อยกว่า 10 กิโลเมตร,อายุการใช้งาน,รถยนต์สันดาป (ดีเซล / เบนซิน),"ค่าน้ำมัน, ค่าซ่อมบำรุง, รูปลักษณ์ / ดีไซน์, ความคุ้มค่าโดยรวม","ต่ำกว่า 500,000 บาท",เพื่อหลีกเลี่ยงปัญหาจากระบบการขนส่งมวลชน,มีแนวโน้มที่จะซื้อ,รถยนต์ไฮบริด (Hybrid),"ค่าบำรุงรักษา, ความสะดวกในการใช้งาน",5,4,3,5,5,5,5,5,4,3,4,5,4,4,4,4,3,5,5,5,4
"26/7/2026, 14:30:13",ชาย,41-50 ปี,ไม่มีบุตร,ปริญญาตรี,เจ้าของกิจการ,3-4 คน,บ้านเดี่ยว / บ้านแฝด,เช่า,มีที่จอดรถส่วนตัว,"มากกว่า 75,000",มี,ขับทั้งในเมืองและนอกเมือง,1-2 วัน / สัปดาห์,10-30 กิโลเมตร,"ราคาน้ำมัน, ศูนย์บริการและอะไหล่, อายุการใช้งาน",รถยนต์สันดาป (ดีเซล / เบนซิน),"ค่าซ่อมบำรุง, แบรนด์, ความคุ้มค่าโดยรวม","มากกว่า 1,500,000 บาท","เพื่อความสะดวกในการเดินทาง, เพื่อหลีกเลี่ยงปัญหาจากระบบการขนส่งมวลชน",ยังไม่มีแนวโน้มที่จะซื้อ,รถยนต์สันดาป (ดีเซล / เบนซิน),ความสะดวกในการใช้งาน,5,3,5,4,3,4,5,5,4,5,4,5,4,3,4,5,3,4,3,5,4
"26/7/2026, 14:30:15",หญิง,41-50 ปี,ไม่มีบุตร,ปวช. / ปวส.,เจ้าของกิจการ,3-4 คน,บ้านเดี่ยว / บ้านแฝด,พักอาศัยกับครอบครัว / ผู้อื่น,มีที่จอดรถส่วนตัว,"ต่ำกว่า 15,000 บาท",มี,ขับทั้งในเมืองและนอกเมือง,5-6 วัน / สัปดาห์,31-50 กิโลเมตร,"ราคาน้ำมัน, อายุการใช้งาน",รถยนต์สันดาป (ดีเซล / เบนซิน),การรับประกันและบริการหลังการขาย,"ต่ำกว่า 500,000 บาท",เพื่อใช้ในการค้าขาย,มีแนวโน้มที่จะซื้อ,รถยนต์ไฟฟ้า (EV),"ค่าบำรุงรักษา, ความสะดวกในการใช้งาน",4,5,4,4,4,5,4,4,5,2,5,4,4,4,3,5,5,4,5,3,4
"26/7/2026, 14:30:17",ชาย,27-30 ปี,ไม่มีบุตร,ปริญญาตรี,พนักงานเอกชน,3-4 คน,คอนโด / อพาร์ตเมนต์ / หอพัก,เช่า,ไม่มีที่จอดรถ,"50,001-75,000 บาท","ไม่มี (หากตอบ ""ไม่มี"" ให้ข้ามไปตอบตอนที่ 3)",,,,,,"ความสามารถในการผ่อนชำระ, ค่าไฟฟ้า","ต่ำกว่า 500,000 บาท",เพื่อใช้ในการค้าขาย,มีแนวโน้มที่จะซื้อ,รถยนต์สันดาป (ดีเซล / เบนซิน),ค่าบำรุงรักษา,5,5,3,3,5,4,5,4,4,4,4,3,5,3,4,4,5,5,5,4,4
"26/7/2026, 14:30:19",ชาย,41-50 ปี,ไม่มีบุตร,ปริญญาตรี,ค้าขาย,3-4 คน,คอนโด / อพาร์ตเมนต์ / หอพัก,พักอาศัยกับครอบครัว / ผู้อื่น,มีที่จอดรถส่วนกลาง / เช่า,"35,001-50,000 บาท","ไม่มี (หากตอบ ""ไม่มี"" ให้ข้ามไปตอบตอนที่ 3)",,,,,,"สมรรถนะในการขับขี่, เทคโนโลยีและฟังก์ชันภายในรถ, การรับประกันและบริการหลังการขาย","ต่ำกว่า 500,000 บาท",เพื่อใช้ในการค้าขาย,มีแนวโน้มที่จะซื้อ,รถยนต์สันดาป (ดีเซล / เบนซิน),ราคาซื้อเริ่มต้น,4,3,5,5,5,4,3,5,4,3,4,5,5,4,5,5,4,4,4,5,4
"26/7/2026, 14:30:21",ชาย,27-30 ปี,3 คน,ปริญญาโท,นักเรียน / นักศึกษา,3-4 คน,คอนโด / อพาร์ตเมนต์ / หอพัก,พักอาศัยกับครอบครัว / ผู้อื่น,มีที่จอดรถส่วนตัว,"ต่ำกว่า 15,000 บาท",มี,ขับนอกเมือง,1-2 วัน / สัปดาห์,น้อยกว่า 10 กิโลเมตร,"อายุการใช้งาน, ค่าใช้จ่ายในการซ่อมบำรุง",รถยนต์สันดาป (ดีเซล / เบนซิน),"ราคา, ความสามารถในการผ่อนชำระ, สมรรถนะในการขับขี่, ความคุ้มค่าโดยรวม","500,001-800,000 บาท","เพื่อใช้ในการเดินทางไปทำงาน, เพื่อใช้ในการค้าขาย",มีแนวโน้มที่จะซื้อ,รถยนต์ไฮบริด (Hybrid),ราคาซื้อเริ่มต้น,4,4,5,3,4,4,4,4,4,5,4,4,4,4,5,5,5,5,5,5,5
"26/7/2026, 14:30:22",หญิง,31-40 ปี,1 คน,ปริญญาโท,พนักงานเอกชน,1-2 คน,คอนโด / อพาร์ตเมนต์ / หอพัก,เป็นเจ้าของ,มีที่จอดรถส่วนตัว,"15,001-25,000 บาท",มี,ขับนอกเมือง,ใช้เป็นครั้งคราว,น้อยกว่า 10 กิโลเมตร,"ราคาน้ำมัน, ค่าใช้จ่ายในการซ่อมบำรุง","รถยนต์สันดาป (ดีเซล / เบนซิน), รถยนต์ไฟฟ้า (EV)","ราคา, ค่าซ่อมบำรุง, การรับประกันและบริการหลังการขาย","ต่ำกว่า 500,000 บาท","เพื่อใช้ในการเดินทางไปทำงาน, เพื่อใช้ในการค้าขาย",มีแนวโน้มที่จะซื้อ,รถยนต์ไฮบริด (Hybrid),"ค่าบำรุงรักษา, ความสะดวกในการใช้งาน",5,5,5,5,4,4,5,3,3,5,4,5,4,5,5,4,5,5,5,5,4
"26/7/2026, 14:30:23",หญิง,24-26 ปี,2 คน,ปริญญาตรี,ข้าราชการ,5 คนขึ้นไป,บ้านเดี่ยว / บ้านแฝด,เป็นเจ้าของ,มีที่จอดรถส่วนตัว,"35,001-50,000 บาท","ไม่มี (หากตอบ ""ไม่มี"" ให้ข้ามไปตอบตอนที่ 3)",,,,,,"ค่าน้ำมัน, ความคุ้มค่าโดยรวม","800,001-1,200,000 บาท",เพื่อความสะดวกในการเดินทาง,มีแนวโน้มที่จะซื้อ,รถยนต์ไฮบริด (Hybrid),"ค่าบำรุงรักษา, เทคโนโลยีและความทันสมัย",5,3,5,3,4,4,4,4,5,5,4,4,5,4,4,5,5,5,4,4,4
"26/7/2026, 14:30:24",หญิง,27-30 ปี,1 คน,ปริญญาตรี,นักเรียน / นักศึกษา,3-4 คน,คอนโด / อพาร์ตเมนต์ / หอพัก,เช่า,มีที่จอดรถส่วนตัว,"ต่ำกว่า 15,000 บาท",มี,ขับนอกเมือง,1-2 วัน / สัปดาห์,10-30 กิโลเมตร,อายุการใช้งาน,รถยนต์ไฮบริด (Hybrid),"ราคา, ความสามารถในการผ่อนชำระ, การรับประกันและบริการหลังการขาย","ต่ำกว่า 500,000 บาท","เพื่อใช้ในการเดินทางไปทำงาน, เพื่อใช้ในการค้าขาย",ยังไม่มีแนวโน้มที่จะซื้อ,รถยนต์ไฟฟ้า (EV),ค่าบำรุงรักษา,4,4,4,5,5,5,3,4,4,4,5,3,5,4,5,3,5,5,4,5,5
"26/7/2026, 14:30:26",ชาย,24-26 ปี,ไม่มีบุตร,ปริญญาตรี,พนักงานเอกชน,5 คนขึ้นไป,บ้านเดี่ยว / บ้านแฝด,เป็นเจ้าของ,มีที่จอดรถส่วนตัว,"15,001-25,000 บาท","ไม่มี (หากตอบ ""ไม่มี"" ให้ข้ามไปตอบตอนที่ 3)",,,,,,"ราคา, ความคุ้มค่าโดยรวม","ต่ำกว่า 500,000 บาท",เพื่อใช้ในการค้าขาย,มีแนวโน้มที่จะซื้อ,รถยนต์ไฟฟ้า (EV),ค่าบำรุงรักษา,5,4,3,4,4,4,5,3,5,5,5,4,4,4,5,3,4,4,5,4,5
"26/7/2026, 14:30:28",หญิง,31-40 ปี,ไม่มีบุตร,ปริญญาโท,ค้าขาย,3-4 คน,บ้านเดี่ยว / บ้านแฝด,เป็นเจ้าของ,มีที่จอดรถส่วนตัว,"15,001-25,000 บาท","ไม่มี (หากตอบ ""ไม่มี"" ให้ข้ามไปตอบตอนที่ 3)",,,,,,"ราคา, ค่าซ่อมบำรุง","1,200,000-1,500,000 บาท","เพื่อใช้ในการค้าขาย, เพื่อใช้ในการเดินทางท่องเที่ยว",มีแนวโน้มที่จะซื้อ,รถยนต์สันดาป (ดีเซล / เบนซิน),ค่าบำรุงรักษา,5,5,4,4,5,4,4,5,3,3,4,5,5,4,5,3,4,4,4,5,5
"26/7/2026, 14:30:29",หญิง,24-26 ปี,ไม่มีบุตร,ปริญญาโท,พนักงานเอกชน,1-2 คน,คอนโด / อพาร์ตเมนต์ / หอพัก,เป็นเจ้าของ,มีที่จอดรถส่วนกลาง / เช่า,"50,001-75,000 บาท",มี,ขับทั้งในเมืองและนอกเมือง,1-2 วัน / สัปดาห์,71-90 กิโลเมตร,"ราคาน้ำมัน, ศูนย์บริการและอะไหล่, อายุการใช้งาน",รถยนต์สันดาป (ดีเซล / เบนซิน),"ค่าซ่อมบำรุง, ความคุ้มค่าโดยรวม, การรับประกันและบริการหลังการขาย","ต่ำกว่า 500,000 บาท",เพื่อใช้ในการค้าขาย,มีแนวโน้มที่จะซื้อ,รถยนต์ไฟฟ้า (EV),"ค่าบำรุงรักษา, ความสะดวกในการใช้งาน",4,5,5,4,5,5,5,5,3,4,5,4,4,4,4,5,4,4,2,4,5
"26/7/2026, 14:30:31",หญิง,27-30 ปี,ไม่มีบุตร,ปริญญาโท,พนักงานเอกชน,3-4 คน,คอนโด / อพาร์ตเมนต์ / หอพัก,เช่า,มีที่จอดรถส่วนตัว,"15,001-25,000 บาท",มี,ขับนอกเมือง,5-6 วัน / สัปดาห์,31-50 กิโลเมตร,"ศูนย์บริการและอะไหล่, อายุการใช้งาน",รถยนต์สันดาป (ดีเซล / เบนซิน),"ราคา, ความสามารถในการผ่อนชำระ","800,001-1,200,000 บาท","เพื่อใช้ในการค้าขาย, เพื่อหลีกเลี่ยงปัญหาจากระบบการขนส่งมวลชน",มีแนวโน้มที่จะซื้อ,รถยนต์ไฟฟ้า (EV),ค่าบำรุงรักษา,3,4,3,4,3,3,3,4,4,4,3,5,4,2,4,4,5,5,4,5,4
"26/7/2026, 14:30:33",หญิง,41-50 ปี,2 คน,ปริญญาเอก,เจ้าของกิจการ,3-4 คน,คอนโด / อพาร์ตเมนต์ / หอพัก,เช่า,มีที่จอดรถส่วนกลาง / เช่า,"มากกว่า 75,000",มี,ขับนอกเมือง,1-2 วัน / สัปดาห์,10-30 กิโลเมตร,"ราคาน้ำมัน, อายุการใช้งาน",รถยนต์สันดาป (ดีเซล / เบนซิน),"แบรนด์, ความคุ้มค่าโดยรวม","500,001-800,000 บาท",เพื่อหลีกเลี่ยงปัญหาจากระบบการขนส่งมวลชน,มีแนวโน้มที่จะซื้อ,รถยนต์ไฮบริด (Hybrid),ค่าบำรุงรักษา,5,5,5,4,5,5,5,5,3,4,5,4,5,3,3,4,4,4,4,4,5
"26/7/2026, 14:30:34",หญิง,27-30 ปี,ไม่มีบุตร,ปริญญาโท,รัฐวิสาหกิจ,1-2 คน,คอนโด / อพาร์ตเมนต์ / หอพัก,เช่า,มีที่จอดรถส่วนกลาง / เช่า,"35,001-50,000 บาท","ไม่มี (หากตอบ ""ไม่มี"" ให้ข้ามไปตอบตอนที่ 3)",,,,,,ความสามารถในการผ่อนชำระ,"มากกว่า 1,500,000 บาท",เพื่อหลีกเลี่ยงปัญหาจากระบบการขนส่งมวลชน,มีแนวโน้มที่จะซื้อ,รถยนต์สันดาป (ดีเซล / เบนซิน),"ราคาซื้อเริ่มต้น, ค่าบำรุงรักษา",3,4,4,4,3,5,4,4,4,4,3,5,4,3,4,3,5,4,5,5,2
"26/7/2026, 14:30:36",ชาย,27-30 ปี,ไม่มีบุตร,ปริญญาโท,พนักงานเอกชน,1-2 คน,บ้านเดี่ยว / บ้านแฝด,เป็นเจ้าของ,ไม่มีที่จอดรถ,"25,001-35,000 บาท","ไม่มี (หากตอบ ""ไม่มี"" ให้ข้ามไปตอบตอนที่ 3)",,,,,,"ราคา, ค่าซ่อมบำรุง, สมรรถนะในการขับขี่","800,001-1,200,000 บาท",เพื่อใช้ในการค้าขาย,มีแนวโน้มที่จะซื้อ,รถยนต์ไฟฟ้า (EV),ราคาซื้อเริ่มต้น,5,4,4,4,5,3,4,3,4,5,4,5,4,4,4,5,4,5,5,5,5
"26/7/2026, 14:30:38",หญิง,41-50 ปี,ไม่มีบุตร,ปริญญาโท,ค้าขาย,3-4 คน,บ้านเดี่ยว / บ้านแฝด,เช่า,ไม่มีที่จอดรถ,"ต่ำกว่า 15,000 บาท","ไม่มี (หากตอบ ""ไม่มี"" ให้ข้ามไปตอบตอนที่ 3)",,,,,,การรับประกันและบริการหลังการขาย,"ต่ำกว่า 500,000 บาท",เพื่อใช้ในการค้าขาย,มีแนวโน้มที่จะซื้อ,รถยนต์ไฮบริด (Hybrid),ความสะดวกในการใช้งาน,5,4,5,4,3,5,4,4,4,3,5,4,5,5,4,4,5,3,4,4,5
"26/7/2026, 14:30:39",หญิง,31-40 ปี,ไม่มีบุตร,ปริญญาตรี,พนักงานเอกชน,3-4 คน,บ้านเดี่ยว / บ้านแฝด,เป็นเจ้าของ,ไม่มีที่จอดรถ,"35,001-50,000 บาท",มี,ขับนอกเมือง,1-2 วัน / สัปดาห์,10-30 กิโลเมตร,อายุการใช้งาน,รถยนต์สันดาป (ดีเซล / เบนซิน),"ราคา, ความสามารถในการผ่อนชำระ, ค่าน้ำมัน","ต่ำกว่า 500,000 บาท",เพื่อใช้ในการค้าขาย,มีแนวโน้มที่จะซื้อ,รถยนต์ไฟฟ้า (EV),ค่าบำรุงรักษา,4,4,3,3,5,4,2,5,5,5,4,5,5,5,5,4,3,4,4,5,4
"26/7/2026, 14:30:40",หญิง,31-40 ปี,ไม่มีบุตร,ปริญญาตรี,เจ้าของกิจการ,3-4 คน,บ้านเดี่ยว / บ้านแฝด,เช่า,มีที่จอดรถส่วนตัว,"25,001-35,000 บาท","ไม่มี (หากตอบ ""ไม่มี"" ให้ข้ามไปตอบตอนที่ 3)",,,,,,"ค่าน้ำมัน, สมรรถนะในการขับขี่, แบรนด์, ความคุ้มค่าโดยรวม","ต่ำกว่า 500,000 บาท",เพื่อใช้ในการเดินทางท่องเที่ยว,มีแนวโน้มที่จะซื้อ,รถยนต์ไฟฟ้า (EV),ค่าบำรุงรักษา,5,3,5,3,4,5,4,5,5,5,3,5,3,5,3,5,5,5,5,5,5
"26/7/2026, 14:30:41",หญิง,20-23 ปี,ไม่มีบุตร,ปริญญาตรี,พนักงานเอกชน,3-4 คน,คอนโด / อพาร์ตเมนต์ / หอพัก,เช่า,มีที่จอดรถส่วนตัว,"15,001-25,000 บาท",มี,ขับทั้งในเมืองและนอกเมือง,1-2 วัน / สัปดาห์,10-30 กิโลเมตร,"อายุการใช้งาน, ค่าใช้จ่ายในการซ่อมบำรุง",รถยนต์สันดาป (ดีเซล / เบนซิน),"ราคา, ค่าซ่อมบำรุง","1,200,000-1,500,000 บาท",เพื่อใช้ในการค้าขาย,มีแนวโน้มที่จะซื้อ,รถยนต์สันดาป (ดีเซล / เบนซิน),"ราคาซื้อเริ่มต้น, เทคโนโลยีและความทันสมัย",4,5,5,5,4,3,4,5,5,5,4,4,3,5,5,4,5,4,4,4,5
"26/7/2026, 14:30:43",ชาย,27-30 ปี,ไม่มีบุตร,ปริญญาตรี,ข้าราชการ,1-2 คน,ทาวน์โฮม / ทาวเฮาท์,เช่า,มีที่จอดรถส่วนตัว,"35,001-50,000 บาท",มี,ขับนอกเมือง,1-2 วัน / สัปดาห์,71-90 กิโลเมตร,"ปั๊มน้ำมัน / สถานีชาร์จ, อายุการใช้งาน",รถยนต์สันดาป (ดีเซล / เบนซิน),"ค่าน้ำมัน, ความคุ้มค่าโดยรวม","800,001-1,200,000 บาท",เพื่อใช้ในการเดินทางไปทำงาน,มีแนวโน้มที่จะซื้อ,รถยนต์สันดาป (ดีเซล / เบนซิน),"ราคาซื้อเริ่มต้น, ค่าบำรุงรักษา, ความสะดวกในการใช้งาน",5,4,4,4,5,5,4,5,5,5,4,4,4,5,3,5,5,4,4,5,5
"26/7/2026, 14:30:45",หญิง,27-30 ปี,ไม่มีบุตร,ปริญญาโท,ข้าราชการ,3-4 คน,คอนโด / อพาร์ตเมนต์ / หอพัก,เช่า,มีที่จอดรถส่วนตัว,"15,001-25,000 บาท",มี,ขับทั้งในเมืองและนอกเมือง,ใช้งานทุกวัน,10-30 กิโลเมตร,ศูนย์บริการและอะไหล่,"รถยนต์สันดาป (ดีเซล / เบนซิน), รถยนต์ไฮบริด (Hybrid)","ราคา, ค่าซ่อมบำรุง","800,001-1,200,000 บาท",เพื่อใช้ในการเดินทางท่องเที่ยว,มีแนวโน้มที่จะซื้อ,รถยนต์สันดาป (ดีเซล / เบนซิน),"ราคาซื้อเริ่มต้น, ค่าบำรุงรักษา",4,4,5,4,4,5,4,4,5,5,4,4,5,4,4,2,4,4,5,4,4
"26/7/2026, 14:30:47",ชาย,24-26 ปี,ไม่มีบุตร,ปริญญาตรี,เจ้าของกิจการ,3-4 คน,คอนโด / อพาร์ตเมนต์ / หอพัก,เป็นเจ้าของ,มีที่จอดรถส่วนกลาง / เช่า,"35,001-50,000 บาท","ไม่มี (หากตอบ ""ไม่มี"" ให้ข้ามไปตอบตอนที่ 3)",,,,,,"ราคา, ค่าซ่อมบำรุง","ต่ำกว่า 500,000 บาท",เพื่อใช้ในการค้าขาย,มีแนวโน้มที่จะซื้อ,รถยนต์ไฟฟ้า (EV),เทคโนโลยีและความทันสมัย,4,5,3,5,5,5,5,2,4,4,4,4,4,2,5,2,3,4,3,4,4
"26/7/2026, 14:30:48",หญิง,24-26 ปี,1 คน,ปริญญาตรี,พนักงานเอกชน,1-2 คน,บ้านเดี่ยว / บ้านแฝด,เช่า,มีที่จอดรถส่วนกลาง / เช่า,"35,001-50,000 บาท","ไม่มี (หากตอบ ""ไม่มี"" ให้ข้ามไปตอบตอนที่ 3)",,,,,,"ราคา, ความสามารถในการผ่อนชำระ, ค่าน้ำมัน, ค่าไฟฟ้า, ความคุ้มค่าโดยรวม","ต่ำกว่า 500,000 บาท",เพื่อใช้ในการค้าขาย,ยังไม่มีแนวโน้มที่จะซื้อ,รถยนต์สันดาป (ดีเซล / เบนซิน),ค่าบำรุงรักษา,4,3,5,3,4,4,4,5,5,4,5,5,4,2,5,5,5,4,3,3,4
"26/7/2026, 14:30:49",หญิง,24-26 ปี,ไม่มีบุตร,ปริญญาโท,อาชีพอิสระ,3-4 คน,บ้านเดี่ยว / บ้านแฝด,เช่า,มีที่จอดรถส่วนตัว,"50,001-75,000 บาท",มี,ขับนอกเมือง,5-6 วัน / สัปดาห์,10-30 กิโลเมตร,"ปั๊มน้ำมัน / สถานีชาร์จ, อายุการใช้งาน",รถยนต์ไฮบริด (Hybrid),"ราคา, แบรนด์, การรับประกันและบริการหลังการขาย","800,001-1,200,000 บาท",เพื่อใช้ในการค้าขาย,มีแนวโน้มที่จะซื้อ,รถยนต์ไฮบริด (Hybrid),ค่าบำรุงรักษา,4,4,5,5,4,4,4,4,3,4,3,5,3,4,4,3,5,5,3,5,5
"26/7/2026, 14:30:51",ชาย,27-30 ปี,ไม่มีบุตร,ปริญญาตรี,พนักงานเอกชน,3-4 คน,บ้านเดี่ยว / บ้านแฝด,เช่า,มีที่จอดรถส่วนตัว,"25,001-35,000 บาท",มี,ขับนอกเมือง,1-2 วัน / สัปดาห์,10-30 กิโลเมตร,อายุการใช้งาน,รถยนต์สันดาป (ดีเซล / เบนซิน),"ราคา, แบรนด์, ความคุ้มค่าโดยรวม","ต่ำกว่า 500,000 บาท",เพื่อหลีกเลี่ยงปัญหาจากระบบการขนส่งมวลชน,มีแนวโน้มที่จะซื้อ,รถยนต์สันดาป (ดีเซล / เบนซิน),"ค่าบำรุงรักษา, ความสะดวกในการใช้งาน",4,4,4,5,4,3,4,5,5,4,4,5,4,5,4,4,4,4,4,4,5
"26/7/2026, 14:30:53",หญิง,41-50 ปี,ไม่มีบุตร,ม.3,เจ้าของกิจการ,1-2 คน,บ้านเดี่ยว / บ้านแฝด,เป็นเจ้าของ,มีที่จอดรถส่วนกลาง / เช่า,"50,001-75,000 บาท","ไม่มี (หากตอบ ""ไม่มี"" ให้ข้ามไปตอบตอนที่ 3)",,,,,,"ค่าน้ำมัน, รูปลักษณ์ / ดีไซน์, ความคุ้มค่าโดยรวม","500,001-800,000 บาท",เพื่อใช้ในการค้าขาย,มีแนวโน้มที่จะซื้อ,รถยนต์ไฮบริด (Hybrid),ค่าบำรุงรักษา,4,5,4,5,4,4,5,5,2,4,5,3,4,5,5,3,5,4,3,4,5
"26/7/2026, 14:30:55",หญิง,27-30 ปี,ไม่มีบุตร,ปริญญาตรี,รัฐวิสาหกิจ,3-4 คน,บ้านเดี่ยว / บ้านแฝด,เป็นเจ้าของ,มีที่จอดรถส่วนตัว,"25,001-35,000 บาท","ไม่มี (หากตอบ ""ไม่มี"" ให้ข้ามไปตอบตอนที่ 3)",,,,,,ราคา,"ต่ำกว่า 500,000 บาท",เพื่อใช้ในการค้าขาย,มีแนวโน้มที่จะซื้อ,รถยนต์สันดาป (ดีเซล / เบนซิน),"ราคาซื้อเริ่มต้น, ค่าบำรุงรักษา",5,5,4,5,5,5,5,4,5,5,5,5,3,4,5,5,5,5,3,5,5
"26/7/2026, 14:30:57",หญิง,41-50 ปี,ไม่มีบุตร,ปวช. / ปวส.,อาชีพอิสระ,1-2 คน,บ้านเดี่ยว / บ้านแฝด,เช่า,ไม่มีที่จอดรถ,"35,001-50,000 บาท",มี,ขับทั้งในเมืองและนอกเมือง,ใช้เป็นครั้งคราว,10-30 กิโลเมตร,"ราคาน้ำมัน, อายุการใช้งาน",รถยนต์สันดาป (ดีเซล / เบนซิน),ความคุ้มค่าโดยรวม,"ต่ำกว่า 500,000 บาท","เพื่อใช้ในการค้าขาย, เพื่อหลีกเลี่ยงปัญหาจากระบบการขนส่งมวลชน",มีแนวโน้มที่จะซื้อ,รถยนต์ไฟฟ้า (EV),ราคาซื้อเริ่มต้น,5,5,4,5,5,5,4,5,4,3,5,4,5,5,3,5,4,4,3,4,5
"26/7/2026, 14:30:59",หญิง,31-40 ปี,ไม่มีบุตร,ปริญญาโท,เจ้าของกิจการ,3-4 คน,คอนโด / อพาร์ตเมนต์ / หอพัก,เช่า,มีที่จอดรถส่วนตัว,"35,001-50,000 บาท",มี,ขับทั้งในเมืองและนอกเมือง,1-2 วัน / สัปดาห์,น้อยกว่า 10 กิโลเมตร,อายุการใช้งาน,รถยนต์สันดาป (ดีเซล / เบนซิน),"แบรนด์, เทคโนโลยีและฟังก์ชันภายในรถ","ต่ำกว่า 500,000 บาท",เพื่อใช้ในการค้าขาย,ยังไม่มีแนวโน้มที่จะซื้อ,รถยนต์สันดาป (ดีเซล / เบนซิน),"ราคาซื้อเริ่มต้น, ค่าบำรุงรักษา",5,5,3,5,4,4,4,3,5,5,4,3,5,5,3,4,4,5,4,5,5
"26/7/2026, 14:31:01",ชาย,27-30 ปี,1 คน,ปริญญาตรี,ค้าขาย,3-4 คน,คอนโด / อพาร์ตเมนต์ / หอพัก,เป็นเจ้าของ,มีที่จอดรถส่วนกลาง / เช่า,"15,001-25,000 บาท","ไม่มี (หากตอบ ""ไม่มี"" ให้ข้ามไปตอบตอนที่ 3)",,,,,,"ค่าไฟฟ้า, สมรรถนะในการขับขี่, แบรนด์, ความคุ้มค่าโดยรวม","ต่ำกว่า 500,000 บาท",เพื่อใช้ในการค้าขาย,มีแนวโน้มที่จะซื้อ,รถยนต์ไฟฟ้า (EV),ค่าบำรุงรักษา,5,5,4,4,5,3,5,5,4,4,4,4,3,4,5,4,4,5,5,5,3
"26/7/2026, 14:31:03",หญิง,31-40 ปี,ไม่มีบุตร,ปริญญาตรี,เจ้าของกิจการ,3-4 คน,คอนโด / อพาร์ตเมนต์ / หอพัก,เช่า,มีที่จอดรถส่วนกลาง / เช่า,"มากกว่า 75,000",มี,ขับในเมือง,1-2 วัน / สัปดาห์,10-30 กิโลเมตร,อายุการใช้งาน,รถยนต์สันดาป (ดีเซล / เบนซิน),"ค่าน้ำมัน, ความคุ้มค่าโดยรวม, การรับประกันและบริการหลังการขาย","800,001-1,200,000 บาท",เพื่อใช้ในการค้าขาย,มีแนวโน้มที่จะซื้อ,รถยนต์สันดาป (ดีเซล / เบนซิน),"ค่าบำรุงรักษา, ความสะดวกในการใช้งาน",5,5,5,5,5,3,3,4,3,4,4,5,4,5,4,4,5,4,3,2,4
"26/7/2026, 14:31:04",ชาย,31-40 ปี,1 คน,ปริญญาตรี,พนักงานเอกชน,1-2 คน,คอนโด / อพาร์ตเมนต์ / หอพัก,เช่า,มีที่จอดรถส่วนตัว,"15,001-25,000 บาท",มี,ขับในเมือง,1-2 วัน / สัปดาห์,10-30 กิโลเมตร,"ราคาน้ำมัน, อายุการใช้งาน",รถยนต์สันดาป (ดีเซล / เบนซิน),"ราคา, ความสามารถในการผ่อนชำระ, ค่าน้ำมัน, การรับประกันและบริการหลังการขาย","500,001-800,000 บาท",เพื่อใช้ในการค้าขาย,ยังไม่มีแนวโน้มที่จะซื้อ,รถยนต์สันดาป (ดีเซล / เบนซิน),ค่าบำรุงรักษา,5,5,4,4,5,3,5,3,4,5,4,3,5,4,5,5,5,5,5,5,3
"26/7/2026, 14:31:06",ชาย,27-30 ปี,ไม่มีบุตร,ปริญญาตรี,พนักงานเอกชน,3-4 คน,คอนโด / อพาร์ตเมนต์ / หอพัก,เช่า,มีที่จอดรถส่วนตัว,"25,001-35,000 บาท",มี,ขับในเมือง,1-2 วัน / สัปดาห์,10-30 กิโลเมตร,ศูนย์บริการและอะไหล่,รถยนต์สันดาป (ดีเซล / เบนซิน),"สมรรถนะในการขับขี่, เทคโนโลยีและฟังก์ชันภายในรถ","500,001-800,000 บาท","เพื่อใช้ในการค้าขาย, เพื่อหลีกเลี่ยงปัญหาจากระบบการขนส่งมวลชน",มีแนวโน้มที่จะซื้อ,รถยนต์สันดาป (ดีเซล / เบนซิน),ค่าบำรุงรักษา,3,5,4,4,5,4,4,4,4,2,3,3,5,5,5,4,3,5,4,3,4
"26/7/2026, 14:31:07",หญิง,31-40 ปี,1 คน,ปริญญาโท,เจ้าของกิจการ,5 คนขึ้นไป,บ้านเดี่ยว / บ้านแฝด,เป็นเจ้าของ,มีที่จอดรถส่วนกลาง / เช่า,"ต่ำกว่า 15,000 บาท","ไม่มี (หากตอบ ""ไม่มี"" ให้ข้ามไปตอบตอนที่ 3)",,,,,,ความคุ้มค่าโดยรวม,"ต่ำกว่า 500,000 บาท","เพื่อใช้ในการเดินทางไปทำงาน, เพื่อหลีกเลี่ยงปัญหาจากระบบการขนส่งมวลชน",มีแนวโน้มที่จะซื้อ,รถยนต์ไฟฟ้า (EV),"ค่าบำรุงรักษา, ความสะดวกในการใช้งาน, เทคโนโลยีและความทันสมัย",5,5,4,4,5,4,4,5,4,5,5,3,4,4,4,5,5,5,5,4,3
"26/7/2026, 14:31:08",ชาย,41-50 ปี,ไม่มีบุตร,ปวช. / ปวส.,เจ้าของกิจการ,3-4 คน,บ้านเดี่ยว / บ้านแฝด,เช่า,มีที่จอดรถส่วนกลาง / เช่า,"50,001-75,000 บาท",มี,ขับในเมือง,ใช้งานทุกวัน,น้อยกว่า 10 กิโลเมตร,อายุการใช้งาน,รถยนต์สันดาป (ดีเซล / เบนซิน),"รูปลักษณ์ / ดีไซน์, การรับประกันและบริการหลังการขาย","800,001-1,200,000 บาท",เพื่อหลีกเลี่ยงปัญหาจากระบบการขนส่งมวลชน,ยังไม่มีแนวโน้มที่จะซื้อ,รถยนต์ไฮบริด (Hybrid),"ราคาซื้อเริ่มต้น, ความสะดวกในการใช้งาน, เทคโนโลยีและความทันสมัย",4,3,5,5,5,3,5,5,5,5,4,4,3,3,4,5,5,3,5,5,5
"26/7/2026, 14:31:10",หญิง,31-40 ปี,ไม่มีบุตร,ปริญญาตรี,รัฐวิสาหกิจ,3-4 คน,คอนโด / อพาร์ตเมนต์ / หอพัก,เช่า,มีที่จอดรถส่วนกลาง / เช่า,"50,001-75,000 บาท","ไม่มี (หากตอบ ""ไม่มี"" ให้ข้ามไปตอบตอนที่ 3)",,,,,,"ค่าซ่อมบำรุง, การรับประกันและบริการหลังการขาย","500,001-800,000 บาท",เพื่อใช้ในการค้าขาย,มีแนวโน้มที่จะซื้อ,รถยนต์ไฟฟ้า (EV),ค่าบำรุงรักษา,3,3,4,4,5,3,5,4,4,4,4,4,3,4,5,5,4,4,4,3,5
"26/7/2026, 14:31:12",ชาย,41-50 ปี,ไม่มีบุตร,ม.6,รัฐวิสาหกิจ,5 คนขึ้นไป,คอนโด / อพาร์ตเมนต์ / หอพัก,เช่า,มีที่จอดรถส่วนตัว,"50,001-75,000 บาท",มี,ขับทั้งในเมืองและนอกเมือง,5-6 วัน / สัปดาห์,10-30 กิโลเมตร,ศูนย์บริการและอะไหล่,รถยนต์สันดาป (ดีเซล / เบนซิน),"ราคา, ค่าน้ำมัน","ต่ำกว่า 500,000 บาท",เพื่อใช้ในการค้าขาย,ยังไม่มีแนวโน้มที่จะซื้อ,รถยนต์ไฟฟ้า (EV),ค่าบำรุงรักษา,3,5,4,4,5,5,3,4,2,3,5,5,4,5,4,4,5,3,4,3,5
"26/7/2026, 14:31:13",ชาย,31-40 ปี,ไม่มีบุตร,ปริญญาตรี,รัฐวิสาหกิจ,3-4 คน,คอนโด / อพาร์ตเมนต์ / หอพัก,พักอาศัยกับครอบครัว / ผู้อื่น,มีที่จอดรถส่วนตัว,"15,001-25,000 บาท",มี,ขับทั้งในเมืองและนอกเมือง,ใช้งานทุกวัน,น้อยกว่า 10 กิโลเมตร,"ราคาน้ำมัน, ค่าใช้จ่ายในการซ่อมบำรุง",รถยนต์ไฮบริด (Hybrid),"ราคา, ค่าซ่อมบำรุง, สมรรถนะในการขับขี่, ความคุ้มค่าโดยรวม, การรับประกันและบริการหลังการขาย","500,001-800,000 บาท",เพื่อความสะดวกในการเดินทาง,มีแนวโน้มที่จะซื้อ,รถยนต์ไฮบริด (Hybrid),ค่าบำรุงรักษา,4,5,2,4,5,4,5,5,5,5,5,3,5,4,4,4,5,5,4,3,5
"26/7/2026, 14:31:14",หญิง,24-26 ปี,ไม่มีบุตร,ปริญญาตรี,พนักงานเอกชน,3-4 คน,คอนโด / อพาร์ตเมนต์ / หอพัก,เช่า,มีที่จอดรถส่วนตัว,"25,001-35,000 บาท",มี,ขับทั้งในเมืองและนอกเมือง,5-6 วัน / สัปดาห์,10-30 กิโลเมตร,"ปั๊มน้ำมัน / สถานีชาร์จ, อายุการใช้งาน",รถยนต์ไฮบริด (Hybrid),"ราคา, ค่าซ่อมบำรุง, สมรรถนะในการขับขี่, การรับประกันและบริการหลังการขาย","ต่ำกว่า 500,000 บาท",เพื่อใช้ในการค้าขาย,มีแนวโน้มที่จะซื้อ,รถยนต์สันดาป (ดีเซล / เบนซิน),"ราคาซื้อเริ่มต้น, ค่าบำรุงรักษา",4,4,5,5,4,5,3,5,4,4,5,5,5,3,5,4,5,4,4,5,5
"26/7/2026, 14:31:16",ชาย,31-40 ปี,ไม่มีบุตร,ปริญญาตรี,พนักงานเอกชน,3-4 คน,คอนโด / อพาร์ตเมนต์ / หอพัก,เช่า,มีที่จอดรถส่วนกลาง / เช่า,"15,001-25,000 บาท",มี,ขับนอกเมือง,1-2 วัน / สัปดาห์,น้อยกว่า 10 กิโลเมตร,"ศูนย์บริการและอะไหล่, มูลค่าการขายต่อ","รถยนต์สันดาป (ดีเซล / เบนซิน), รถยนต์ไฮบริด (Hybrid)","ราคา, ความสามารถในการผ่อนชำระ","500,001-800,000 บาท","เพื่อใช้ในการเดินทางไปทำงาน, เพื่อความสะดวกในการเดินทาง",มีแนวโน้มที่จะซื้อ,รถยนต์ไฮบริด (Hybrid),ค่าบำรุงรักษา,3,4,5,4,4,4,5,4,4,4,4,4,4,3,5,3,3,4,3,3,3
"26/7/2026, 14:31:18",ชาย,24-26 ปี,ไม่มีบุตร,ปริญญาโท,อาชีพอิสระ,3-4 คน,บ้านเดี่ยว / บ้านแฝด,พักอาศัยกับครอบครัว / ผู้อื่น,มีที่จอดรถส่วนตัว,"15,001-25,000 บาท",มี,ขับทั้งในเมืองและนอกเมือง,1-2 วัน / สัปดาห์,10-30 กิโลเมตร,ค่าใช้จ่ายในการซ่อมบำรุง,รถยนต์สันดาป (ดีเซล / เบนซิน),ค่าซ่อมบำรุง,"500,001-800,000 บาท","เพื่อใช้ในการเดินทางไปทำงาน, เพื่อใช้ในการค้าขาย, เพื่อใช้ในการเดินทางท่องเที่ยว",ยังไม่มีแนวโน้มที่จะซื้อ,รถยนต์ไฮบริด (Hybrid),ราคาซื้อเริ่มต้น,4,4,5,5,4,5,4,4,3,5,3,4,5,2,5,2,4,5,3,5,5
"26/7/2026, 14:31:19",หญิง,27-30 ปี,ไม่มีบุตร,ปริญญาตรี,ค้าขาย,5 คนขึ้นไป,คอนโด / อพาร์ตเมนต์ / หอพัก,เป็นเจ้าของ,มีที่จอดรถส่วนตัว,"35,001-50,000 บาท","ไม่มี (หากตอบ ""ไม่มี"" ให้ข้ามไปตอบตอนที่ 3)",,,,,,"ความสามารถในการผ่อนชำระ, รูปลักษณ์ / ดีไซน์, ความคุ้มค่าโดยรวม","800,001-1,200,000 บาท","เพื่อใช้ในการเดินทางไปทำงาน, เพื่อใช้ในการค้าขาย",ยังไม่มีแนวโน้มที่จะซื้อ,รถยนต์ไฟฟ้า (EV),ค่าบำรุงรักษา,5,5,4,5,2,5,5,5,5,3,5,4,4,4,4,4,4,5,4,4,5
"26/7/2026, 14:31:21",หญิง,31-40 ปี,ไม่มีบุตร,ปวช. / ปวส.,ค้าขาย,3-4 คน,บ้านเดี่ยว / บ้านแฝด,พักอาศัยกับครอบครัว / ผู้อื่น,มีที่จอดรถส่วนกลาง / เช่า,"15,001-25,000 บาท",มี,ขับในเมือง,1-2 วัน / สัปดาห์,10-30 กิโลเมตร,อายุการใช้งาน,รถยนต์สันดาป (ดีเซล / เบนซิน),"ความสามารถในการผ่อนชำระ, เทคโนโลยีและฟังก์ชันภายในรถ","ต่ำกว่า 500,000 บาท",เพื่อใช้ในการค้าขาย,ยังไม่มีแนวโน้มที่จะซื้อ,รถยนต์ไฮบริด (Hybrid),ราคาซื้อเริ่มต้น,4,5,5,4,3,3,4,4,5,5,3,4,3,5,5,5,3,5,4,5,4
"26/7/2026, 14:31:23",ชาย,27-30 ปี,ไม่มีบุตร,ปริญญาตรี,พนักงานเอกชน,3-4 คน,คอนโด / อพาร์ตเมนต์ / หอพัก,เช่า,มีที่จอดรถส่วนกลาง / เช่า,"25,001-35,000 บาท",มี,ขับนอกเมือง,ใช้งานทุกวัน,10-30 กิโลเมตร,"ปั๊มน้ำมัน / สถานีชาร์จ, ศูนย์บริการและอะไหล่","รถยนต์สันดาป (ดีเซล / เบนซิน), รถยนต์ไฮบริด (Hybrid)",ราคา,"ต่ำกว่า 500,000 บาท",เพื่อใช้ในการเดินทางไปทำงาน,มีแนวโน้มที่จะซื้อ,รถยนต์ไฟฟ้า (EV),ราคาซื้อเริ่มต้น,3,2,4,5,3,3,4,4,5,5,5,5,3,2,3,5,4,4,5,4,5
"26/7/2026, 14:31:24",ชาย,27-30 ปี,ไม่มีบุตร,ปริญญาตรี,พนักงานเอกชน,3-4 คน,คอนโด / อพาร์ตเมนต์ / หอพัก,เช่า,มีที่จอดรถส่วนตัว,"35,001-50,000 บาท","ไม่มี (หากตอบ ""ไม่มี"" ให้ข้ามไปตอบตอนที่ 3)",,,,,,ค่าซ่อมบำรุง,"500,001-800,000 บาท",เพื่อใช้ในการค้าขาย,มีแนวโน้มที่จะซื้อ,รถยนต์ไฮบริด (Hybrid),ค่าบำรุงรักษา,4,4,4,5,5,5,4,5,5,3,5,4,4,5,4,5,5,5,5,5,5
"26/7/2026, 14:31:26",หญิง,27-30 ปี,ไม่มีบุตร,ปริญญาโท,นักเรียน / นักศึกษา,3-4 คน,บ้านเดี่ยว / บ้านแฝด,เช่า,มีที่จอดรถส่วนตัว,"ต่ำกว่า 15,000 บาท",มี,ขับนอกเมือง,1-2 วัน / สัปดาห์,10-30 กิโลเมตร,ศูนย์บริการและอะไหล่,รถยนต์สันดาป (ดีเซล / เบนซิน),ความคุ้มค่าโดยรวม,"800,001-1,200,000 บาท",เพื่อใช้ในการค้าขาย,มีแนวโน้มที่จะซื้อ,รถยนต์ไฮบริด (Hybrid),ค่าบำรุงรักษา,5,4,5,4,5,5,3,5,5,4,5,5,5,4,5,5,5,3,4,4,5
"26/7/2026, 14:31:28",หญิง,20-23 ปี,ไม่มีบุตร,ปริญญาตรี,ค้าขาย,3-4 คน,บ้านเดี่ยว / บ้านแฝด,เป็นเจ้าของ,มีที่จอดรถส่วนกลาง / เช่า,"35,001-50,000 บาท",มี,ขับทั้งในเมืองและนอกเมือง,1-2 วัน / สัปดาห์,10-30 กิโลเมตร,ค่าใช้จ่ายในการซ่อมบำรุง,รถยนต์สันดาป (ดีเซล / เบนซิน),การรับประกันและบริการหลังการขาย,"ต่ำกว่า 500,000 บาท",เพื่อใช้ในการค้าขาย,มีแนวโน้มที่จะซื้อ,รถยนต์ไฮบริด (Hybrid),ค่าบำรุงรักษา,3,5,4,4,5,5,3,3,3,4,4,4,4,4,5,5,3,4,3,3,4
"26/7/2026, 14:31:30",ชาย,27-30 ปี,1 คน,ปริญญาตรี,พนักงานเอกชน,3-4 คน,คอนโด / อพาร์ตเมนต์ / หอพัก,เป็นเจ้าของ,มีที่จอดรถส่วนกลาง / เช่า,"25,001-35,000 บาท","ไม่มี (หากตอบ ""ไม่มี"" ให้ข้ามไปตอบตอนที่ 3)",,,,,,"ความสามารถในการผ่อนชำระ, ความคุ้มค่าโดยรวม","ต่ำกว่า 500,000 บาท",เพื่อใช้ในการค้าขาย,มีแนวโน้มที่จะซื้อ,รถยนต์สันดาป (ดีเซล / เบนซิน),ค่าบำรุงรักษา,5,5,4,5,4,3,5,5,5,5,4,3,5,4,5,3,4,4,4,5,5
"26/7/2026, 14:31:32",หญิง,24-26 ปี,ไม่มีบุตร,ปริญญาตรี,พนักงานเอกชน,1-2 คน,บ้านเดี่ยว / บ้านแฝด,เช่า,มีที่จอดรถส่วนตัว,"15,001-25,000 บาท",มี,ขับในเมือง,1-2 วัน / สัปดาห์,10-30 กิโลเมตร,อายุการใช้งาน,"รถยนต์สันดาป (ดีเซล / เบนซิน), รถยนต์ไฮบริด (Hybrid)","ราคา, ความคุ้มค่าโดยรวม","500,001-800,000 บาท","เพื่อใช้ในการเดินทางไปทำงาน, เพื่อใช้ในการเดินทางท่องเที่ยว",มีแนวโน้มที่จะซื้อ,รถยนต์ไฮบริด (Hybrid),ราคาซื้อเริ่มต้น,5,4,5,5,4,3,5,4,5,4,4,3,4,3,5,5,4,4,4,4,4
"26/7/2026, 14:31:33",ชาย,31-40 ปี,ไม่มีบุตร,ปวช. / ปวส.,พนักงานเอกชน,1-2 คน,บ้านเดี่ยว / บ้านแฝด,เป็นเจ้าของ,มีที่จอดรถส่วนตัว,"35,001-50,000 บาท",มี,ขับนอกเมือง,5-6 วัน / สัปดาห์,10-30 กิโลเมตร,"ศูนย์บริการและอะไหล่, อายุการใช้งาน, ค่าใช้จ่ายในการซ่อมบำรุง",รถยนต์ไฮบริด (Hybrid),"ราคา, ค่าน้ำมัน, รูปลักษณ์ / ดีไซน์","800,001-1,200,000 บาท","เพื่อใช้ในการค้าขาย, เพื่อหลีกเลี่ยงปัญหาจากระบบการขนส่งมวลชน",มีแนวโน้มที่จะซื้อ,รถยนต์ไฟฟ้า (EV),ค่าบำรุงรักษา,5,5,5,3,4,4,4,4,4,5,3,4,4,4,5,5,5,3,4,5,4
"26/7/2026, 14:31:35",หญิง,31-40 ปี,ไม่มีบุตร,ปริญญาตรี,ข้าราชการ,1-2 คน,คอนโด / อพาร์ตเมนต์ / หอพัก,เป็นเจ้าของ,มีที่จอดรถส่วนตัว,"25,001-35,000 บาท",มี,ขับทั้งในเมืองและนอกเมือง,ใช้งานทุกวัน,10-30 กิโลเมตร,อายุการใช้งาน,รถยนต์สันดาป (ดีเซล / เบนซิน),ความคุ้มค่าโดยรวม,"800,001-1,200,000 บาท","เพื่อใช้ในการเดินทางไปทำงาน, เพื่อใช้ในการค้าขาย",มีแนวโน้มที่จะซื้อ,รถยนต์ไฮบริด (Hybrid),ค่าบำรุงรักษา,4,3,4,4,5,5,4,5,5,5,4,4,5,4,3,3,3,5,5,4,4
"26/7/2026, 14:31:36",ชาย,27-30 ปี,ไม่มีบุตร,ปริญญาโท,พนักงานเอกชน,3-4 คน,คอนโด / อพาร์ตเมนต์ / หอพัก,เช่า,มีที่จอดรถส่วนตัว,"50,001-75,000 บาท",มี,ขับนอกเมือง,ใช้เป็นครั้งคราว,10-30 กิโลเมตร,ราคาน้ำมัน,รถยนต์สันดาป (ดีเซล / เบนซิน),ความคุ้มค่าโดยรวม,"800,001-1,200,000 บาท",เพื่อใช้ในการค้าขาย,มีแนวโน้มที่จะซื้อ,รถยนต์สันดาป (ดีเซล / เบนซิน),"ค่าบำรุงรักษา, ความสะดวกในการใช้งาน",5,4,5,3,5,4,5,4,4,5,4,5,3,5,5,5,3,5,5,4,5
"26/7/2026, 14:31:38",ชาย,31-40 ปี,ไม่มีบุตร,ม.6,พนักงานเอกชน,3-4 คน,คอนโด / อพาร์ตเมนต์ / หอพัก,เช่า,มีที่จอดรถส่วนตัว,"35,001-50,000 บาท","ไม่มี (หากตอบ ""ไม่มี"" ให้ข้ามไปตอบตอนที่ 3)",,,,,,"ราคา, รูปลักษณ์ / ดีไซน์","500,001-800,000 บาท",เพื่อใช้ในการค้าขาย,ยังไม่มีแนวโน้มที่จะซื้อ,รถยนต์ไฟฟ้า (EV),ค่าบำรุงรักษา,3,3,3,5,5,5,5,4,4,5,5,5,4,4,3,4,5,4,3,4,4
"26/7/2026, 14:31:40",ชาย,51-60 ปี,ไม่มีบุตร,ปริญญาตรี,ค้าขาย,5 คนขึ้นไป,บ้านเดี่ยว / บ้านแฝด,เช่า,มีที่จอดรถส่วนกลาง / เช่า,"35,001-50,000 บาท","ไม่มี (หากตอบ ""ไม่มี"" ให้ข้ามไปตอบตอนที่ 3)",,,,,,ความคุ้มค่าโดยรวม,"ต่ำกว่า 500,000 บาท","เพื่อใช้ในการเดินทางไปทำงาน, เพื่อความสะดวกในการเดินทาง",มีแนวโน้มที่จะซื้อ,รถยนต์สันดาป (ดีเซล / เบนซิน),ความสะดวกในการใช้งาน,3,4,5,5,3,3,4,5,5,5,5,5,4,4,4,4,4,5,4,5,5
"26/7/2026, 14:31:41",ชาย,24-26 ปี,1 คน,ปริญญาตรี,รัฐวิสาหกิจ,3-4 คน,คอนโด / อพาร์ตเมนต์ / หอพัก,เช่า,มีที่จอดรถส่วนตัว,"15,001-25,000 บาท","ไม่มี (หากตอบ ""ไม่มี"" ให้ข้ามไปตอบตอนที่ 3)",,,,,,ความคุ้มค่าโดยรวม,"500,001-800,000 บาท",เพื่อใช้ในการเดินทางไปทำงาน,ยังไม่มีแนวโน้มที่จะซื้อ,รถยนต์ไฮบริด (Hybrid),ค่าบำรุงรักษา,4,4,5,4,5,5,4,5,5,4,5,3,4,5,5,5,3,3,5,5,4
"26/7/2026, 14:31:43",หญิง,20-23 ปี,ไม่มีบุตร,ปริญญาตรี,พนักงานเอกชน,1-2 คน,บ้านเดี่ยว / บ้านแฝด,เช่า,มีที่จอดรถส่วนตัว,"ต่ำกว่า 15,000 บาท",มี,ขับทั้งในเมืองและนอกเมือง,1-2 วัน / สัปดาห์,10-30 กิโลเมตร,ศูนย์บริการและอะไหล่,"รถยนต์สันดาป (ดีเซล / เบนซิน), รถยนต์ไฟฟ้า (EV)",ความคุ้มค่าโดยรวม,"ต่ำกว่า 500,000 บาท",เพื่อใช้ในการค้าขาย,ยังไม่มีแนวโน้มที่จะซื้อ,รถยนต์ไฮบริด (Hybrid),ค่าบำรุงรักษา,5,5,5,5,4,5,4,5,4,3,5,4,3,3,5,5,4,5,5,4,3
"26/7/2026, 14:31:45",หญิง,31-40 ปี,ไม่มีบุตร,ปริญญาตรี,ค้าขาย,3-4 คน,บ้านเดี่ยว / บ้านแฝด,เช่า,มีที่จอดรถส่วนตัว,"15,001-25,000 บาท",มี,ขับทั้งในเมืองและนอกเมือง,ใช้งานทุกวัน,10-30 กิโลเมตร,อายุการใช้งาน,รถยนต์สันดาป (ดีเซล / เบนซิน),"ความสามารถในการผ่อนชำระ, การรับประกันและบริการหลังการขาย","ต่ำกว่า 500,000 บาท",เพื่อใช้ในการค้าขาย,มีแนวโน้มที่จะซื้อ,รถยนต์สันดาป (ดีเซล / เบนซิน),ค่าบำรุงรักษา,4,4,4,4,4,5,4,5,4,5,2,5,4,5,5,3,4,3,5,4,4
"26/7/2026, 14:31:47",หญิง,24-26 ปี,ไม่มีบุตร,ปริญญาโท,รัฐวิสาหกิจ,3-4 คน,บ้านเดี่ยว / บ้านแฝด,พักอาศัยกับครอบครัว / ผู้อื่น,มีที่จอดรถส่วนตัว,"35,001-50,000 บาท",มี,ขับนอกเมือง,ใช้งานทุกวัน,31-50 กิโลเมตร,อายุการใช้งาน,รถยนต์ไฮบริด (Hybrid),"สมรรถนะในการขับขี่, รูปลักษณ์ / ดีไซน์","ต่ำกว่า 500,000 บาท",เพื่อใช้ในการเดินทางไปทำงาน,มีแนวโน้มที่จะซื้อ,รถยนต์สันดาป (ดีเซล / เบนซิน),ค่าบำรุงรักษา,3,4,5,3,4,5,5,4,4,4,4,4,4,4,5,5,4,4,5,3,4
"26/7/2026, 14:31:48",ชาย,20-23 ปี,1 คน,ปริญญาตรี,พนักงานเอกชน,1-2 คน,บ้านเดี่ยว / บ้านแฝด,เป็นเจ้าของ,มีที่จอดรถส่วนตัว,"25,001-35,000 บาท","ไม่มี (หากตอบ ""ไม่มี"" ให้ข้ามไปตอบตอนที่ 3)",,,,,,"ค่าน้ำมัน, ค่าซ่อมบำรุง, รูปลักษณ์ / ดีไซน์, เทคโนโลยีและฟังก์ชันภายในรถ, ความคุ้มค่าโดยรวม","500,001-800,000 บาท","เพื่อใช้ในการเดินทางไปทำงาน, เพื่อใช้ในการค้าขาย",มีแนวโน้มที่จะซื้อ,รถยนต์สันดาป (ดีเซล / เบนซิน),ค่าบำรุงรักษา,4,3,4,5,4,5,4,5,5,3,4,5,4,5,5,5,3,3,3,5,5
"26/7/2026, 14:31:49",หญิง,41-50 ปี,2 คน,ปริญญาตรี,ข้าราชการ,3-4 คน,บ้านเดี่ยว / บ้านแฝด,เช่า,มีที่จอดรถส่วนตัว,"50,001-75,000 บาท",มี,ขับนอกเมือง,ใช้งานทุกวัน,10-30 กิโลเมตร,อายุการใช้งาน,รถยนต์สันดาป (ดีเซล / เบนซิน),ความคุ้มค่าโดยรวม,"ต่ำกว่า 500,000 บาท","เพื่อใช้ในการเดินทางไปทำงาน, เพื่อใช้ในการเดินทางท่องเที่ยว",มีแนวโน้มที่จะซื้อ,รถยนต์สันดาป (ดีเซล / เบนซิน),เทคโนโลยีและความทันสมัย,5,4,4,3,5,5,5,5,4,4,4,5,5,3,4,4,4,4,5,5,5
"26/7/2026, 14:31:51",หญิง,41-50 ปี,ไม่มีบุตร,ม.3,รัฐวิสาหกิจ,3-4 คน,คอนโด / อพาร์ตเมนต์ / หอพัก,พักอาศัยกับครอบครัว / ผู้อื่น,มีที่จอดรถส่วนตัว,"50,001-75,000 บาท",มี,ขับนอกเมือง,1-2 วัน / สัปดาห์,31-50 กิโลเมตร,อายุการใช้งาน,รถยนต์สันดาป (ดีเซล / เบนซิน),"ราคา, ค่าน้ำมัน, ค่าซ่อมบำรุง, เทคโนโลยีและฟังก์ชันภายในรถ","ต่ำกว่า 500,000 บาท",เพื่อใช้ในการค้าขาย,มีแนวโน้มที่จะซื้อ,รถยนต์ไฟฟ้า (EV),"ค่าบำรุงรักษา, เทคโนโลยีและความทันสมัย",5,5,4,5,5,3,5,3,4,5,4,4,4,4,5,5,4,5,5,5,5
"26/7/2026, 14:31:52",หญิง,27-30 ปี,2 คน,ปริญญาตรี,รัฐวิสาหกิจ,1-2 คน,คอนโด / อพาร์ตเมนต์ / หอพัก,เช่า,มีที่จอดรถส่วนกลาง / เช่า,"35,001-50,000 บาท","ไม่มี (หากตอบ ""ไม่มี"" ให้ข้ามไปตอบตอนที่ 3)",,,,,,"ค่าซ่อมบำรุง, รูปลักษณ์ / ดีไซน์","800,001-1,200,000 บาท",เพื่อใช้ในการค้าขาย,มีแนวโน้มที่จะซื้อ,รถยนต์ไฮบริด (Hybrid),"ราคาซื้อเริ่มต้น, ค่าบำรุงรักษา",5,5,5,4,5,4,4,5,5,4,4,4,4,5,5,4,5,4,5,5,5
"26/7/2026, 14:31:53",ชาย,27-30 ปี,ไม่มีบุตร,ปริญญาตรี,พนักงานเอกชน,3-4 คน,คอนโด / อพาร์ตเมนต์ / หอพัก,พักอาศัยกับครอบครัว / ผู้อื่น,มีที่จอดรถส่วนตัว,"ต่ำกว่า 15,000 บาท",มี,ขับนอกเมือง,ใช้งานทุกวัน,10-30 กิโลเมตร,"ปั๊มน้ำมัน / สถานีชาร์จ, อายุการใช้งาน",รถยนต์ไฟฟ้า (EV),ความคุ้มค่าโดยรวม,"ต่ำกว่า 500,000 บาท",เพื่อใช้ในการค้าขาย,มีแนวโน้มที่จะซื้อ,รถยนต์สันดาป (ดีเซล / เบนซิน),ค่าบำรุงรักษา,4,5,5,3,4,3,2,4,4,4,5,3,5,4,5,5,5,5,3,5,5
"26/7/2026, 14:31:55",หญิง,27-30 ปี,ไม่มีบุตร,ปริญญาโท,พนักงานเอกชน,3-4 คน,คอนโด / อพาร์ตเมนต์ / หอพัก,เช่า,มีที่จอดรถส่วนตัว,"35,001-50,000 บาท",มี,ขับทั้งในเมืองและนอกเมือง,ใช้งานทุกวัน,10-30 กิโลเมตร,ค่าใช้จ่ายในการซ่อมบำรุง,รถยนต์สันดาป (ดีเซล / เบนซิน),"ความสามารถในการผ่อนชำระ, ค่าซ่อมบำรุง, การรับประกันและบริการหลังการขาย","ต่ำกว่า 500,000 บาท",เพื่อใช้ในการค้าขาย,มีแนวโน้มที่จะซื้อ,รถยนต์ไฟฟ้า (EV),ราคาซื้อเริ่มต้น,5,4,5,4,3,4,5,5,5,4,5,5,4,4,3,3,5,5,4,5,4
"26/7/2026, 14:31:57",ชาย,27-30 ปี,ไม่มีบุตร,ปริญญาตรี,นักเรียน / นักศึกษา,1-2 คน,คอนโด / อพาร์ตเมนต์ / หอพัก,เช่า,ไม่มีที่จอดรถ,"ต่ำกว่า 15,000 บาท",มี,ขับทั้งในเมืองและนอกเมือง,1-2 วัน / สัปดาห์,51-70 กิโลเมตร,อายุการใช้งาน,รถยนต์สันดาป (ดีเซล / เบนซิน),ความคุ้มค่าโดยรวม,"ต่ำกว่า 500,000 บาท",เพื่อใช้ในการค้าขาย,มีแนวโน้มที่จะซื้อ,รถยนต์สันดาป (ดีเซล / เบนซิน),ค่าบำรุงรักษา,3,4,3,4,3,4,4,4,4,5,4,3,5,3,4,4,5,4,3,5,4
"26/7/2026, 14:31:59",ชาย,51-60 ปี,ไม่มีบุตร,ม.6,พนักงานเอกชน,3-4 คน,บ้านเดี่ยว / บ้านแฝด,เป็นเจ้าของ,มีที่จอดรถส่วนกลาง / เช่า,"25,001-35,000 บาท","ไม่มี (หากตอบ ""ไม่มี"" ให้ข้ามไปตอบตอนที่ 3)",,,,,,"ค่าน้ำมัน, ความคุ้มค่าโดยรวม","1,200,000-1,500,000 บาท",เพื่อใช้ในการค้าขาย,มีแนวโน้มที่จะซื้อ,รถยนต์ไฮบริด (Hybrid),"ค่าบำรุงรักษา, ความสะดวกในการใช้งาน, เทคโนโลยีและความทันสมัย",5,4,5,4,4,5,5,4,4,5,4,4,3,3,4,2,5,3,5,5,3
"26/7/2026, 14:32:01",หญิง,31-40 ปี,ไม่มีบุตร,ม.6,พนักงานเอกชน,3-4 คน,บ้านเดี่ยว / บ้านแฝด,เช่า,มีที่จอดรถส่วนกลาง / เช่า,"35,001-50,000 บาท",มี,ขับทั้งในเมืองและนอกเมือง,3-4 วัน / สัปดาห์,น้อยกว่า 10 กิโลเมตร,"ปั๊มน้ำมัน / สถานีชาร์จ, ศูนย์บริการและอะไหล่, อายุการใช้งาน",รถยนต์ไฮบริด (Hybrid),"ราคา, การรับประกันและบริการหลังการขาย","800,001-1,200,000 บาท",เพื่อหลีกเลี่ยงปัญหาจากระบบการขนส่งมวลชน,มีแนวโน้มที่จะซื้อ,รถยนต์ไฟฟ้า (EV),"ราคาซื้อเริ่มต้น, ค่าบำรุงรักษา",5,4,4,5,4,4,4,4,5,5,4,3,5,5,3,4,3,5,5,3,4
"26/7/2026, 14:32:03",หญิง,31-40 ปี,ไม่มีบุตร,ปริญญาตรี,รัฐวิสาหกิจ,3-4 คน,บ้านเดี่ยว / บ้านแฝด,เช่า,มีที่จอดรถส่วนตัว,"50,001-75,000 บาท",มี,ขับทั้งในเมืองและนอกเมือง,1-2 วัน / สัปดาห์,น้อยกว่า 10 กิโลเมตร,อายุการใช้งาน,รถยนต์สันดาป (ดีเซล / เบนซิน),"ค่าซ่อมบำรุง, สมรรถนะในการขับขี่, การรับประกันและบริการหลังการขาย","ต่ำกว่า 500,000 บาท",เพื่อใช้ในการค้าขาย,มีแนวโน้มที่จะซื้อ,รถยนต์ไฟฟ้า (EV),ค่าบำรุงรักษา,5,3,5,5,4,5,4,5,5,5,5,4,4,5,5,4,5,5,4,4,3
"26/7/2026, 14:32:04",ชาย,24-26 ปี,ไม่มีบุตร,ปริญญาตรี,นักเรียน / นักศึกษา,3-4 คน,คอนโด / อพาร์ตเมนต์ / หอพัก,เช่า,มีที่จอดรถส่วนตัว,"ต่ำกว่า 15,000 บาท",มี,ขับนอกเมือง,1-2 วัน / สัปดาห์,31-50 กิโลเมตร,"ราคาน้ำมัน, อายุการใช้งาน",รถยนต์สันดาป (ดีเซล / เบนซิน),ความคุ้มค่าโดยรวม,"1,200,000-1,500,000 บาท",เพื่อใช้ในการค้าขาย,มีแนวโน้มที่จะซื้อ,รถยนต์ไฟฟ้า (EV),เทคโนโลยีและความทันสมัย,4,4,5,3,3,4,4,4,4,4,5,3,4,4,5,4,4,5,4,4,3
"26/7/2026, 14:32:05",ชาย,24-26 ปี,ไม่มีบุตร,ปริญญาโท,พนักงานเอกชน,3-4 คน,คอนโด / อพาร์ตเมนต์ / หอพัก,เช่า,มีที่จอดรถส่วนตัว,"15,001-25,000 บาท","ไม่มี (หากตอบ ""ไม่มี"" ให้ข้ามไปตอบตอนที่ 3)",,,,,,"ค่าน้ำมัน, ค่าซ่อมบำรุง","500,001-800,000 บาท",เพื่อใช้ในการค้าขาย,มีแนวโน้มที่จะซื้อ,รถยนต์ไฟฟ้า (EV),ค่าบำรุงรักษา,5,5,4,4,5,3,4,5,3,5,4,5,5,5,2,5,4,5,5,5,4
"26/7/2026, 14:32:06",ชาย,20-23 ปี,ไม่มีบุตร,ปริญญาตรี,นักเรียน / นักศึกษา,3-4 คน,บ้านเดี่ยว / บ้านแฝด,เช่า,มีที่จอดรถส่วนตัว,"25,001-35,000 บาท",มี,ขับทั้งในเมืองและนอกเมือง,ใช้งานทุกวัน,10-30 กิโลเมตร,มูลค่าการขายต่อ,รถยนต์สันดาป (ดีเซล / เบนซิน),"ความคุ้มค่าโดยรวม, การรับประกันและบริการหลังการขาย","ต่ำกว่า 500,000 บาท",เพื่อใช้ในการค้าขาย,มีแนวโน้มที่จะซื้อ,รถยนต์ไฟฟ้า (EV),"ค่าบำรุงรักษา, เทคโนโลยีและความทันสมัย",5,4,4,3,4,3,4,5,4,3,4,3,5,4,5,4,5,5,4,4,4
"26/7/2026, 14:32:08",หญิง,24-26 ปี,ไม่มีบุตร,ปริญญาโท,ข้าราชการ,3-4 คน,คอนโด / อพาร์ตเมนต์ / หอพัก,พักอาศัยกับครอบครัว / ผู้อื่น,มีที่จอดรถส่วนตัว,"15,001-25,000 บาท","ไม่มี (หากตอบ ""ไม่มี"" ให้ข้ามไปตอบตอนที่ 3)",,,,,,"ความสามารถในการผ่อนชำระ, ค่าน้ำมัน, สมรรถนะในการขับขี่, รูปลักษณ์ / ดีไซน์, การรับประกันและบริการหลังการขาย","500,001-800,000 บาท",เพื่อใช้ในการค้าขาย,ยังไม่มีแนวโน้มที่จะซื้อ,รถยนต์ไฟฟ้า (EV),ค่าบำรุงรักษา,4,4,4,4,5,4,3,5,3,5,4,4,3,3,4,4,5,5,4,4,5
"26/7/2026, 14:32:10",หญิง,27-30 ปี,ไม่มีบุตร,ปริญญาตรี,ค้าขาย,3-4 คน,คอนโด / อพาร์ตเมนต์ / หอพัก,เป็นเจ้าของ,มีที่จอดรถส่วนตัว,"25,001-35,000 บาท",มี,ขับทั้งในเมืองและนอกเมือง,1-2 วัน / สัปดาห์,31-50 กิโลเมตร,"ปั๊มน้ำมัน / สถานีชาร์จ, อายุการใช้งาน",รถยนต์สันดาป (ดีเซล / เบนซิน),ความคุ้มค่าโดยรวม,"ต่ำกว่า 500,000 บาท",เพื่อหลีกเลี่ยงปัญหาจากระบบการขนส่งมวลชน,มีแนวโน้มที่จะซื้อ,รถยนต์ไฮบริด (Hybrid),ค่าบำรุงรักษา,5,4,5,5,5,5,4,5,5,5,4,4,5,4,3,2,5,5,5,5,5
"26/7/2026, 14:32:12",หญิง,31-40 ปี,1 คน,ปริญญาตรี,ข้าราชการ,3-4 คน,คอนโด / อพาร์ตเมนต์ / หอพัก,พักอาศัยกับครอบครัว / ผู้อื่น,มีที่จอดรถส่วนตัว,"50,001-75,000 บาท",มี,ขับนอกเมือง,ใช้งานทุกวัน,31-50 กิโลเมตร,"ราคาน้ำมัน, อายุการใช้งาน",รถยนต์ไฮบริด (Hybrid),"รูปลักษณ์ / ดีไซน์, แบรนด์, เทคโนโลยีและฟังก์ชันภายในรถ","ต่ำกว่า 500,000 บาท",เพื่อหลีกเลี่ยงปัญหาจากระบบการขนส่งมวลชน,มีแนวโน้มที่จะซื้อ,รถยนต์ไฟฟ้า (EV),ค่าบำรุงรักษา,4,4,4,5,4,5,3,4,4,4,5,5,5,5,5,3,5,4,5,5,4
"26/7/2026, 14:32:14",หญิง,31-40 ปี,1 คน,ปริญญาตรี,อาชีพอิสระ,1-2 คน,บ้านเดี่ยว / บ้านแฝด,เช่า,มีที่จอดรถส่วนตัว,"25,001-35,000 บาท",มี,ขับนอกเมือง,1-2 วัน / สัปดาห์,31-50 กิโลเมตร,"ศูนย์บริการและอะไหล่, ค่าใช้จ่ายในการซ่อมบำรุง",รถยนต์สันดาป (ดีเซล / เบนซิน),ค่าซ่อมบำรุง,"มากกว่า 1,500,000 บาท","เพื่อใช้ในการเดินทางไปทำงาน, เพื่อใช้ในการเดินทางท่องเที่ยว, เพื่อหลีกเลี่ยงปัญหาจากระบบการขนส่งมวลชน",ยังไม่มีแนวโน้มที่จะซื้อ,รถยนต์ไฮบริด (Hybrid),ค่าบำรุงรักษา,5,5,4,4,4,5,4,5,4,3,5,5,3,5,5,3,4,4,5,5,5
"26/7/2026, 14:32:16",ชาย,27-30 ปี,ไม่มีบุตร,ปริญญาตรี,ข้าราชการ,3-4 คน,บ้านเดี่ยว / บ้านแฝด,เป็นเจ้าของ,มีที่จอดรถส่วนตัว,"35,001-50,000 บาท","ไม่มี (หากตอบ ""ไม่มี"" ให้ข้ามไปตอบตอนที่ 3)",,,,,,"ความสามารถในการผ่อนชำระ, ค่าน้ำมัน, ความคุ้มค่าโดยรวม, การรับประกันและบริการหลังการขาย","ต่ำกว่า 500,000 บาท",เพื่อความสะดวกในการเดินทาง,มีแนวโน้มที่จะซื้อ,รถยนต์ไฟฟ้า (EV),ค่าบำรุงรักษา,4,5,3,5,5,4,5,4,3,5,4,5,4,5,5,5,4,5,5,4,5
"26/7/2026, 14:32:18",หญิง,24-26 ปี,ไม่มีบุตร,ปริญญาตรี,พนักงานเอกชน,5 คนขึ้นไป,บ้านเดี่ยว / บ้านแฝด,เป็นเจ้าของ,มีที่จอดรถส่วนตัว,"25,001-35,000 บาท","ไม่มี (หากตอบ ""ไม่มี"" ให้ข้ามไปตอบตอนที่ 3)",,,,,,"ความสามารถในการผ่อนชำระ, ความคุ้มค่าโดยรวม, การรับประกันและบริการหลังการขาย","800,001-1,200,000 บาท",เพื่อใช้ในการค้าขาย,มีแนวโน้มที่จะซื้อ,รถยนต์ไฟฟ้า (EV),ค่าบำรุงรักษา,5,5,5,5,5,4,5,4,4,3,4,4,4,5,4,4,4,3,3,5,4
"26/7/2026, 14:32:19",ชาย,31-40 ปี,1 คน,ปริญญาตรี,ข้าราชการ,5 คนขึ้นไป,คอนโด / อพาร์ตเมนต์ / หอพัก,เป็นเจ้าของ,มีที่จอดรถส่วนกลาง / เช่า,"35,001-50,000 บาท",มี,ขับนอกเมือง,ใช้งานทุกวัน,51-70 กิโลเมตร,ปั๊มน้ำมัน / สถานีชาร์จ,"รถยนต์สันดาป (ดีเซล / เบนซิน), รถยนต์ไฮบริด (Hybrid)","ค่าซ่อมบำรุง, การรับประกันและบริการหลังการขาย","500,001-800,000 บาท","เพื่อใช้ในการค้าขาย, เพื่อหลีกเลี่ยงปัญหาจากระบบการขนส่งมวลชน",มีแนวโน้มที่จะซื้อ,รถยนต์ไฟฟ้า (EV),ประหยัดค่าเชื้อเพลิง,5,4,3,4,4,5,5,5,4,5,5,4,5,3,4,3,4,5,5,5,5
"26/7/2026, 14:32:21",ชาย,27-30 ปี,ไม่มีบุตร,ปริญญาตรี,พนักงานเอกชน,1-2 คน,บ้านเดี่ยว / บ้านแฝด,เช่า,มีที่จอดรถส่วนกลาง / เช่า,"15,001-25,000 บาท",มี,ขับนอกเมือง,ใช้งานทุกวัน,10-30 กิโลเมตร,"ราคาน้ำมัน, ศูนย์บริการและอะไหล่, อายุการใช้งาน, ค่าใช้จ่ายในการซ่อมบำรุง","รถยนต์สันดาป (ดีเซล / เบนซิน), รถยนต์ไฮบริด (Hybrid), รถยนต์ไฟฟ้า (EV)",ความคุ้มค่าโดยรวม,"ต่ำกว่า 500,000 บาท",เพื่อหลีกเลี่ยงปัญหาจากระบบการขนส่งมวลชน,มีแนวโน้มที่จะซื้อ,รถยนต์ไฟฟ้า (EV),ราคาซื้อเริ่มต้น,5,3,4,5,5,4,3,3,4,3,5,4,4,4,4,5,5,5,3,4,4
"26/7/2026, 14:32:22",หญิง,24-26 ปี,ไม่มีบุตร,ปริญญาโท,พนักงานเอกชน,3-4 คน,บ้านเดี่ยว / บ้านแฝด,เช่า,มีที่จอดรถส่วนตัว,"35,001-50,000 บาท",มี,ขับในเมือง,1-2 วัน / สัปดาห์,น้อยกว่า 10 กิโลเมตร,ปั๊มน้ำมัน / สถานีชาร์จ,รถยนต์สันดาป (ดีเซล / เบนซิน),"ค่าน้ำมัน, ค่าไฟฟ้า, แบรนด์, ความคุ้มค่าโดยรวม, การรับประกันและบริการหลังการขาย","ต่ำกว่า 500,000 บาท",เพื่อใช้ในการค้าขาย,ยังไม่มีแนวโน้มที่จะซื้อ,รถยนต์ไฟฟ้า (EV),ค่าบำรุงรักษา,5,5,5,5,5,3,5,5,5,5,4,5,5,4,3,5,4,4,5,3,4
"26/7/2026, 14:32:23",หญิง,41-50 ปี,ไม่มีบุตร,ปริญญาตรี,ค้าขาย,3-4 คน,คอนโด / อพาร์ตเมนต์ / หอพัก,พักอาศัยกับครอบครัว / ผู้อื่น,มีที่จอดรถส่วนกลาง / เช่า,"มากกว่า 75,000",มี,ขับทั้งในเมืองและนอกเมือง,1-2 วัน / สัปดาห์,31-50 กิโลเมตร,อายุการใช้งาน,รถยนต์สันดาป (ดีเซล / เบนซิน),"ราคา, แบรนด์","มากกว่า 1,500,000 บาท","เพื่อใช้ในการเดินทางไปทำงาน, เพื่อใช้ในการค้าขาย",ยังไม่มีแนวโน้มที่จะซื้อ,รถยนต์ไฟฟ้า (EV),"ค่าบำรุงรักษา, เทคโนโลยีและความทันสมัย",4,5,5,3,3,5,5,5,2,4,4,4,3,4,5,5,4,4,5,4,4
"26/7/2026, 14:32:25",หญิง,27-30 ปี,ไม่มีบุตร,ปริญญาโท,นักเรียน / นักศึกษา,3-4 คน,คอนโด / อพาร์ตเมนต์ / หอพัก,เช่า,มีที่จอดรถส่วนตัว,"ต่ำกว่า 15,000 บาท","ไม่มี (หากตอบ ""ไม่มี"" ให้ข้ามไปตอบตอนที่ 3)",,,,,,"ราคา, ค่าซ่อมบำรุง, รูปลักษณ์ / ดีไซน์, การรับประกันและบริการหลังการขาย","ต่ำกว่า 500,000 บาท",เพื่อใช้ในการค้าขาย,มีแนวโน้มที่จะซื้อ,รถยนต์ไฟฟ้า (EV),ค่าบำรุงรักษา,5,4,5,3,3,4,5,5,4,4,5,5,5,4,4,5,4,3,5,5,5
"26/7/2026, 14:32:26",ชาย,41-50 ปี,ไม่มีบุตร,ปริญญาตรี,ข้าราชการ,3-4 คน,คอนโด / อพาร์ตเมนต์ / หอพัก,เช่า,มีที่จอดรถส่วนตัว,"มากกว่า 75,000","ไม่มี (หากตอบ ""ไม่มี"" ให้ข้ามไปตอบตอนที่ 3)",,,,,,"ความคุ้มค่าโดยรวม, การรับประกันและบริการหลังการขาย","ต่ำกว่า 500,000 บาท",เพื่อใช้ในการค้าขาย,ยังไม่มีแนวโน้มที่จะซื้อ,รถยนต์ไฮบริด (Hybrid),ค่าบำรุงรักษา,5,3,5,5,4,5,5,4,4,5,3,4,3,5,4,4,5,3,5,5,4
"26/7/2026, 14:32:28",หญิง,27-30 ปี,ไม่มีบุตร,ปริญญาตรี,พนักงานเอกชน,3-4 คน,คอนโด / อพาร์ตเมนต์ / หอพัก,เป็นเจ้าของ,มีที่จอดรถส่วนตัว,"50,001-75,000 บาท","ไม่มี (หากตอบ ""ไม่มี"" ให้ข้ามไปตอบตอนที่ 3)",,,,,,"ความคุ้มค่าโดยรวม, การรับประกันและบริการหลังการขาย","500,001-800,000 บาท","เพื่อใช้ในการเดินทางไปทำงาน, เพื่อใช้ในการค้าขาย, เพื่อใช้ในการเดินทางท่องเที่ยว, เพื่อหลีกเลี่ยงปัญหาจากระบบการขนส่งมวลชน",มีแนวโน้มที่จะซื้อ,รถยนต์สันดาป (ดีเซล / เบนซิน),"ราคาซื้อเริ่มต้น, ค่าบำรุงรักษา",3,5,5,5,5,5,5,5,5,4,5,4,5,3,4,5,5,4,4,5,5
"26/7/2026, 14:32:29",หญิง,31-40 ปี,ไม่มีบุตร,ปริญญาตรี,ค้าขาย,1-2 คน,บ้านเดี่ยว / บ้านแฝด,เช่า,ไม่มีที่จอดรถ,"50,001-75,000 บาท",มี,ขับนอกเมือง,1-2 วัน / สัปดาห์,51-70 กิโลเมตร,"ราคาน้ำมัน, ศูนย์บริการและอะไหล่, ค่าใช้จ่ายในการซ่อมบำรุง",รถยนต์สันดาป (ดีเซล / เบนซิน),"ค่าน้ำมัน, การรับประกันและบริการหลังการขาย","ต่ำกว่า 500,000 บาท",เพื่อใช้ในการค้าขาย,ยังไม่มีแนวโน้มที่จะซื้อ,รถยนต์ไฮบริด (Hybrid),"ราคาซื้อเริ่มต้น, ค่าบำรุงรักษา, ความสะดวกในการใช้งาน",5,4,5,4,4,4,3,5,4,4,5,4,5,4,4,4,4,4,3,5,5
"26/7/2026, 14:32:30",หญิง,27-30 ปี,ไม่มีบุตร,ปริญญาตรี,พนักงานเอกชน,1-2 คน,บ้านเดี่ยว / บ้านแฝด,เช่า,มีที่จอดรถส่วนตัว,"15,001-25,000 บาท",มี,ขับในเมือง,ใช้งานทุกวัน,น้อยกว่า 10 กิโลเมตร,"ราคาน้ำมัน, อายุการใช้งาน",รถยนต์สันดาป (ดีเซล / เบนซิน),"ราคา, ความสามารถในการผ่อนชำระ, ค่าน้ำมัน, สมรรถนะในการขับขี่, ความคุ้มค่าโดยรวม","ต่ำกว่า 500,000 บาท",เพื่อใช้ในการเดินทางท่องเที่ยว,ยังไม่มีแนวโน้มที่จะซื้อ,รถยนต์ไฮบริด (Hybrid),ค่าบำรุงรักษา,5,4,5,5,2,4,4,4,4,5,4,5,5,5,4,5,4,3,5,4,5
"26/7/2026, 14:32:32",ชาย,31-40 ปี,ไม่มีบุตร,ม.6,รัฐวิสาหกิจ,3-4 คน,บ้านเดี่ยว / บ้านแฝด,เช่า,มีที่จอดรถส่วนกลาง / เช่า,"25,001-35,000 บาท",มี,ขับนอกเมือง,1-2 วัน / สัปดาห์,51-70 กิโลเมตร,ราคาน้ำมัน,รถยนต์ไฮบริด (Hybrid),"ค่าน้ำมัน, ค่าซ่อมบำรุง, รูปลักษณ์ / ดีไซน์","500,001-800,000 บาท",เพื่อใช้ในการค้าขาย,มีแนวโน้มที่จะซื้อ,รถยนต์ไฟฟ้า (EV),ค่าบำรุงรักษา,5,5,4,3,4,5,5,4,5,4,5,5,3,4,4,5,5,5,4,3,5
"26/7/2026, 14:32:33",ชาย,31-40 ปี,ไม่มีบุตร,ปริญญาโท,ค้าขาย,5 คนขึ้นไป,คอนโด / อพาร์ตเมนต์ / หอพัก,เป็นเจ้าของ,มีที่จอดรถส่วนกลาง / เช่า,"มากกว่า 75,000",มี,ขับทั้งในเมืองและนอกเมือง,1-2 วัน / สัปดาห์,31-50 กิโลเมตร,"ราคาน้ำมัน, อายุการใช้งาน",รถยนต์สันดาป (ดีเซล / เบนซิน),"ราคา, ความสามารถในการผ่อนชำระ, ค่าน้ำมัน, ค่าซ่อมบำรุง, ความคุ้มค่าโดยรวม","ต่ำกว่า 500,000 บาท",เพื่อใช้ในการค้าขาย,มีแนวโน้มที่จะซื้อ,รถยนต์ไฟฟ้า (EV),ค่าบำรุงรักษา,5,5,4,5,5,4,4,4,4,5,5,5,4,5,2,5,5,3,5,3,3
"26/7/2026, 14:32:35",ชาย,31-40 ปี,ไม่มีบุตร,ปริญญาโท,พนักงานเอกชน,3-4 คน,บ้านเดี่ยว / บ้านแฝด,เป็นเจ้าของ,มีที่จอดรถส่วนตัว,"25,001-35,000 บาท","ไม่มี (หากตอบ ""ไม่มี"" ให้ข้ามไปตอบตอนที่ 3)",,,,,,"ราคา, ความสามารถในการผ่อนชำระ, การรับประกันและบริการหลังการขาย","มากกว่า 1,500,000 บาท",เพื่อหลีกเลี่ยงปัญหาจากระบบการขนส่งมวลชน,มีแนวโน้มที่จะซื้อ,รถยนต์ไฮบริด (Hybrid),ค่าบำรุงรักษา,5,4,3,5,3,4,4,5,4,4,4,4,5,5,5,5,5,5,5,4,5
"26/7/2026, 14:32:37",ชาย,41-50 ปี,ไม่มีบุตร,ปริญญาตรี,อาชีพอิสระ,3-4 คน,บ้านเดี่ยว / บ้านแฝด,เช่า,มีที่จอดรถส่วนกลาง / เช่า,"15,001-25,000 บาท",มี,ขับนอกเมือง,1-2 วัน / สัปดาห์,31-50 กิโลเมตร,"ราคาน้ำมัน, ศูนย์บริการและอะไหล่, อายุการใช้งาน","รถยนต์สันดาป (ดีเซล / เบนซิน), รถยนต์ไฟฟ้า (EV)",ค่าซ่อมบำรุง,"500,001-800,000 บาท",เพื่อใช้ในการเดินทางไปทำงาน,มีแนวโน้มที่จะซื้อ,รถยนต์ไฟฟ้า (EV),ค่าบำรุงรักษา,3,5,4,4,4,3,4,3,4,5,5,5,3,3,3,5,5,5,5,4,3
"26/7/2026, 14:32:39",ชาย,24-26 ปี,ไม่มีบุตร,ปริญญาตรี,พนักงานเอกชน,3-4 คน,บ้านเดี่ยว / บ้านแฝด,เป็นเจ้าของ,มีที่จอดรถส่วนตัว,"50,001-75,000 บาท",มี,ขับในเมือง,ใช้งานทุกวัน,น้อยกว่า 10 กิโลเมตร,"ค่าไฟฟ้า, ค่าใช้จ่ายในการซ่อมบำรุง","รถยนต์สันดาป (ดีเซล / เบนซิน), รถยนต์ไฮบริด (Hybrid)","ค่าน้ำมัน, ความคุ้มค่าโดยรวม","500,001-800,000 บาท",เพื่อใช้ในการเดินทางท่องเที่ยว,มีแนวโน้มที่จะซื้อ,รถยนต์ไฟฟ้า (EV),"ราคาซื้อเริ่มต้น, ค่าบำรุงรักษา",4,5,5,5,5,5,5,5,4,5,3,5,4,5,5,5,5,5,4,5,5
"26/7/2026, 14:32:41",ชาย,27-30 ปี,ไม่มีบุตร,ปริญญาตรี,ค้าขาย,5 คนขึ้นไป,บ้านเดี่ยว / บ้านแฝด,เช่า,มีที่จอดรถส่วนกลาง / เช่า,"25,001-35,000 บาท","ไม่มี (หากตอบ ""ไม่มี"" ให้ข้ามไปตอบตอนที่ 3)",,,,,,"ความสามารถในการผ่อนชำระ, ค่าน้ำมัน, แบรนด์, ความคุ้มค่าโดยรวม","ต่ำกว่า 500,000 บาท",เพื่อใช้ในการค้าขาย,มีแนวโน้มที่จะซื้อ,รถยนต์สันดาป (ดีเซล / เบนซิน),ค่าบำรุงรักษา,4,3,4,5,5,3,4,4,5,4,4,3,4,5,5,4,4,4,3,4,5
"26/7/2026, 14:32:43",ชาย,27-30 ปี,ไม่มีบุตร,ปริญญาตรี,เจ้าของกิจการ,1-2 คน,คอนโด / อพาร์ตเมนต์ / หอพัก,เช่า,มีที่จอดรถส่วนกลาง / เช่า,"35,001-50,000 บาท","ไม่มี (หากตอบ ""ไม่มี"" ให้ข้ามไปตอบตอนที่ 3)",,,,,,"ความสามารถในการผ่อนชำระ, ความคุ้มค่าโดยรวม","ต่ำกว่า 500,000 บาท",เพื่อใช้ในการเดินทางไปทำงาน,มีแนวโน้มที่จะซื้อ,รถยนต์ไฟฟ้า (EV),ค่าบำรุงรักษา,4,3,5,4,4,4,5,4,3,5,5,3,4,4,4,4,5,4,5,4,3
"26/7/2026, 14:32:44",หญิง,24-26 ปี,ไม่มีบุตร,ปริญญาตรี,นักเรียน / นักศึกษา,3-4 คน,บ้านเดี่ยว / บ้านแฝด,พักอาศัยกับครอบครัว / ผู้อื่น,มีที่จอดรถส่วนตัว,"ต่ำกว่า 15,000 บาท",มี,ขับนอกเมือง,1-2 วัน / สัปดาห์,31-50 กิโลเมตร,"ราคาน้ำมัน, ศูนย์บริการและอะไหล่",รถยนต์สันดาป (ดีเซล / เบนซิน),"สมรรถนะในการขับขี่, รูปลักษณ์ / ดีไซน์","ต่ำกว่า 500,000 บาท",เพื่อใช้ในการเดินทางไปทำงาน,มีแนวโน้มที่จะซื้อ,รถยนต์ไฮบริด (Hybrid),"ค่าบำรุงรักษา, ความสะดวกในการใช้งาน",5,4,3,4,5,4,5,4,3,4,4,4,4,3,5,4,4,4,4,5,4
"26/7/2026, 14:32:46",หญิง,31-40 ปี,ไม่มีบุตร,ปริญญาตรี,อาชีพอิสระ,3-4 คน,คอนโด / อพาร์ตเมนต์ / หอพัก,เป็นเจ้าของ,มีที่จอดรถส่วนกลาง / เช่า,"35,001-50,000 บาท",มี,ขับนอกเมือง,1-2 วัน / สัปดาห์,10-30 กิโลเมตร,ราคาน้ำมัน,รถยนต์ไฮบริด (Hybrid),สมรรถนะในการขับขี่,"500,001-800,000 บาท",เพื่อใช้ในการเดินทางไปทำงาน,มีแนวโน้มที่จะซื้อ,รถยนต์ไฟฟ้า (EV),"ค่าบำรุงรักษา, ความสะดวกในการใช้งาน",4,3,5,5,4,4,4,5,5,5,5,4,4,5,5,3,4,5,4,5,5
"26/7/2026, 14:32:48",หญิง,24-26 ปี,ไม่มีบุตร,ปริญญาตรี,พนักงานเอกชน,1-2 คน,คอนโด / อพาร์ตเมนต์ / หอพัก,พักอาศัยกับครอบครัว / ผู้อื่น,มีที่จอดรถส่วนกลาง / เช่า,"15,001-25,000 บาท",มี,ขับทั้งในเมืองและนอกเมือง,ใช้งานทุกวัน,10-30 กิโลเมตร,ค่าใช้จ่ายในการซ่อมบำรุง,รถยนต์สันดาป (ดีเซล / เบนซิน),ค่าซ่อมบำรุง,"ต่ำกว่า 500,000 บาท",เพื่อใช้ในการค้าขาย,มีแนวโน้มที่จะซื้อ,รถยนต์ไฟฟ้า (EV),"ค่าบำรุงรักษา, ความสะดวกในการใช้งาน",5,4,4,4,3,4,3,4,4,4,5,3,3,5,4,4,5,4,4,5,5
"26/7/2026, 14:32:50",หญิง,20-23 ปี,1 คน,ปริญญาตรี,พนักงานเอกชน,3-4 คน,คอนโด / อพาร์ตเมนต์ / หอพัก,เช่า,มีที่จอดรถส่วนกลาง / เช่า,"25,001-35,000 บาท",มี,ขับทั้งในเมืองและนอกเมือง,ใช้งานทุกวัน,10-30 กิโลเมตร,"ศูนย์บริการและอะไหล่, อายุการใช้งาน",รถยนต์สันดาป (ดีเซล / เบนซิน),"ราคา, ค่าซ่อมบำรุง","ต่ำกว่า 500,000 บาท",เพื่อใช้ในการค้าขาย,มีแนวโน้มที่จะซื้อ,รถยนต์ไฟฟ้า (EV),ค่าบำรุงรักษา,5,4,3,3,4,5,4,4,3,4,5,4,4,4,4,5,5,4,4,3,3
"26/7/2026, 14:32:51",ชาย,41-50 ปี,ไม่มีบุตร,ต่ำกว่า ม.3,รัฐวิสาหกิจ,1-2 คน,คอนโด / อพาร์ตเมนต์ / หอพัก,เช่า,มีที่จอดรถส่วนตัว,"50,001-75,000 บาท",มี,ขับนอกเมือง,1-2 วัน / สัปดาห์,น้อยกว่า 10 กิโลเมตร,อายุการใช้งาน,รถยนต์สันดาป (ดีเซล / เบนซิน),"ความสามารถในการผ่อนชำระ, ความคุ้มค่าโดยรวม","ต่ำกว่า 500,000 บาท",เพื่อใช้ในการค้าขาย,มีแนวโน้มที่จะซื้อ,รถยนต์ไฮบริด (Hybrid),"ค่าบำรุงรักษา, เป็นมิตรต่อสิ่งแวดล้อม",5,5,5,5,3,5,4,4,5,5,5,4,4,4,4,5,4,4,5,5,4
"26/7/2026, 14:32:52",ชาย,24-26 ปี,ไม่มีบุตร,ปริญญาตรี,ค้าขาย,5 คนขึ้นไป,คอนโด / อพาร์ตเมนต์ / หอพัก,พักอาศัยกับครอบครัว / ผู้อื่น,มีที่จอดรถส่วนกลาง / เช่า,"15,001-25,000 บาท","ไม่มี (หากตอบ ""ไม่มี"" ให้ข้ามไปตอบตอนที่ 3)",,,,,,"รูปลักษณ์ / ดีไซน์, การรับประกันและบริการหลังการขาย","500,001-800,000 บาท","เพื่อใช้ในการค้าขาย, เพื่อหลีกเลี่ยงปัญหาจากระบบการขนส่งมวลชน",มีแนวโน้มที่จะซื้อ,รถยนต์ไฟฟ้า (EV),ค่าบำรุงรักษา,5,5,5,4,5,5,5,3,3,4,3,4,5,4,2,5,4,4,4,3,5
"26/7/2026, 14:32:54",ชาย,31-40 ปี,1 คน,ปริญญาโท,อาชีพอิสระ,1-2 คน,บ้านเดี่ยว / บ้านแฝด,เช่า,มีที่จอดรถส่วนตัว,"15,001-25,000 บาท",มี,ขับทั้งในเมืองและนอกเมือง,1-2 วัน / สัปดาห์,น้อยกว่า 10 กิโลเมตร,อายุการใช้งาน,รถยนต์สันดาป (ดีเซล / เบนซิน),ความคุ้มค่าโดยรวม,"500,001-800,000 บาท","เพื่อใช้ในการค้าขาย, เพื่อหลีกเลี่ยงปัญหาจากระบบการขนส่งมวลชน",ยังไม่มีแนวโน้มที่จะซื้อ,รถยนต์ไฟฟ้า (EV),ค่าบำรุงรักษา,5,2,4,5,4,5,5,4,2,5,5,4,4,3,5,4,5,5,5,4,3
"26/7/2026, 14:32:55",หญิง,31-40 ปี,ไม่มีบุตร,ม.6,ค้าขาย,3-4 คน,บ้านเดี่ยว / บ้านแฝด,เช่า,มีที่จอดรถส่วนกลาง / เช่า,"25,001-35,000 บาท",มี,ขับในเมือง,ใช้งานทุกวัน,น้อยกว่า 10 กิโลเมตร,"ราคาน้ำมัน, อายุการใช้งาน",รถยนต์สันดาป (ดีเซล / เบนซิน),"สมรรถนะในการขับขี่, การรับประกันและบริการหลังการขาย","ต่ำกว่า 500,000 บาท",เพื่อใช้ในการค้าขาย,มีแนวโน้มที่จะซื้อ,รถยนต์ไฟฟ้า (EV),ค่าบำรุงรักษา,5,4,4,4,3,5,3,4,5,5,4,5,5,5,5,5,4,3,4,4,5
"26/7/2026, 14:32:57",ชาย,41-50 ปี,ไม่มีบุตร,ปริญญาตรี,อาชีพอิสระ,3-4 คน,คอนโด / อพาร์ตเมนต์ / หอพัก,เป็นเจ้าของ,มีที่จอดรถส่วนกลาง / เช่า,"มากกว่า 75,000",มี,ขับนอกเมือง,5-6 วัน / สัปดาห์,71-90 กิโลเมตร,"ปั๊มน้ำมัน / สถานีชาร์จ, ค่าใช้จ่ายในการซ่อมบำรุง",รถยนต์สันดาป (ดีเซล / เบนซิน),ค่าน้ำมัน,"500,001-800,000 บาท",เพื่อใช้ในการค้าขาย,มีแนวโน้มที่จะซื้อ,รถยนต์ไฟฟ้า (EV),ค่าบำรุงรักษา,4,5,5,5,5,4,5,4,5,3,4,4,4,5,4,3,5,4,5,4,4
"26/7/2026, 14:32:59",หญิง,31-40 ปี,ไม่มีบุตร,ปวช. / ปวส.,พนักงานเอกชน,3-4 คน,บ้านเดี่ยว / บ้านแฝด,เป็นเจ้าของ,มีที่จอดรถส่วนกลาง / เช่า,"35,001-50,000 บาท","ไม่มี (หากตอบ ""ไม่มี"" ให้ข้ามไปตอบตอนที่ 3)",,,,,,"ราคา, เทคโนโลยีและฟังก์ชันภายในรถ, ความคุ้มค่าโดยรวม","มากกว่า 1,500,000 บาท","เพื่อใช้ในการค้าขาย, เพื่อหลีกเลี่ยงปัญหาจากระบบการขนส่งมวลชน",ยังไม่มีแนวโน้มที่จะซื้อ,รถยนต์ไฟฟ้า (EV),"ค่าบำรุงรักษา, ความสะดวกในการใช้งาน",4,4,4,4,3,4,5,4,5,3,5,2,5,5,5,2,5,5,3,5,4
"26/7/2026, 14:33:01",หญิง,27-30 ปี,ไม่มีบุตร,ปริญญาโท,พนักงานเอกชน,1-2 คน,คอนโด / อพาร์ตเมนต์ / หอพัก,เป็นเจ้าของ,มีที่จอดรถส่วนกลาง / เช่า,"50,001-75,000 บาท","ไม่มี (หากตอบ ""ไม่มี"" ให้ข้ามไปตอบตอนที่ 3)",,,,,,"ราคา, ค่าซ่อมบำรุง","500,001-800,000 บาท","เพื่อใช้ในการค้าขาย, เพื่อหลีกเลี่ยงปัญหาจากระบบการขนส่งมวลชน",มีแนวโน้มที่จะซื้อ,รถยนต์ไฟฟ้า (EV),ค่าบำรุงรักษา,5,5,4,5,4,5,4,1,3,4,5,5,5,4,3,4,5,5,5,4,5
"26/7/2026, 14:33:02",หญิง,27-30 ปี,2 คน,ปริญญาตรี,รัฐวิสาหกิจ,3-4 คน,คอนโด / อพาร์ตเมนต์ / หอพัก,เช่า,มีที่จอดรถส่วนตัว,"15,001-25,000 บาท",มี,ขับนอกเมือง,1-2 วัน / สัปดาห์,10-30 กิโลเมตร,อายุการใช้งาน,รถยนต์สันดาป (ดีเซล / เบนซิน),ความคุ้มค่าโดยรวม,"500,001-800,000 บาท","เพื่อใช้ในการค้าขาย, เพื่อใช้ในการเดินทางท่องเที่ยว, เพื่อหลีกเลี่ยงปัญหาจากระบบการขนส่งมวลชน",ยังไม่มีแนวโน้มที่จะซื้อ,รถยนต์ไฮบริด (Hybrid),ค่าบำรุงรักษา,5,5,3,4,5,5,3,5,4,4,3,2,5,3,5,5,5,5,5,5,5
"26/7/2026, 14:33:04",ชาย,27-30 ปี,2 คน,ปริญญาตรี,พนักงานเอกชน,3-4 คน,คอนโด / อพาร์ตเมนต์ / หอพัก,เป็นเจ้าของ,มีที่จอดรถส่วนกลาง / เช่า,"50,001-75,000 บาท",มี,ขับทั้งในเมืองและนอกเมือง,ใช้งานทุกวัน,31-50 กิโลเมตร,ราคาน้ำมัน,รถยนต์ไฮบริด (Hybrid),"ค่าน้ำมัน, ค่าซ่อมบำรุง, ความคุ้มค่าโดยรวม","500,001-800,000 บาท",เพื่อใช้ในการค้าขาย,มีแนวโน้มที่จะซื้อ,รถยนต์ไฟฟ้า (EV),"ราคาซื้อเริ่มต้น, ค่าบำรุงรักษา",5,5,4,5,4,5,3,5,5,4,3,4,4,5,5,3,4,2,4,5,4
"26/7/2026, 14:33:06",ชาย,24-26 ปี,ไม่มีบุตร,ปริญญาตรี,ข้าราชการ,3-4 คน,บ้านเดี่ยว / บ้านแฝด,เป็นเจ้าของ,มีที่จอดรถส่วนตัว,"15,001-25,000 บาท",มี,ขับทั้งในเมืองและนอกเมือง,1-2 วัน / สัปดาห์,มากกว่า 90 กิโลเมตร,อายุการใช้งาน,รถยนต์สันดาป (ดีเซล / เบนซิน),สมรรถนะในการขับขี่,"ต่ำกว่า 500,000 บาท",เพื่อใช้ในการเดินทางไปทำงาน,ยังไม่มีแนวโน้มที่จะซื้อ,รถยนต์ไฮบริด (Hybrid),ค่าบำรุงรักษา,5,5,3,3,3,5,5,4,5,5,2,5,4,5,5,5,3,3,4,5,3
"26/7/2026, 14:33:08",ชาย,27-30 ปี,ไม่มีบุตร,ปริญญาโท,รัฐวิสาหกิจ,1-2 คน,คอนโด / อพาร์ตเมนต์ / หอพัก,พักอาศัยกับครอบครัว / ผู้อื่น,มีที่จอดรถส่วนกลาง / เช่า,"15,001-25,000 บาท",มี,ขับนอกเมือง,1-2 วัน / สัปดาห์,31-50 กิโลเมตร,อายุการใช้งาน,รถยนต์สันดาป (ดีเซล / เบนซิน),"ค่าน้ำมัน, แบรนด์, ความคุ้มค่าโดยรวม, การรับประกันและบริการหลังการขาย","500,001-800,000 บาท",เพื่อหลีกเลี่ยงปัญหาจากระบบการขนส่งมวลชน,มีแนวโน้มที่จะซื้อ,รถยนต์ไฟฟ้า (EV),ค่าบำรุงรักษา,3,3,5,5,5,5,4,4,4,4,5,5,5,5,5,4,3,4,5,5,5
"26/7/2026, 14:33:09",หญิง,41-50 ปี,ไม่มีบุตร,ปวช. / ปวส.,ข้าราชการ,1-2 คน,คอนโด / อพาร์ตเมนต์ / หอพัก,เช่า,มีที่จอดรถส่วนกลาง / เช่า,"15,001-25,000 บาท",มี,ขับนอกเมือง,5-6 วัน / สัปดาห์,31-50 กิโลเมตร,"ราคาน้ำมัน, ค่าใช้จ่ายในการซ่อมบำรุง",รถยนต์ไฮบริด (Hybrid),"ค่าซ่อมบำรุง, แบรนด์, ความคุ้มค่าโดยรวม","ต่ำกว่า 500,000 บาท",เพื่อใช้ในการค้าขาย,ยังไม่มีแนวโน้มที่จะซื้อ,รถยนต์ไฟฟ้า (EV),เทคโนโลยีและความทันสมัย,4,5,5,3,3,3,4,3,3,4,5,3,4,5,3,3,3,5,4,5,4
"26/7/2026, 14:33:10",ชาย,41-50 ปี,ไม่มีบุตร,ปริญญาตรี,รัฐวิสาหกิจ,5 คนขึ้นไป,บ้านเดี่ยว / บ้านแฝด,พักอาศัยกับครอบครัว / ผู้อื่น,มีที่จอดรถส่วนตัว,"35,001-50,000 บาท",มี,ขับนอกเมือง,1-2 วัน / สัปดาห์,น้อยกว่า 10 กิโลเมตร,"ราคาน้ำมัน, ศูนย์บริการและอะไหล่, อายุการใช้งาน","รถยนต์ไฮบริด (Hybrid), รถยนต์ไฟฟ้า (EV)","ราคา, ค่าน้ำมัน, ค่าซ่อมบำรุง, เทคโนโลยีและฟังก์ชันภายในรถ, ความคุ้มค่าโดยรวม","500,001-800,000 บาท",เพื่อหลีกเลี่ยงปัญหาจากระบบการขนส่งมวลชน,ยังไม่มีแนวโน้มที่จะซื้อ,รถยนต์ไฟฟ้า (EV),ค่าบำรุงรักษา,4,4,3,5,5,4,3,5,5,4,4,4,5,4,4,5,5,4,3,5,4
"26/7/2026, 14:33:11",ชาย,24-26 ปี,1 คน,ปริญญาตรี,พนักงานเอกชน,3-4 คน,คอนโด / อพาร์ตเมนต์ / หอพัก,พักอาศัยกับครอบครัว / ผู้อื่น,มีที่จอดรถส่วนตัว,"25,001-35,000 บาท","ไม่มี (หากตอบ ""ไม่มี"" ให้ข้ามไปตอบตอนที่ 3)",,,,,,"ความสามารถในการผ่อนชำระ, ค่าซ่อมบำรุง, แบรนด์","800,001-1,200,000 บาท","เพื่อความสะดวกในการเดินทาง, เพื่อหลีกเลี่ยงปัญหาจากระบบการขนส่งมวลชน",ยังไม่มีแนวโน้มที่จะซื้อ,รถยนต์สันดาป (ดีเซล / เบนซิน),ค่าบำรุงรักษา,5,3,5,5,3,5,3,4,5,4,4,4,5,5,5,5,5,5,4,5,4
"26/7/2026, 14:33:12",หญิง,27-30 ปี,ไม่มีบุตร,ปริญญาเอก,ค้าขาย,3-4 คน,คอนโด / อพาร์ตเมนต์ / หอพัก,เป็นเจ้าของ,มีที่จอดรถส่วนกลาง / เช่า,"25,001-35,000 บาท",มี,ขับทั้งในเมืองและนอกเมือง,ใช้เป็นครั้งคราว,น้อยกว่า 10 กิโลเมตร,ศูนย์บริการและอะไหล่,รถยนต์สันดาป (ดีเซล / เบนซิน),"ค่าซ่อมบำรุง, แบรนด์, การรับประกันและบริการหลังการขาย","500,001-800,000 บาท",เพื่อใช้ในการค้าขาย,ยังไม่มีแนวโน้มที่จะซื้อ,รถยนต์ไฮบริด (Hybrid),ราคาซื้อเริ่มต้น,5,4,5,3,4,4,4,5,4,4,2,3,5,4,5,4,4,4,4,5,4
"26/7/2026, 14:33:14",ชาย,27-30 ปี,2 คน,ปริญญาตรี,พนักงานเอกชน,1-2 คน,บ้านเดี่ยว / บ้านแฝด,เช่า,มีที่จอดรถส่วนตัว,"มากกว่า 75,000",มี,ขับทั้งในเมืองและนอกเมือง,5-6 วัน / สัปดาห์,71-90 กิโลเมตร,อายุการใช้งาน,รถยนต์สันดาป (ดีเซล / เบนซิน),รูปลักษณ์ / ดีไซน์,"ต่ำกว่า 500,000 บาท",เพื่อใช้ในการค้าขาย,มีแนวโน้มที่จะซื้อ,รถยนต์สันดาป (ดีเซล / เบนซิน),"ราคาซื้อเริ่มต้น, ประหยัดค่าเชื้อเพลิง, ค่าบำรุงรักษา",2,5,5,5,4,4,4,3,3,4,5,5,3,4,4,5,5,4,4,4,4
"26/7/2026, 14:33:14",หญิง,27-30 ปี,ไม่มีบุตร,ปริญญาตรี,อาชีพอิสระ,3-4 คน,บ้านเดี่ยว / บ้านแฝด,เป็นเจ้าของ,มีที่จอดรถส่วนตัว,"35,001-50,000 บาท",มี,ขับทั้งในเมืองและนอกเมือง,ใช้เป็นครั้งคราว,10-30 กิโลเมตร,อายุการใช้งาน,รถยนต์สันดาป (ดีเซล / เบนซิน),"ราคา, สมรรถนะในการขับขี่","800,001-1,200,000 บาท","เพื่อใช้ในการค้าขาย, เพื่อใช้ในการเดินทางท่องเที่ยว",มีแนวโน้มที่จะซื้อ,รถยนต์ไฮบริด (Hybrid),ค่าบำรุงรักษา,5,3,5,4,3,4,4,5,4,5,3,3,4,5,4,5,4,3,5,4,5
"26/7/2026, 14:33:15",หญิง,27-30 ปี,1 คน,ปริญญาตรี,อาชีพอิสระ,5 คนขึ้นไป,บ้านเดี่ยว / บ้านแฝด,เช่า,มีที่จอดรถส่วนกลาง / เช่า,"15,001-25,000 บาท",มี,ขับนอกเมือง,1-2 วัน / สัปดาห์,น้อยกว่า 10 กิโลเมตร,ราคาน้ำมัน,"รถยนต์สันดาป (ดีเซล / เบนซิน), รถยนต์ไฟฟ้า (EV)","ราคา, รูปลักษณ์ / ดีไซน์","ต่ำกว่า 500,000 บาท","เพื่อใช้ในการค้าขาย, เพื่อความสะดวกในการเดินทาง",ยังไม่มีแนวโน้มที่จะซื้อ,รถยนต์ไฟฟ้า (EV),ค่าบำรุงรักษา,5,5,3,3,4,4,5,5,5,4,5,3,4,4,4,5,5,5,5,4,3
"26/7/2026, 14:33:16",หญิง,41-50 ปี,1 คน,ปริญญาตรี,อาชีพอิสระ,1-2 คน,คอนโด / อพาร์ตเมนต์ / หอพัก,เช่า,มีที่จอดรถส่วนตัว,"25,001-35,000 บาท","ไม่มี (หากตอบ ""ไม่มี"" ให้ข้ามไปตอบตอนที่ 3)",,,,,,"ราคา, สมรรถนะในการขับขี่, ความคุ้มค่าโดยรวม, การรับประกันและบริการหลังการขาย","ต่ำกว่า 500,000 บาท",เพื่อใช้ในการค้าขาย,ยังไม่มีแนวโน้มที่จะซื้อ,รถยนต์สันดาป (ดีเซล / เบนซิน),ค่าบำรุงรักษา,5,4,3,4,4,4,4,5,5,5,4,5,5,5,5,5,5,5,4,2,4
"26/7/2026, 14:33:17",หญิง,24-26 ปี,ไม่มีบุตร,ปวช. / ปวส.,รัฐวิสาหกิจ,5 คนขึ้นไป,คอนโด / อพาร์ตเมนต์ / หอพัก,เป็นเจ้าของ,มีที่จอดรถส่วนกลาง / เช่า,"15,001-25,000 บาท","ไม่มี (หากตอบ ""ไม่มี"" ให้ข้ามไปตอบตอนที่ 3)",,,,,,สมรรถนะในการขับขี่,"ต่ำกว่า 500,000 บาท",เพื่อใช้ในการค้าขาย,ยังไม่มีแนวโน้มที่จะซื้อ,รถยนต์ไฮบริด (Hybrid),ค่าบำรุงรักษา,5,4,4,3,3,5,3,4,5,5,4,5,5,3,4,5,5,4,4,5,3
"26/7/2026, 14:33:18",หญิง,31-40 ปี,1 คน,ม.6,เจ้าของกิจการ,1-2 คน,คอนโด / อพาร์ตเมนต์ / หอพัก,พักอาศัยกับครอบครัว / ผู้อื่น,มีที่จอดรถส่วนกลาง / เช่า,"มากกว่า 75,000",มี,ขับนอกเมือง,ใช้งานทุกวัน,10-30 กิโลเมตร,"ศูนย์บริการและอะไหล่, อายุการใช้งาน",รถยนต์สันดาป (ดีเซล / เบนซิน),"ค่าซ่อมบำรุง, ความคุ้มค่าโดยรวม, การรับประกันและบริการหลังการขาย","ต่ำกว่า 500,000 บาท",เพื่อใช้ในการค้าขาย,ยังไม่มีแนวโน้มที่จะซื้อ,รถยนต์ไฟฟ้า (EV),ราคาซื้อเริ่มต้น,4,5,4,4,4,3,4,5,5,4,5,2,4,5,4,4,4,5,5,5,5
"26/7/2026, 14:33:20",หญิง,51-60 ปี,ไม่มีบุตร,ต่ำกว่า ม.3,ค้าขาย,1-2 คน,บ้านเดี่ยว / บ้านแฝด,เช่า,มีที่จอดรถส่วนตัว,"มากกว่า 75,000","ไม่มี (หากตอบ ""ไม่มี"" ให้ข้ามไปตอบตอนที่ 3)",,,,,,ราคา,"ต่ำกว่า 500,000 บาท",เพื่อใช้ในการค้าขาย,ยังไม่มีแนวโน้มที่จะซื้อ,รถยนต์ไฮบริด (Hybrid),"ราคาซื้อเริ่มต้น, ค่าบำรุงรักษา",5,4,4,5,5,4,4,3,5,5,5,4,5,4,4,5,5,5,4,5,4
"26/7/2026, 14:33:21",ชาย,24-26 ปี,ไม่มีบุตร,ปริญญาตรี,พนักงานเอกชน,3-4 คน,ทาวน์โฮม / ทาวเฮาท์,เป็นเจ้าของ,มีที่จอดรถส่วนตัว,"25,001-35,000 บาท",มี,ขับในเมือง,3-4 วัน / สัปดาห์,31-50 กิโลเมตร,อายุการใช้งาน,รถยนต์สันดาป (ดีเซล / เบนซิน),"ค่าน้ำมัน, ค่าซ่อมบำรุง, ความคุ้มค่าโดยรวม, การรับประกันและบริการหลังการขาย","ต่ำกว่า 500,000 บาท",เพื่อใช้ในการเดินทางท่องเที่ยว,ยังไม่มีแนวโน้มที่จะซื้อ,รถยนต์ไฮบริด (Hybrid),"ราคาซื้อเริ่มต้น, ค่าบำรุงรักษา, ความสะดวกในการใช้งาน",4,3,3,3,3,5,4,4,5,5,4,5,3,4,5,5,3,5,2,4,3
"26/7/2026, 14:33:22",หญิง,24-26 ปี,2 คน,ปริญญาตรี,นักเรียน / นักศึกษา,1-2 คน,บ้านเดี่ยว / บ้านแฝด,พักอาศัยกับครอบครัว / ผู้อื่น,ไม่มีที่จอดรถ,"ต่ำกว่า 15,000 บาท",มี,ขับในเมือง,1-2 วัน / สัปดาห์,น้อยกว่า 10 กิโลเมตร,ราคาน้ำมัน,"รถยนต์สันดาป (ดีเซล / เบนซิน), รถยนต์ไฟฟ้า (EV)",การรับประกันและบริการหลังการขาย,"1,200,000-1,500,000 บาท",เพื่อใช้ในการค้าขาย,ยังไม่มีแนวโน้มที่จะซื้อ,รถยนต์ไฟฟ้า (EV),ราคาซื้อเริ่มต้น,5,5,3,4,5,4,4,5,5,5,5,5,4,3,3,5,5,3,4,4,4
"26/7/2026, 14:33:23",หญิง,27-30 ปี,ไม่มีบุตร,ปริญญาตรี,พนักงานเอกชน,1-2 คน,บ้านเดี่ยว / บ้านแฝด,เช่า,มีที่จอดรถส่วนกลาง / เช่า,"25,001-35,000 บาท",มี,ขับทั้งในเมืองและนอกเมือง,ใช้งานทุกวัน,31-50 กิโลเมตร,อายุการใช้งาน,รถยนต์สันดาป (ดีเซล / เบนซิน),ความคุ้มค่าโดยรวม,"มากกว่า 1,500,000 บาท","เพื่อใช้ในการค้าขาย, เพื่อหลีกเลี่ยงปัญหาจากระบบการขนส่งมวลชน",ยังไม่มีแนวโน้มที่จะซื้อ,รถยนต์ไฮบริด (Hybrid),"ค่าบำรุงรักษา, เทคโนโลยีและความทันสมัย",4,3,3,5,4,4,5,5,4,3,4,5,2,5,4,5,3,5,5,3,5
"26/7/2026, 14:33:24",ชาย,24-26 ปี,1 คน,ปริญญาตรี,พนักงานเอกชน,1-2 คน,บ้านเดี่ยว / บ้านแฝด,เช่า,มีที่จอดรถส่วนกลาง / เช่า,"25,001-35,000 บาท","ไม่มี (หากตอบ ""ไม่มี"" ให้ข้ามไปตอบตอนที่ 3)",,,,,,การรับประกันและบริการหลังการขาย,"800,001-1,200,000 บาท",เพื่อใช้ในการค้าขาย,มีแนวโน้มที่จะซื้อ,รถยนต์ไฟฟ้า (EV),ค่าบำรุงรักษา,5,4,3,5,4,4,4,3,3,4,5,4,4,5,5,3,4,4,3,4,5
"26/7/2026, 14:33:25",ชาย,24-26 ปี,ไม่มีบุตร,ปริญญาตรี,พนักงานเอกชน,3-4 คน,คอนโด / อพาร์ตเมนต์ / หอพัก,เป็นเจ้าของ,มีที่จอดรถส่วนตัว,"ต่ำกว่า 15,000 บาท",มี,ขับทั้งในเมืองและนอกเมือง,ใช้งานทุกวัน,น้อยกว่า 10 กิโลเมตร,"ราคาน้ำมัน, ศูนย์บริการและอะไหล่, อายุการใช้งาน, ค่าใช้จ่ายในการซ่อมบำรุง",รถยนต์สันดาป (ดีเซล / เบนซิน),"ค่าน้ำมัน, แบรนด์, ความคุ้มค่าโดยรวม","500,001-800,000 บาท","เพื่อใช้ในการเดินทางไปทำงาน, เพื่อใช้ในการค้าขาย",มีแนวโน้มที่จะซื้อ,รถยนต์ไฟฟ้า (EV),ราคาซื้อเริ่มต้น,5,5,5,3,4,5,5,5,3,3,4,4,5,5,5,4,5,5,5,5,3
"26/7/2026, 14:33:26",ชาย,27-30 ปี,ไม่มีบุตร,ปริญญาตรี,พนักงานเอกชน,3-4 คน,คอนโด / อพาร์ตเมนต์ / หอพัก,เช่า,มีที่จอดรถส่วนกลาง / เช่า,"ต่ำกว่า 15,000 บาท",มี,ขับทั้งในเมืองและนอกเมือง,1-2 วัน / สัปดาห์,51-70 กิโลเมตร,อายุการใช้งาน,รถยนต์สันดาป (ดีเซล / เบนซิน),ค่าซ่อมบำรุง,"800,001-1,200,000 บาท","เพื่อใช้ในการเดินทางไปทำงาน, เพื่อใช้ในการค้าขาย, เพื่อความสะดวกในการเดินทาง",มีแนวโน้มที่จะซื้อ,รถยนต์ไฟฟ้า (EV),"ราคาซื้อเริ่มต้น, ค่าบำรุงรักษา, เทคโนโลยีและความทันสมัย",4,2,5,3,4,4,5,5,4,4,4,4,4,4,5,3,4,5,4,4,5
"26/7/2026, 14:33:27",หญิง,41-50 ปี,ไม่มีบุตร,ปริญญาตรี,ค้าขาย,1-2 คน,บ้านเดี่ยว / บ้านแฝด,เช่า,มีที่จอดรถส่วนตัว,"25,001-35,000 บาท",มี,ขับนอกเมือง,1-2 วัน / สัปดาห์,น้อยกว่า 10 กิโลเมตร,"ศูนย์บริการและอะไหล่, อายุการใช้งาน",รถยนต์ไฮบริด (Hybrid),"ราคา, ความสามารถในการผ่อนชำระ, ค่าซ่อมบำรุง, ความคุ้มค่าโดยรวม","1,200,000-1,500,000 บาท","เพื่อใช้ในการเดินทางไปทำงาน, เพื่อหลีกเลี่ยงปัญหาจากระบบการขนส่งมวลชน",ยังไม่มีแนวโน้มที่จะซื้อ,รถยนต์ไฟฟ้า (EV),เทคโนโลยีและความทันสมัย,5,3,5,4,4,5,5,3,3,4,5,4,5,3,5,5,3,4,4,3,4
"26/7/2026, 14:33:28",หญิง,27-30 ปี,ไม่มีบุตร,ปริญญาโท,พนักงานเอกชน,3-4 คน,คอนโด / อพาร์ตเมนต์ / หอพัก,เช่า,มีที่จอดรถส่วนกลาง / เช่า,"35,001-50,000 บาท",มี,ขับในเมือง,5-6 วัน / สัปดาห์,มากกว่า 90 กิโลเมตร,ศูนย์บริการและอะไหล่,รถยนต์สันดาป (ดีเซล / เบนซิน),"แบรนด์, ความคุ้มค่าโดยรวม","500,001-800,000 บาท","เพื่อใช้ในการค้าขาย, เพื่อหลีกเลี่ยงปัญหาจากระบบการขนส่งมวลชน",มีแนวโน้มที่จะซื้อ,รถยนต์สันดาป (ดีเซล / เบนซิน),ค่าบำรุงรักษา,4,4,4,5,4,5,3,4,5,4,4,4,4,5,5,5,5,5,3,4,5
"26/7/2026, 14:33:29",หญิง,24-26 ปี,2 คน,ปริญญาตรี,รัฐวิสาหกิจ,3-4 คน,ทาวน์โฮม / ทาวเฮาท์,เช่า,มีที่จอดรถส่วนกลาง / เช่า,"50,001-75,000 บาท","ไม่มี (หากตอบ ""ไม่มี"" ให้ข้ามไปตอบตอนที่ 3)",,,,,,"ความสามารถในการผ่อนชำระ, การรับประกันและบริการหลังการขาย","ต่ำกว่า 500,000 บาท","เพื่อใช้ในการเดินทางไปทำงาน, เพื่อใช้ในการค้าขาย",ยังไม่มีแนวโน้มที่จะซื้อ,รถยนต์สันดาป (ดีเซล / เบนซิน),ค่าบำรุงรักษา,3,5,5,4,3,4,5,5,4,4,5,5,5,4,5,5,3,4,4,4,5
"26/7/2026, 14:33:30",หญิง,27-30 ปี,ไม่มีบุตร,ปริญญาตรี,พนักงานเอกชน,1-2 คน,คอนโด / อพาร์ตเมนต์ / หอพัก,เช่า,มีที่จอดรถส่วนตัว,"ต่ำกว่า 15,000 บาท","ไม่มี (หากตอบ ""ไม่มี"" ให้ข้ามไปตอบตอนที่ 3)",,,,,,"ราคา, ค่าน้ำมัน, เทคโนโลยีและฟังก์ชันภายในรถ","มากกว่า 1,500,000 บาท",เพื่อหลีกเลี่ยงปัญหาจากระบบการขนส่งมวลชน,มีแนวโน้มที่จะซื้อ,รถยนต์ไฮบริด (Hybrid),ค่าบำรุงรักษา,4,4,4,4,4,5,4,4,5,5,5,4,4,3,5,5,5,3,3,3,3
"26/7/2026, 14:33:31",ชาย,24-26 ปี,ไม่มีบุตร,ปริญญาโท,ค้าขาย,1-2 คน,บ้านเดี่ยว / บ้านแฝด,พักอาศัยกับครอบครัว / ผู้อื่น,มีที่จอดรถส่วนตัว,"มากกว่า 75,000","ไม่มี (หากตอบ ""ไม่มี"" ให้ข้ามไปตอบตอนที่ 3)",,,,,,"ความสามารถในการผ่อนชำระ, ความคุ้มค่าโดยรวม","800,001-1,200,000 บาท","เพื่อใช้ในการเดินทางท่องเที่ยว, เพื่อหลีกเลี่ยงปัญหาจากระบบการขนส่งมวลชน",ยังไม่มีแนวโน้มที่จะซื้อ,รถยนต์ไฮบริด (Hybrid),ค่าบำรุงรักษา,5,5,3,4,5,4,5,5,4,5,4,5,4,4,5,5,5,5,4,5,4
"26/7/2026, 14:33:32",หญิง,27-30 ปี,ไม่มีบุตร,ปริญญาตรี,พนักงานเอกชน,3-4 คน,คอนโด / อพาร์ตเมนต์ / หอพัก,เป็นเจ้าของ,มีที่จอดรถส่วนกลาง / เช่า,"ต่ำกว่า 15,000 บาท",มี,ขับนอกเมือง,1-2 วัน / สัปดาห์,10-30 กิโลเมตร,"ราคาน้ำมัน, ศูนย์บริการและอะไหล่, อายุการใช้งาน",รถยนต์ไฮบริด (Hybrid),"ราคา, การรับประกันและบริการหลังการขาย","ต่ำกว่า 500,000 บาท",เพื่อใช้ในการเดินทางไปทำงาน,มีแนวโน้มที่จะซื้อ,รถยนต์ไฮบริด (Hybrid),ค่าบำรุงรักษา,5,4,4,4,5,5,5,4,5,5,3,4,4,5,4,5,4,4,4,3,3
"26/7/2026, 14:33:33",หญิง,27-30 ปี,ไม่มีบุตร,ปริญญาตรี,พนักงานเอกชน,3-4 คน,บ้านเดี่ยว / บ้านแฝด,พักอาศัยกับครอบครัว / ผู้อื่น,มีที่จอดรถส่วนกลาง / เช่า,"15,001-25,000 บาท","ไม่มี (หากตอบ ""ไม่มี"" ให้ข้ามไปตอบตอนที่ 3)",,,,,,"ค่าน้ำมัน, การรับประกันและบริการหลังการขาย","ต่ำกว่า 500,000 บาท",เพื่อใช้ในการค้าขาย,มีแนวโน้มที่จะซื้อ,รถยนต์สันดาป (ดีเซล / เบนซิน),ค่าบำรุงรักษา,5,5,4,5,5,5,3,3,5,5,4,5,4,5,3,5,3,4,5,5,5
"26/7/2026, 14:33:34",ชาย,31-40 ปี,ไม่มีบุตร,ปริญญาตรี,เจ้าของกิจการ,5 คนขึ้นไป,คอนโด / อพาร์ตเมนต์ / หอพัก,เป็นเจ้าของ,มีที่จอดรถส่วนตัว,"ต่ำกว่า 15,000 บาท",มี,ขับทั้งในเมืองและนอกเมือง,ใช้งานทุกวัน,31-50 กิโลเมตร,"ศูนย์บริการและอะไหล่, อายุการใช้งาน",รถยนต์สันดาป (ดีเซล / เบนซิน),"ราคา, ค่าซ่อมบำรุง","1,200,000-1,500,000 บาท",เพื่อใช้ในการค้าขาย,มีแนวโน้มที่จะซื้อ,รถยนต์สันดาป (ดีเซล / เบนซิน),ค่าบำรุงรักษา,5,4,4,5,5,3,5,5,5,5,4,3,5,5,5,3,5,4,3,4,5
"26/7/2026, 14:33:35",ชาย,27-30 ปี,ไม่มีบุตร,ปริญญาตรี,พนักงานเอกชน,3-4 คน,คอนโด / อพาร์ตเมนต์ / หอพัก,พักอาศัยกับครอบครัว / ผู้อื่น,มีที่จอดรถส่วนตัว,"25,001-35,000 บาท",มี,ขับทั้งในเมืองและนอกเมือง,ใช้งานทุกวัน,31-50 กิโลเมตร,อายุการใช้งาน,รถยนต์สันดาป (ดีเซล / เบนซิน),"ราคา, การรับประกันและบริการหลังการขาย","800,001-1,200,000 บาท","เพื่อใช้ในการเดินทางไปทำงาน, เพื่อใช้ในการค้าขาย",ยังไม่มีแนวโน้มที่จะซื้อ,รถยนต์ไฮบริด (Hybrid),ราคาซื้อเริ่มต้น,4,5,3,5,4,5,3,5,4,5,4,3,5,4,3,5,5,5,4,5,4
"26/7/2026, 14:33:36",หญิง,24-26 ปี,1 คน,ปริญญาตรี,พนักงานเอกชน,1-2 คน,บ้านเดี่ยว / บ้านแฝด,เป็นเจ้าของ,มีที่จอดรถส่วนตัว,"35,001-50,000 บาท",มี,ขับในเมือง,1-2 วัน / สัปดาห์,31-50 กิโลเมตร,อายุการใช้งาน,รถยนต์สันดาป (ดีเซล / เบนซิน),ความคุ้มค่าโดยรวม,"ต่ำกว่า 500,000 บาท",เพื่อใช้ในการเดินทางไปทำงาน,ยังไม่มีแนวโน้มที่จะซื้อ,รถยนต์ไฮบริด (Hybrid),ค่าบำรุงรักษา,4,4,4,3,4,4,4,5,5,5,5,5,3,3,4,5,5,5,5,4,3
"26/7/2026, 14:33:37",หญิง,27-30 ปี,ไม่มีบุตร,ปริญญาตรี,พนักงานเอกชน,3-4 คน,บ้านเดี่ยว / บ้านแฝด,เช่า,มีที่จอดรถส่วนตัว,"ต่ำกว่า 15,000 บาท","ไม่มี (หากตอบ ""ไม่มี"" ให้ข้ามไปตอบตอนที่ 3)",,,,,,ค่าซ่อมบำรุง,"1,200,000-1,500,000 บาท",เพื่อใช้ในการค้าขาย,ยังไม่มีแนวโน้มที่จะซื้อ,รถยนต์ไฟฟ้า (EV),ความสะดวกในการใช้งาน,4,4,4,5,4,4,3,3,3,2,5,5,3,5,4,5,4,3,5,5,5
"26/7/2026, 14:33:38",ชาย,41-50 ปี,1 คน,ปริญญาตรี,เจ้าของกิจการ,1-2 คน,คอนโด / อพาร์ตเมนต์ / หอพัก,เป็นเจ้าของ,มีที่จอดรถส่วนกลาง / เช่า,"50,001-75,000 บาท",มี,ขับทั้งในเมืองและนอกเมือง,5-6 วัน / สัปดาห์,31-50 กิโลเมตร,"ศูนย์บริการและอะไหล่, อายุการใช้งาน",รถยนต์สันดาป (ดีเซล / เบนซิน),"ราคา, ความคุ้มค่าโดยรวม","ต่ำกว่า 500,000 บาท","เพื่อใช้ในการเดินทางไปทำงาน, เพื่อใช้ในการค้าขาย, เพื่อความสะดวกในการเดินทาง, เพื่อหลีกเลี่ยงปัญหาจากระบบการขนส่งมวลชน",มีแนวโน้มที่จะซื้อ,รถยนต์ไฮบริด (Hybrid),ความสะดวกในการใช้งาน,5,5,5,5,5,5,5,4,5,4,5,4,4,4,4,4,5,3,5,4,5
"26/7/2026, 14:33:39",หญิง,51-60 ปี,1 คน,ต่ำกว่า ม.3,พนักงานเอกชน,3-4 คน,คอนโด / อพาร์ตเมนต์ / หอพัก,เช่า,มีที่จอดรถส่วนตัว,"15,001-25,000 บาท",มี,ขับนอกเมือง,1-2 วัน / สัปดาห์,น้อยกว่า 10 กิโลเมตร,"ราคาน้ำมัน, ศูนย์บริการและอะไหล่, อายุการใช้งาน, ค่าใช้จ่ายในการซ่อมบำรุง",รถยนต์สันดาป (ดีเซล / เบนซิน),"ค่าน้ำมัน, สมรรถนะในการขับขี่","มากกว่า 1,500,000 บาท","เพื่อใช้ในการค้าขาย, เพื่อใช้ในการเดินทางท่องเที่ยว",มีแนวโน้มที่จะซื้อ,รถยนต์สันดาป (ดีเซล / เบนซิน),ราคาซื้อเริ่มต้น,5,4,4,5,5,5,5,4,3,5,5,4,5,5,4,5,4,5,5,5,4
"26/7/2026, 14:33:40",หญิง,24-26 ปี,3 คน,ปริญญาโท,นักเรียน / นักศึกษา,1-2 คน,คอนโด / อพาร์ตเมนต์ / หอพัก,เช่า,ไม่มีที่จอดรถ,"ต่ำกว่า 15,000 บาท",มี,ขับในเมือง,ใช้เป็นครั้งคราว,10-30 กิโลเมตร,ปั๊มน้ำมัน / สถานีชาร์จ,"รถยนต์สันดาป (ดีเซล / เบนซิน), รถยนต์ไฮบริด (Hybrid), รถยนต์ไฟฟ้า (EV)","ราคา, เทคโนโลยีและฟังก์ชันภายในรถ","500,001-800,000 บาท","เพื่อใช้ในการค้าขาย, เพื่อหลีกเลี่ยงปัญหาจากระบบการขนส่งมวลชน",มีแนวโน้มที่จะซื้อ,รถยนต์ไฟฟ้า (EV),"ค่าบำรุงรักษา, ความสะดวกในการใช้งาน",4,5,5,3,4,4,5,4,4,3,4,5,5,5,5,4,5,5,4,4,4
"26/7/2026, 14:33:41",ชาย,31-40 ปี,ไม่มีบุตร,ปริญญาเอก,พนักงานเอกชน,3-4 คน,คอนโด / อพาร์ตเมนต์ / หอพัก,เช่า,มีที่จอดรถส่วนตัว,"25,001-35,000 บาท","ไม่มี (หากตอบ ""ไม่มี"" ให้ข้ามไปตอบตอนที่ 3)",,,,,,"เทคโนโลยีและฟังก์ชันภายในรถ, ความคุ้มค่าโดยรวม","ต่ำกว่า 500,000 บาท",เพื่อหลีกเลี่ยงปัญหาจากระบบการขนส่งมวลชน,ยังไม่มีแนวโน้มที่จะซื้อ,รถยนต์ไฮบริด (Hybrid),ค่าบำรุงรักษา,4,5,3,3,4,5,5,4,5,5,4,5,4,4,3,3,4,5,4,4,4
"26/7/2026, 14:33:42",หญิง,31-40 ปี,1 คน,ปริญญาตรี,อาชีพอิสระ,5 คนขึ้นไป,บ้านเดี่ยว / บ้านแฝด,เช่า,มีที่จอดรถส่วนตัว,"15,001-25,000 บาท","ไม่มี (หากตอบ ""ไม่มี"" ให้ข้ามไปตอบตอนที่ 3)",,,,,,ราคา,"500,001-800,000 บาท",เพื่อใช้ในการค้าขาย,ยังไม่มีแนวโน้มที่จะซื้อ,รถยนต์ไฟฟ้า (EV),"ราคาซื้อเริ่มต้น, ความสะดวกในการใช้งาน",2,5,4,5,5,5,4,5,4,3,5,4,5,4,5,4,4,5,5,5,3
"26/7/2026, 14:33:43",หญิง,24-26 ปี,2 คน,ปริญญาตรี,นักเรียน / นักศึกษา,3-4 คน,บ้านเดี่ยว / บ้านแฝด,พักอาศัยกับครอบครัว / ผู้อื่น,มีที่จอดรถส่วนตัว,"ต่ำกว่า 15,000 บาท",มี,ขับในเมือง,1-2 วัน / สัปดาห์,31-50 กิโลเมตร,"ศูนย์บริการและอะไหล่, อายุการใช้งาน, ค่าใช้จ่ายในการซ่อมบำรุง",รถยนต์สันดาป (ดีเซล / เบนซิน),"ความคุ้มค่าโดยรวม, การรับประกันและบริการหลังการขาย","มากกว่า 1,500,000 บาท","เพื่อใช้ในการค้าขาย, เพื่อใช้ในการเดินทางท่องเที่ยว",มีแนวโน้มที่จะซื้อ,รถยนต์ไฟฟ้า (EV),ค่าบำรุงรักษา,5,5,4,4,4,5,5,3,5,5,5,4,4,3,4,4,5,5,4,5,5
"26/7/2026, 14:33:44",ชาย,27-30 ปี,ไม่มีบุตร,ปริญญาตรี,ข้าราชการ,5 คนขึ้นไป,บ้านเดี่ยว / บ้านแฝด,เช่า,ไม่มีที่จอดรถ,"35,001-50,000 บาท",มี,ขับทั้งในเมืองและนอกเมือง,1-2 วัน / สัปดาห์,71-90 กิโลเมตร,อายุการใช้งาน,รถยนต์สันดาป (ดีเซล / เบนซิน),"ราคา, แบรนด์","มากกว่า 1,500,000 บาท",เพื่อใช้ในการเดินทางไปทำงาน,มีแนวโน้มที่จะซื้อ,รถยนต์ไฮบริด (Hybrid),"ประหยัดค่าเชื้อเพลิง, ค่าบำรุงรักษา",4,3,5,5,5,5,5,5,5,5,4,5,5,5,4,5,5,3,5,5,5
"26/7/2026, 14:33:45",หญิง,20-23 ปี,ไม่มีบุตร,ปริญญาตรี,นักเรียน / นักศึกษา,3-4 คน,คอนโด / อพาร์ตเมนต์ / หอพัก,เช่า,มีที่จอดรถส่วนกลาง / เช่า,"ต่ำกว่า 15,000 บาท",มี,ขับนอกเมือง,ใช้งานทุกวัน,10-30 กิโลเมตร,ศูนย์บริการและอะไหล่,"รถยนต์สันดาป (ดีเซล / เบนซิน), รถยนต์ไฮบริด (Hybrid)",ความคุ้มค่าโดยรวม,"500,001-800,000 บาท","เพื่อใช้ในการเดินทางไปทำงาน, เพื่อใช้ในการค้าขาย",มีแนวโน้มที่จะซื้อ,รถยนต์ไฟฟ้า (EV),ค่าบำรุงรักษา,4,4,5,5,4,4,5,4,4,4,4,5,3,4,5,4,4,5,3,2,5
"26/7/2026, 14:33:46",ชาย,31-40 ปี,ไม่มีบุตร,ปริญญาตรี,พนักงานเอกชน,1-2 คน,บ้านเดี่ยว / บ้านแฝด,เป็นเจ้าของ,มีที่จอดรถส่วนตัว,"25,001-35,000 บาท","ไม่มี (หากตอบ ""ไม่มี"" ให้ข้ามไปตอบตอนที่ 3)",,,,,,"ราคา, ค่าน้ำมัน, การรับประกันและบริการหลังการขาย","500,001-800,000 บาท",เพื่อใช้ในการค้าขาย,มีแนวโน้มที่จะซื้อ,รถยนต์ไฮบริด (Hybrid),"ค่าบำรุงรักษา, ความสะดวกในการใช้งาน",4,5,4,5,3,3,5,5,5,3,4,3,4,5,4,5,5,4,5,5,4
"26/7/2026, 14:33:47",หญิง,31-40 ปี,ไม่มีบุตร,ปริญญาตรี,เจ้าของกิจการ,3-4 คน,บ้านเดี่ยว / บ้านแฝด,เป็นเจ้าของ,มีที่จอดรถส่วนกลาง / เช่า,"50,001-75,000 บาท","ไม่มี (หากตอบ ""ไม่มี"" ให้ข้ามไปตอบตอนที่ 3)",,,,,,ความคุ้มค่าโดยรวม,"มากกว่า 1,500,000 บาท",เพื่อใช้ในการค้าขาย,มีแนวโน้มที่จะซื้อ,รถยนต์ไฮบริด (Hybrid),ค่าบำรุงรักษา,5,4,5,5,4,5,4,5,4,4,5,5,3,5,4,4,4,5,5,3,4
"26/7/2026, 14:33:48",ชาย,31-40 ปี,ไม่มีบุตร,ปริญญาโท,พนักงานเอกชน,3-4 คน,บ้านเดี่ยว / บ้านแฝด,เช่า,มีที่จอดรถส่วนตัว,"25,001-35,000 บาท","ไม่มี (หากตอบ ""ไม่มี"" ให้ข้ามไปตอบตอนที่ 3)",,,,,,"ราคา, รูปลักษณ์ / ดีไซน์, ความคุ้มค่าโดยรวม","500,001-800,000 บาท",เพื่อใช้ในการเดินทางไปทำงาน,มีแนวโน้มที่จะซื้อ,รถยนต์ไฟฟ้า (EV),ค่าบำรุงรักษา,4,4,4,5,5,5,5,5,4,5,5,5,4,5,4,4,5,4,4,5,4
"26/7/2026, 14:33:49",ชาย,27-30 ปี,ไม่มีบุตร,ปริญญาตรี,พนักงานเอกชน,3-4 คน,บ้านเดี่ยว / บ้านแฝด,พักอาศัยกับครอบครัว / ผู้อื่น,มีที่จอดรถส่วนตัว,"มากกว่า 75,000",มี,ขับนอกเมือง,1-2 วัน / สัปดาห์,10-30 กิโลเมตร,อายุการใช้งาน,รถยนต์สันดาป (ดีเซล / เบนซิน),"สมรรถนะในการขับขี่, เทคโนโลยีและฟังก์ชันภายในรถ","ต่ำกว่า 500,000 บาท","เพื่อใช้ในการเดินทางไปทำงาน, เพื่อใช้ในการค้าขาย",มีแนวโน้มที่จะซื้อ,รถยนต์ไฮบริด (Hybrid),ค่าบำรุงรักษา,3,5,5,3,5,5,5,4,5,4,5,3,4,4,3,4,3,4,5,4,5
"26/7/2026, 14:33:51",ชาย,41-50 ปี,1 คน,ปริญญาเอก,เจ้าของกิจการ,3-4 คน,บ้านเดี่ยว / บ้านแฝด,เช่า,มีที่จอดรถส่วนตัว,"มากกว่า 75,000",มี,ขับนอกเมือง,1-2 วัน / สัปดาห์,10-30 กิโลเมตร,อายุการใช้งาน,รถยนต์สันดาป (ดีเซล / เบนซิน),สมรรถนะในการขับขี่,"ต่ำกว่า 500,000 บาท","เพื่อใช้ในการเดินทางไปทำงาน, เพื่อใช้ในการค้าขาย",ยังไม่มีแนวโน้มที่จะซื้อ,รถยนต์สันดาป (ดีเซล / เบนซิน),ค่าบำรุงรักษา,5,5,3,4,2,4,5,4,3,3,2,4,5,4,5,4,5,5,4,3,4
"26/7/2026, 14:33:51",ชาย,24-26 ปี,ไม่มีบุตร,ปริญญาตรี,อาชีพอิสระ,3-4 คน,บ้านเดี่ยว / บ้านแฝด,เป็นเจ้าของ,มีที่จอดรถส่วนตัว,"50,001-75,000 บาท",มี,ขับทั้งในเมืองและนอกเมือง,1-2 วัน / สัปดาห์,น้อยกว่า 10 กิโลเมตร,"ราคาน้ำมัน, ค่าใช้จ่ายในการซ่อมบำรุง","รถยนต์สันดาป (ดีเซล / เบนซิน), รถยนต์ไฮบริด (Hybrid), รถยนต์ไฟฟ้า (EV)",ความคุ้มค่าโดยรวม,"ต่ำกว่า 500,000 บาท",เพื่อใช้ในการค้าขาย,มีแนวโน้มที่จะซื้อ,รถยนต์สันดาป (ดีเซล / เบนซิน),ค่าบำรุงรักษา,5,4,4,5,5,5,4,5,5,3,4,5,5,5,5,4,3,5,5,4,4
"26/7/2026, 14:33:52",หญิง,27-30 ปี,ไม่มีบุตร,ปริญญาตรี,ข้าราชการ,5 คนขึ้นไป,คอนโด / อพาร์ตเมนต์ / หอพัก,พักอาศัยกับครอบครัว / ผู้อื่น,มีที่จอดรถส่วนกลาง / เช่า,"มากกว่า 75,000",มี,ขับในเมือง,5-6 วัน / สัปดาห์,51-70 กิโลเมตร,อายุการใช้งาน,"รถยนต์สันดาป (ดีเซล / เบนซิน), รถยนต์ไฮบริด (Hybrid)",ความสามารถในการผ่อนชำระ,"500,001-800,000 บาท",เพื่อหลีกเลี่ยงปัญหาจากระบบการขนส่งมวลชน,ยังไม่มีแนวโน้มที่จะซื้อ,รถยนต์ไฮบริด (Hybrid),"ราคาซื้อเริ่มต้น, ค่าบำรุงรักษา",5,5,4,4,5,5,4,4,3,4,5,5,5,4,4,4,5,3,5,5,2
"26/7/2026, 14:33:54",หญิง,27-30 ปี,ไม่มีบุตร,ปริญญาตรี,เจ้าของกิจการ,3-4 คน,บ้านเดี่ยว / บ้านแฝด,เป็นเจ้าของ,มีที่จอดรถส่วนตัว,"35,001-50,000 บาท",มี,ขับนอกเมือง,1-2 วัน / สัปดาห์,71-90 กิโลเมตร,อายุการใช้งาน,รถยนต์สันดาป (ดีเซล / เบนซิน),"ความสามารถในการผ่อนชำระ, ความคุ้มค่าโดยรวม","มากกว่า 1,500,000 บาท",เพื่อใช้ในการเดินทางท่องเที่ยว,มีแนวโน้มที่จะซื้อ,รถยนต์ไฮบริด (Hybrid),ค่าบำรุงรักษา,4,5,4,4,4,4,3,4,4,4,4,4,3,5,2,3,4,5,5,4,1
"26/7/2026, 14:33:55",ชาย,24-26 ปี,ไม่มีบุตร,ปริญญาโท,พนักงานเอกชน,1-2 คน,บ้านเดี่ยว / บ้านแฝด,เช่า,ไม่มีที่จอดรถ,"15,001-25,000 บาท","ไม่มี (หากตอบ ""ไม่มี"" ให้ข้ามไปตอบตอนที่ 3)",,,,,,"สมรรถนะในการขับขี่, เทคโนโลยีและฟังก์ชันภายในรถ, การรับประกันและบริการหลังการขาย","800,001-1,200,000 บาท","เพื่อใช้ในการค้าขาย, เพื่อความสะดวกในการเดินทาง",มีแนวโน้มที่จะซื้อ,รถยนต์ไฟฟ้า (EV),"ค่าบำรุงรักษา, ความสะดวกในการใช้งาน",4,5,3,4,5,4,5,5,4,4,3,4,3,5,5,5,4,5,3,5,4
"26/7/2026, 14:33:56",หญิง,31-40 ปี,ไม่มีบุตร,ปริญญาตรี,รัฐวิสาหกิจ,3-4 คน,บ้านเดี่ยว / บ้านแฝด,เป็นเจ้าของ,มีที่จอดรถส่วนตัว,"15,001-25,000 บาท",มี,ขับนอกเมือง,1-2 วัน / สัปดาห์,10-30 กิโลเมตร,"อายุการใช้งาน, ค่าใช้จ่ายในการซ่อมบำรุง",รถยนต์สันดาป (ดีเซล / เบนซิน),การรับประกันและบริการหลังการขาย,"500,001-800,000 บาท",เพื่อใช้ในการค้าขาย,มีแนวโน้มที่จะซื้อ,รถยนต์ไฟฟ้า (EV),ค่าบำรุงรักษา,3,5,4,4,5,4,4,5,3,5,5,4,4,5,4,3,4,4,5,4,5
"26/7/2026, 14:33:57",หญิง,31-40 ปี,ไม่มีบุตร,ปวช. / ปวส.,พนักงานเอกชน,5 คนขึ้นไป,บ้านเดี่ยว / บ้านแฝด,เป็นเจ้าของ,มีที่จอดรถส่วนกลาง / เช่า,"ต่ำกว่า 15,000 บาท","ไม่มี (หากตอบ ""ไม่มี"" ให้ข้ามไปตอบตอนที่ 3)",,,,,,ค่าน้ำมัน,"ต่ำกว่า 500,000 บาท",เพื่อใช้ในการค้าขาย,มีแนวโน้มที่จะซื้อ,รถยนต์ไฟฟ้า (EV),ค่าบำรุงรักษา,4,5,4,4,5,4,3,5,4,3,5,3,4,4,4,4,5,4,3,3,5
"26/7/2026, 14:33:58",หญิง,31-40 ปี,ไม่มีบุตร,ปวช. / ปวส.,เจ้าของกิจการ,1-2 คน,คอนโด / อพาร์ตเมนต์ / หอพัก,พักอาศัยกับครอบครัว / ผู้อื่น,มีที่จอดรถส่วนกลาง / เช่า,"35,001-50,000 บาท",มี,ขับในเมือง,1-2 วัน / สัปดาห์,31-50 กิโลเมตร,อายุการใช้งาน,รถยนต์สันดาป (ดีเซล / เบนซิน),"ความสามารถในการผ่อนชำระ, ความคุ้มค่าโดยรวม, การรับประกันและบริการหลังการขาย","ต่ำกว่า 500,000 บาท",เพื่อหลีกเลี่ยงปัญหาจากระบบการขนส่งมวลชน,มีแนวโน้มที่จะซื้อ,รถยนต์ไฟฟ้า (EV),ความสะดวกในการใช้งาน,3,4,5,5,4,5,5,5,5,5,4,5,3,5,4,4,4,5,3,3,5
"26/7/2026, 14:33:59",หญิง,24-26 ปี,ไม่มีบุตร,ปริญญาตรี,ค้าขาย,5 คนขึ้นไป,คอนโด / อพาร์ตเมนต์ / หอพัก,พักอาศัยกับครอบครัว / ผู้อื่น,มีที่จอดรถส่วนกลาง / เช่า,"25,001-35,000 บาท",มี,ขับในเมือง,1-2 วัน / สัปดาห์,10-30 กิโลเมตร,ค่าใช้จ่ายในการซ่อมบำรุง,"รถยนต์สันดาป (ดีเซล / เบนซิน), รถยนต์ไฮบริด (Hybrid)",ราคา,"500,001-800,000 บาท","เพื่อใช้ในการค้าขาย, เพื่อใช้ในการเดินทางท่องเที่ยว",ยังไม่มีแนวโน้มที่จะซื้อ,รถยนต์สันดาป (ดีเซล / เบนซิน),ราคาซื้อเริ่มต้น,5,5,5,4,5,4,4,5,5,4,5,4,5,5,5,5,5,4,5,4,5
"26/7/2026, 14:34:00",ชาย,41-50 ปี,ไม่มีบุตร,ม.6,อาชีพอิสระ,3-4 คน,คอนโด / อพาร์ตเมนต์ / หอพัก,เป็นเจ้าของ,มีที่จอดรถส่วนตัว,"15,001-25,000 บาท","ไม่มี (หากตอบ ""ไม่มี"" ให้ข้ามไปตอบตอนที่ 3)",,,,,,"ราคา, เทคโนโลยีและฟังก์ชันภายในรถ","500,001-800,000 บาท",เพื่อใช้ในการค้าขาย,มีแนวโน้มที่จะซื้อ,รถยนต์ไฮบริด (Hybrid),"ราคาซื้อเริ่มต้น, เทคโนโลยีและความทันสมัย",3,4,4,4,5,3,4,5,4,5,5,3,5,4,5,5,4,4,4,5,5
"26/7/2026, 14:34:01",ชาย,51-60 ปี,ไม่มีบุตร,ม.3,ข้าราชการ,5 คนขึ้นไป,คอนโด / อพาร์ตเมนต์ / หอพัก,เช่า,มีที่จอดรถส่วนตัว,"25,001-35,000 บาท",มี,ขับนอกเมือง,1-2 วัน / สัปดาห์,น้อยกว่า 10 กิโลเมตร,"อายุการใช้งาน, ค่าใช้จ่ายในการซ่อมบำรุง",รถยนต์สันดาป (ดีเซล / เบนซิน),"ค่าน้ำมัน, รูปลักษณ์ / ดีไซน์, ความคุ้มค่าโดยรวม, การรับประกันและบริการหลังการขาย","ต่ำกว่า 500,000 บาท",เพื่อใช้ในการค้าขาย,มีแนวโน้มที่จะซื้อ,รถยนต์ไฟฟ้า (EV),"ราคาซื้อเริ่มต้น, เทคโนโลยีและความทันสมัย",5,4,4,4,3,4,5,4,5,5,3,3,4,4,5,4,4,4,5,4,5
"26/7/2026, 14:34:02",หญิง,41-50 ปี,ไม่มีบุตร,ปริญญาตรี,เจ้าของกิจการ,3-4 คน,คอนโด / อพาร์ตเมนต์ / หอพัก,พักอาศัยกับครอบครัว / ผู้อื่น,มีที่จอดรถส่วนกลาง / เช่า,"50,001-75,000 บาท",มี,ขับทั้งในเมืองและนอกเมือง,ใช้งานทุกวัน,31-50 กิโลเมตร,"อายุการใช้งาน, ค่าใช้จ่ายในการซ่อมบำรุง","รถยนต์ไฮบริด (Hybrid), รถยนต์ไฟฟ้า (EV)","ค่าน้ำมัน, ค่าซ่อมบำรุง","500,001-800,000 บาท",เพื่อใช้ในการค้าขาย,มีแนวโน้มที่จะซื้อ,รถยนต์ไฮบริด (Hybrid),ค่าบำรุงรักษา,4,4,4,5,5,3,4,4,5,5,4,5,4,4,5,4,4,4,5,4,4
"26/7/2026, 14:34:03",หญิง,20-23 ปี,ไม่มีบุตร,ปริญญาตรี,พนักงานเอกชน,3-4 คน,คอนโด / อพาร์ตเมนต์ / หอพัก,เช่า,มีที่จอดรถส่วนตัว,"25,001-35,000 บาท",มี,ขับทั้งในเมืองและนอกเมือง,5-6 วัน / สัปดาห์,31-50 กิโลเมตร,อายุการใช้งาน,รถยนต์สันดาป (ดีเซล / เบนซิน),การรับประกันและบริการหลังการขาย,"500,001-800,000 บาท","เพื่อใช้ในการเดินทางไปทำงาน, เพื่อหลีกเลี่ยงปัญหาจากระบบการขนส่งมวลชน",มีแนวโน้มที่จะซื้อ,รถยนต์ไฮบริด (Hybrid),ค่าบำรุงรักษา,4,5,3,5,4,3,5,5,5,4,5,5,4,5,4,5,4,4,4,5,4
"26/7/2026, 14:34:04",หญิง,51-60 ปี,ไม่มีบุตร,ปริญญาตรี,รัฐวิสาหกิจ,1-2 คน,บ้านเดี่ยว / บ้านแฝด,เช่า,มีที่จอดรถส่วนตัว,"25,001-35,000 บาท",มี,ขับนอกเมือง,ใช้งานทุกวัน,10-30 กิโลเมตร,อายุการใช้งาน,รถยนต์สันดาป (ดีเซล / เบนซิน),"ค่าน้ำมัน, การรับประกันและบริการหลังการขาย","ต่ำกว่า 500,000 บาท",เพื่อใช้ในการค้าขาย,มีแนวโน้มที่จะซื้อ,รถยนต์สันดาป (ดีเซล / เบนซิน),"ความสะดวกในการใช้งาน, เทคโนโลยีและความทันสมัย",5,3,4,5,5,5,4,5,4,4,3,4,4,5,5,5,4,4,4,5,3
"26/7/2026, 14:34:06",หญิง,27-30 ปี,ไม่มีบุตร,ปริญญาโท,พนักงานเอกชน,5 คนขึ้นไป,บ้านเดี่ยว / บ้านแฝด,เช่า,มีที่จอดรถส่วนกลาง / เช่า,"25,001-35,000 บาท",มี,ขับทั้งในเมืองและนอกเมือง,1-2 วัน / สัปดาห์,10-30 กิโลเมตร,อายุการใช้งาน,"รถยนต์สันดาป (ดีเซล / เบนซิน), รถยนต์ไฮบริด (Hybrid)",ความคุ้มค่าโดยรวม,"500,001-800,000 บาท",เพื่อหลีกเลี่ยงปัญหาจากระบบการขนส่งมวลชน,มีแนวโน้มที่จะซื้อ,รถยนต์สันดาป (ดีเซล / เบนซิน),ราคาซื้อเริ่มต้น,5,5,4,3,4,3,4,4,2,3,5,5,5,5,5,5,5,4,4,5,4
"26/7/2026, 14:34:06",ชาย,24-26 ปี,ไม่มีบุตร,ปริญญาตรี,พนักงานเอกชน,1-2 คน,คอนโด / อพาร์ตเมนต์ / หอพัก,เป็นเจ้าของ,มีที่จอดรถส่วนตัว,"35,001-50,000 บาท","ไม่มี (หากตอบ ""ไม่มี"" ให้ข้ามไปตอบตอนที่ 3)",,,,,,ราคา,"500,001-800,000 บาท",เพื่อใช้ในการค้าขาย,ยังไม่มีแนวโน้มที่จะซื้อ,รถยนต์ไฟฟ้า (EV),ราคาซื้อเริ่มต้น,5,5,5,4,5,3,4,4,4,4,4,3,4,4,5,5,3,5,5,5,3
"26/7/2026, 14:34:07",ชาย,27-30 ปี,2 คน,ปริญญาโท,เจ้าของกิจการ,3-4 คน,คอนโด / อพาร์ตเมนต์ / หอพัก,เช่า,มีที่จอดรถส่วนตัว,"25,001-35,000 บาท",มี,ขับนอกเมือง,1-2 วัน / สัปดาห์,31-50 กิโลเมตร,อายุการใช้งาน,รถยนต์สันดาป (ดีเซล / เบนซิน),ความคุ้มค่าโดยรวม,"800,001-1,200,000 บาท",เพื่อใช้ในการเดินทางไปทำงาน,ยังไม่มีแนวโน้มที่จะซื้อ,รถยนต์ไฟฟ้า (EV),ค่าบำรุงรักษา,4,5,4,5,5,5,3,5,5,4,4,3,4,3,4,5,5,4,3,4,4
"26/7/2026, 14:34:08",หญิง,20-23 ปี,ไม่มีบุตร,ปริญญาตรี,รัฐวิสาหกิจ,3-4 คน,คอนโด / อพาร์ตเมนต์ / หอพัก,เป็นเจ้าของ,มีที่จอดรถส่วนตัว,"15,001-25,000 บาท",มี,ขับทั้งในเมืองและนอกเมือง,5-6 วัน / สัปดาห์,51-70 กิโลเมตร,อายุการใช้งาน,รถยนต์สันดาป (ดีเซล / เบนซิน),"ความสามารถในการผ่อนชำระ, ค่าน้ำมัน, ความคุ้มค่าโดยรวม","500,001-800,000 บาท",เพื่อหลีกเลี่ยงปัญหาจากระบบการขนส่งมวลชน,มีแนวโน้มที่จะซื้อ,รถยนต์สันดาป (ดีเซล / เบนซิน),เทคโนโลยีและความทันสมัย,5,5,5,5,3,4,3,5,3,5,4,4,5,4,3,5,5,2,5,4,5
"26/7/2026, 14:34:10",ชาย,31-40 ปี,ไม่มีบุตร,ปริญญาโท,เจ้าของกิจการ,3-4 คน,คอนโด / อพาร์ตเมนต์ / หอพัก,เป็นเจ้าของ,มีที่จอดรถส่วนกลาง / เช่า,"มากกว่า 75,000","ไม่มี (หากตอบ ""ไม่มี"" ให้ข้ามไปตอบตอนที่ 3)",,,,,,"ความสามารถในการผ่อนชำระ, แบรนด์, ความคุ้มค่าโดยรวม, การรับประกันและบริการหลังการขาย","500,001-800,000 บาท","เพื่อใช้ในการเดินทางไปทำงาน, เพื่อหลีกเลี่ยงปัญหาจากระบบการขนส่งมวลชน",ยังไม่มีแนวโน้มที่จะซื้อ,รถยนต์ไฮบริด (Hybrid),ค่าบำรุงรักษา,5,3,4,5,5,3,4,4,4,4,5,3,5,4,4,5,5,4,5,4,3
"26/7/2026, 14:34:11",หญิง,27-30 ปี,ไม่มีบุตร,ปริญญาตรี,อาชีพอิสระ,3-4 คน,คอนโด / อพาร์ตเมนต์ / หอพัก,เช่า,มีที่จอดรถส่วนตัว,"50,001-75,000 บาท",มี,ขับนอกเมือง,5-6 วัน / สัปดาห์,10-30 กิโลเมตร,"ราคาน้ำมัน, อายุการใช้งาน",รถยนต์สันดาป (ดีเซล / เบนซิน),เทคโนโลยีและฟังก์ชันภายในรถ,"ต่ำกว่า 500,000 บาท",เพื่อใช้ในการค้าขาย,ยังไม่มีแนวโน้มที่จะซื้อ,รถยนต์ไฟฟ้า (EV),ค่าบำรุงรักษา,3,4,2,5,5,3,4,5,5,2,4,4,4,5,4,4,4,5,4,4,4
"26/7/2026, 14:34:12",ชาย,31-40 ปี,ไม่มีบุตร,ปริญญาตรี,อาชีพอิสระ,3-4 คน,บ้านเดี่ยว / บ้านแฝด,เช่า,มีที่จอดรถส่วนตัว,"15,001-25,000 บาท","ไม่มี (หากตอบ ""ไม่มี"" ให้ข้ามไปตอบตอนที่ 3)",,,,,,"ความสามารถในการผ่อนชำระ, เทคโนโลยีและฟังก์ชันภายในรถ","800,001-1,200,000 บาท","เพื่อใช้ในการเดินทางท่องเที่ยว, เพื่อความสะดวกในการเดินทาง",มีแนวโน้มที่จะซื้อ,รถยนต์สันดาป (ดีเซล / เบนซิน),ค่าบำรุงรักษา,4,5,3,5,5,5,5,3,5,4,3,4,3,5,5,5,4,4,4,5,3
"26/7/2026, 14:34:12",หญิง,24-26 ปี,ไม่มีบุตร,ปริญญาโท,นักเรียน / นักศึกษา,3-4 คน,คอนโด / อพาร์ตเมนต์ / หอพัก,เช่า,มีที่จอดรถส่วนตัว,"15,001-25,000 บาท",มี,ขับทั้งในเมืองและนอกเมือง,ใช้เป็นครั้งคราว,31-50 กิโลเมตร,อายุการใช้งาน,รถยนต์สันดาป (ดีเซล / เบนซิน),ความคุ้มค่าโดยรวม,"1,200,000-1,500,000 บาท",เพื่อหลีกเลี่ยงปัญหาจากระบบการขนส่งมวลชน,มีแนวโน้มที่จะซื้อ,รถยนต์ไฟฟ้า (EV),ประหยัดค่าเชื้อเพลิง,5,5,3,3,4,2,5,5,5,5,5,5,4,5,5,4,3,5,5,5,5
"26/7/2026, 14:34:14",หญิง,41-50 ปี,2 คน,ม.6,รัฐวิสาหกิจ,1-2 คน,บ้านเดี่ยว / บ้านแฝด,เป็นเจ้าของ,มีที่จอดรถส่วนกลาง / เช่า,"15,001-25,000 บาท","ไม่มี (หากตอบ ""ไม่มี"" ให้ข้ามไปตอบตอนที่ 3)",,,,,,"ค่าน้ำมัน, สมรรถนะในการขับขี่, รูปลักษณ์ / ดีไซน์","500,001-800,000 บาท",เพื่อใช้ในการค้าขาย,มีแนวโน้มที่จะซื้อ,รถยนต์ไฟฟ้า (EV),ค่าบำรุงรักษา,3,5,5,5,5,3,5,3,5,4,3,4,5,5,5,4,3,4,5,4,5
"26/7/2026, 14:40:32",ชาย,24-26 ปี,3 คน,ปริญญาตรี,เจ้าของกิจการ,1-2 คน,ทาวน์โฮม / ทาวเฮาท์,พักอาศัยกับครอบครัว / ผู้อื่น,มีที่จอดรถส่วนตัว,"50,001-75,000 บาท","ไม่มี (หากตอบ ""ไม่มี"" ให้ข้ามไปตอบตอนที่ 3)",,,,,,แบรนด์,"ต่ำกว่า 500,000 บาท",เพื่อความสะดวกในการเดินทาง,มีแนวโน้มที่จะซื้อ,รถยนต์ไฮบริด (Hybrid),ประหยัดค่าเชื้อเพลิง,5,5,5,3,5,4,5,5,3,4,5,4,5,4,5,5,5,5,4,3,3
"26/7/2026, 14:40:33",หญิง,27-30 ปี,1 คน,ปริญญาตรี,ค้าขาย,1-2 คน,คอนโด / อพาร์ตเมนต์ / หอพัก,พักอาศัยกับครอบครัว / ผู้อื่น,มีที่จอดรถส่วนตัว,"15,001-25,000 บาท","ไม่มี (หากตอบ ""ไม่มี"" ให้ข้ามไปตอบตอนที่ 3)",,,,,,"ค่าซ่อมบำรุง, สมรรถนะในการขับขี่","500,001-800,000 บาท","เพื่อใช้ในการเดินทางไปทำงาน, เพื่อใช้ในการค้าขาย, เพื่อความสะดวกในการเดินทาง",ยังไม่มีแนวโน้มที่จะซื้อ,รถยนต์ไฮบริด (Hybrid),ความสะดวกในการใช้งาน,5,4,4,4,4,5,3,4,4,5,4,5,3,3,4,5,4,4,4,4,5
"26/7/2026, 14:40:33",หญิง,31-40 ปี,3 คน,ปริญญาโท,เจ้าของกิจการ,1-2 คน,คอนโด / อพาร์ตเมนต์ / หอพัก,พักอาศัยกับครอบครัว / ผู้อื่น,มีที่จอดรถส่วนตัว,"50,001-75,000 บาท",มี,ขับในเมือง,ใช้เป็นครั้งคราว,51-70 กิโลเมตร,ค่าใช้จ่ายในการซ่อมบำรุง,"รถยนต์สันดาป (ดีเซล / เบนซิน), รถยนต์ไฮบริด (Hybrid)",ราคา,"มากกว่า 1,500,000 บาท","เพื่อใช้ในการเดินทางไปทำงาน, เพื่อหลีกเลี่ยงปัญหาจากระบบการขนส่งมวลชน",มีแนวโน้มที่จะซื้อ,รถยนต์ไฟฟ้า (EV),ค่าบำรุงรักษา,3,4,4,5,4,4,5,3,3,4,4,5,4,5,4,3,4,4,5,4,5
"26/7/2026, 14:40:34",หญิง,31-40 ปี,3 คน,ปริญญาโท,ค้าขาย,3-4 คน,คอนโด / อพาร์ตเมนต์ / หอพัก,พักอาศัยกับครอบครัว / ผู้อื่น,มีที่จอดรถส่วนกลาง / เช่า,"25,001-35,000 บาท",มี,ขับในเมือง,5-6 วัน / สัปดาห์,51-70 กิโลเมตร,"อายุการใช้งาน, ค่าใช้จ่ายในการซ่อมบำรุง",รถยนต์สันดาป (ดีเซล / เบนซิน),สมรรถนะในการขับขี่,"1,200,000-1,500,000 บาท","เพื่อใช้ในการเดินทางไปทำงาน, เพื่อใช้ในการเดินทางท่องเที่ยว, เพื่อความสะดวกในการเดินทาง",มีแนวโน้มที่จะซื้อ,รถยนต์สันดาป (ดีเซล / เบนซิน),"ค่าบำรุงรักษา, ความสะดวกในการใช้งาน",4,5,5,5,3,3,5,5,4,3,5,5,5,5,5,4,4,5,5,5,5
"26/7/2026, 14:40:35",ชาย,41-50 ปี,ไม่มีบุตร,ปวช. / ปวส.,ค้าขาย,1-2 คน,คอนโด / อพาร์ตเมนต์ / หอพัก,เป็นเจ้าของ,มีที่จอดรถส่วนกลาง / เช่า,"มากกว่า 75,000",มี,ขับทั้งในเมืองและนอกเมือง,1-2 วัน / สัปดาห์,10-30 กิโลเมตร,ค่าใช้จ่ายในการซ่อมบำรุง,รถยนต์ไฮบริด (Hybrid),สมรรถนะในการขับขี่,"500,001-800,000 บาท","เพื่อความสะดวกในการเดินทาง, เพื่อหลีกเลี่ยงปัญหาจากระบบการขนส่งมวลชน",ยังไม่มีแนวโน้มที่จะซื้อ,รถยนต์ไฟฟ้า (EV),ความสะดวกในการใช้งาน,3,5,4,3,5,5,5,5,5,5,5,5,5,5,3,4,3,5,4,5,5
"26/7/2026, 14:40:36",ชาย,31-40 ปี,มากกว่า 3 คน,ม.6,พนักงานเอกชน,3-4 คน,คอนโด / อพาร์ตเมนต์ / หอพัก,พักอาศัยกับครอบครัว / ผู้อื่น,มีที่จอดรถส่วนตัว,"25,001-35,000 บาท",มี,ขับนอกเมือง,ใช้เป็นครั้งคราว,51-70 กิโลเมตร,ค่าใช้จ่ายในการซ่อมบำรุง,รถยนต์สันดาป (ดีเซล / เบนซิน),สมรรถนะในการขับขี่,"1,200,000-1,500,000 บาท","เพื่อใช้ในการเดินทางไปทำงาน, เพื่อความสะดวกในการเดินทาง",ยังไม่มีแนวโน้มที่จะซื้อ,รถยนต์ไฟฟ้า (EV),ความสะดวกในการใช้งาน,5,5,3,5,4,5,5,4,5,4,5,4,5,5,5,3,4,4,4,5,4
"26/7/2026, 14:40:37",ชาย,31-40 ปี,ไม่มีบุตร,ปริญญาตรี,รัฐวิสาหกิจ,3-4 คน,คอนโด / อพาร์ตเมนต์ / หอพัก,พักอาศัยกับครอบครัว / ผู้อื่น,มีที่จอดรถส่วนตัว,"35,001-50,000 บาท","ไม่มี (หากตอบ ""ไม่มี"" ให้ข้ามไปตอบตอนที่ 3)",,,,,,เทคโนโลยีและฟังก์ชันภายในรถ,"500,001-800,000 บาท","เพื่อใช้ในการเดินทางไปทำงาน, เพื่อหลีกเลี่ยงปัญหาจากระบบการขนส่งมวลชน",มีแนวโน้มที่จะซื้อ,รถยนต์ไฟฟ้า (EV),"ความสะดวกในการใช้งาน, เทคโนโลยีและความทันสมัย",5,5,5,5,5,5,5,5,4,4,5,5,4,4,5,5,4,5,5,3,4
"26/7/2026, 14:40:38",หญิง,31-40 ปี,3 คน,ปริญญาโท,อาชีพอิสระ,1-2 คน,คอนโด / อพาร์ตเมนต์ / หอพัก,พักอาศัยกับครอบครัว / ผู้อื่น,มีที่จอดรถส่วนตัว,"25,001-35,000 บาท",มี,ขับในเมือง,ใช้เป็นครั้งคราว,51-70 กิโลเมตร,"อายุการใช้งาน, ค่าใช้จ่ายในการซ่อมบำรุง","รถยนต์สันดาป (ดีเซล / เบนซิน), รถยนต์ไฮบริด (Hybrid)",สมรรถนะในการขับขี่,"1,200,000-1,500,000 บาท",เพื่อใช้ในการเดินทางท่องเที่ยว,ยังไม่มีแนวโน้มที่จะซื้อ,รถยนต์ไฟฟ้า (EV),ความสะดวกในการใช้งาน,5,5,4,5,4,5,5,5,5,4,4,4,5,5,4,5,5,3,4,5,5
"26/7/2026, 14:40:39",หญิง,27-30 ปี,มากกว่า 3 คน,ปริญญาโท,ข้าราชการ,3-4 คน,คอนโด / อพาร์ตเมนต์ / หอพัก,พักอาศัยกับครอบครัว / ผู้อื่น,มีที่จอดรถส่วนตัว,"15,001-25,000 บาท","ไม่มี (หากตอบ ""ไม่มี"" ให้ข้ามไปตอบตอนที่ 3)",,,,,,ค่าซ่อมบำรุง,"800,001-1,200,000 บาท","เพื่อใช้ในการเดินทางไปทำงาน, เพื่อความสะดวกในการเดินทาง",มีแนวโน้มที่จะซื้อ,รถยนต์ไฮบริด (Hybrid),ค่าบำรุงรักษา,4,5,5,5,4,5,5,5,5,4,4,4,5,5,4,5,4,4,5,5,5
"26/7/2026, 14:40:40",ชาย,41-50 ปี,2 คน,ปริญญาตรี,ค้าขาย,3-4 คน,คอนโด / อพาร์ตเมนต์ / หอพัก,พักอาศัยกับครอบครัว / ผู้อื่น,มีที่จอดรถส่วนกลาง / เช่า,"15,001-25,000 บาท","ไม่มี (หากตอบ ""ไม่มี"" ให้ข้ามไปตอบตอนที่ 3)",,,,,,"ค่าไฟฟ้า, ค่าซ่อมบำรุง, สมรรถนะในการขับขี่, แบรนด์","500,001-800,000 บาท",เพื่อความสะดวกในการเดินทาง,ยังไม่มีแนวโน้มที่จะซื้อ,รถยนต์ไฟฟ้า (EV),"ค่าบำรุงรักษา, เทคโนโลยีและความทันสมัย",4,3,3,4,4,4,3,5,5,4,5,4,5,5,4,4,5,4,3,4,5
"26/7/2026, 14:40:41",หญิง,41-50 ปี,3 คน,ปวช. / ปวส.,พนักงานเอกชน,3-4 คน,คอนโด / อพาร์ตเมนต์ / หอพัก,เป็นเจ้าของ,มีที่จอดรถส่วนตัว,"35,001-50,000 บาท",มี,ขับนอกเมือง,ใช้งานทุกวัน,71-90 กิโลเมตร,"ศูนย์บริการและอะไหล่, ค่าใช้จ่ายในการซ่อมบำรุง","รถยนต์สันดาป (ดีเซล / เบนซิน), รถยนต์ไฮบริด (Hybrid)",สมรรถนะในการขับขี่,"ต่ำกว่า 500,000 บาท","เพื่อใช้ในการเดินทางไปทำงาน, เพื่อใช้ในการเดินทางท่องเที่ยว",มีแนวโน้มที่จะซื้อ,รถยนต์ไฮบริด (Hybrid),"ค่าบำรุงรักษา, ความสะดวกในการใช้งาน",5,5,5,4,5,4,4,5,4,5,5,4,5,5,4,4,4,5,5,2,5
"26/7/2026, 14:40:42",หญิง,41-50 ปี,3 คน,ปวช. / ปวส.,ข้าราชการ,1-2 คน,ทาวน์โฮม / ทาวเฮาท์,พักอาศัยกับครอบครัว / ผู้อื่น,มีที่จอดรถส่วนตัว,"35,001-50,000 บาท",มี,ขับนอกเมือง,1-2 วัน / สัปดาห์,51-70 กิโลเมตร,"อายุการใช้งาน, ค่าใช้จ่ายในการซ่อมบำรุง, มูลค่าการขายต่อ",รถยนต์สันดาป (ดีเซล / เบนซิน),"สมรรถนะในการขับขี่, ความคุ้มค่าโดยรวม","1,200,000-1,500,000 บาท","เพื่อใช้ในการค้าขาย, เพื่อความสะดวกในการเดินทาง",ยังไม่มีแนวโน้มที่จะซื้อ,รถยนต์สันดาป (ดีเซล / เบนซิน),"ราคาซื้อเริ่มต้น, เทคโนโลยีและความทันสมัย",4,5,4,3,5,5,5,3,3,5,5,5,3,4,5,5,4,5,5,4,4
"26/7/2026, 14:40:43",ชาย,24-26 ปี,มากกว่า 3 คน,ปริญญาตรี,พนักงานเอกชน,1-2 คน,คอนโด / อพาร์ตเมนต์ / หอพัก,เป็นเจ้าของ,มีที่จอดรถส่วนตัว,"15,001-25,000 บาท",มี,ขับในเมือง,5-6 วัน / สัปดาห์,น้อยกว่า 10 กิโลเมตร,ค่าใช้จ่ายในการซ่อมบำรุง,รถยนต์สันดาป (ดีเซล / เบนซิน),สมรรถนะในการขับขี่,"800,001-1,200,000 บาท",เพื่อใช้ในการเดินทางไปทำงาน,มีแนวโน้มที่จะซื้อ,รถยนต์ไฟฟ้า (EV),"ราคาซื้อเริ่มต้น, ค่าบำรุงรักษา, ความสะดวกในการใช้งาน, เป็นมิตรต่อสิ่งแวดล้อม",5,4,4,3,4,3,5,5,4,4,4,4,5,5,4,4,5,5,4,5,5
"26/7/2026, 14:40:44",หญิง,27-30 ปี,3 คน,ปริญญาโท,ค้าขาย,1-2 คน,คอนโด / อพาร์ตเมนต์ / หอพัก,เป็นเจ้าของ,มีที่จอดรถส่วนกลาง / เช่า,"ต่ำกว่า 15,000 บาท",มี,ขับทั้งในเมืองและนอกเมือง,1-2 วัน / สัปดาห์,71-90 กิโลเมตร,อายุการใช้งาน,รถยนต์สันดาป (ดีเซล / เบนซิน),"ค่าซ่อมบำรุง, สมรรถนะในการขับขี่","500,001-800,000 บาท","เพื่อใช้ในการเดินทางท่องเที่ยว, เพื่อความสะดวกในการเดินทาง",ยังไม่มีแนวโน้มที่จะซื้อ,รถยนต์ไฟฟ้า (EV),"ค่าบำรุงรักษา, เทคโนโลยีและความทันสมัย",5,4,5,4,5,3,5,5,4,4,3,4,4,5,5,4,4,5,5,5,5
"26/7/2026, 14:40:44",หญิง,31-40 ปี,มากกว่า 3 คน,ปริญญาตรี,พนักงานเอกชน,1-2 คน,คอนโด / อพาร์ตเมนต์ / หอพัก,พักอาศัยกับครอบครัว / ผู้อื่น,มีที่จอดรถส่วนตัว,"35,001-50,000 บาท","ไม่มี (หากตอบ ""ไม่มี"" ให้ข้ามไปตอบตอนที่ 3)",,,,,,สมรรถนะในการขับขี่,"500,001-800,000 บาท",เพื่อความสะดวกในการเดินทาง,ยังไม่มีแนวโน้มที่จะซื้อ,รถยนต์สันดาป (ดีเซล / เบนซิน),ความสะดวกในการใช้งาน,4,4,5,5,4,5,3,5,5,3,5,5,4,4,5,3,5,5,5,5,4
"26/7/2026, 14:40:45",หญิง,20-23 ปี,มากกว่า 3 คน,ปวช. / ปวส.,นักเรียน / นักศึกษา,3-4 คน,คอนโด / อพาร์ตเมนต์ / หอพัก,พักอาศัยกับครอบครัว / ผู้อื่น,มีที่จอดรถส่วนตัว,"ต่ำกว่า 15,000 บาท","ไม่มี (หากตอบ ""ไม่มี"" ให้ข้ามไปตอบตอนที่ 3)",,,,,,"ราคา, ค่าซ่อมบำรุง, เทคโนโลยีและฟังก์ชันภายในรถ","500,001-800,000 บาท","เพื่อใช้ในการเดินทางไปทำงาน, เพื่อความสะดวกในการเดินทาง, เพื่อหลีกเลี่ยงปัญหาจากระบบการขนส่งมวลชน",ยังไม่มีแนวโน้มที่จะซื้อ,รถยนต์สันดาป (ดีเซล / เบนซิน),"ราคาซื้อเริ่มต้น, ประหยัดค่าเชื้อเพลิง, ความสะดวกในการใช้งาน",4,5,5,5,5,5,5,4,5,4,4,5,4,4,5,2,5,5,4,5,5
"26/7/2026, 14:40:46",หญิง,31-40 ปี,มากกว่า 3 คน,ปริญญาตรี,พนักงานเอกชน,1-2 คน,คอนโด / อพาร์ตเมนต์ / หอพัก,พักอาศัยกับครอบครัว / ผู้อื่น,มีที่จอดรถส่วนตัว,"15,001-25,000 บาท",มี,ขับทั้งในเมืองและนอกเมือง,ใช้งานทุกวัน,10-30 กิโลเมตร,ศูนย์บริการและอะไหล่,รถยนต์สันดาป (ดีเซล / เบนซิน),"ค่าซ่อมบำรุง, รูปลักษณ์ / ดีไซน์, เทคโนโลยีและฟังก์ชันภายในรถ","800,001-1,200,000 บาท","เพื่อใช้ในการเดินทางท่องเที่ยว, เพื่อความสะดวกในการเดินทาง",มีแนวโน้มที่จะซื้อ,รถยนต์ไฮบริด (Hybrid),ราคาซื้อเริ่มต้น,5,5,5,5,5,2,4,5,4,5,4,4,5,3,5,4,3,5,4,5,4
"26/7/2026, 14:40:47",ชาย,27-30 ปี,มากกว่า 3 คน,ปริญญาโท,พนักงานเอกชน,1-2 คน,คอนโด / อพาร์ตเมนต์ / หอพัก,พักอาศัยกับครอบครัว / ผู้อื่น,มีที่จอดรถส่วนตัว,"15,001-25,000 บาท",มี,ขับนอกเมือง,3-4 วัน / สัปดาห์,51-70 กิโลเมตร,"ค่าใช้จ่ายในการซ่อมบำรุง, มูลค่าการขายต่อ","รถยนต์สันดาป (ดีเซล / เบนซิน), รถยนต์ไฮบริด (Hybrid)",สมรรถนะในการขับขี่,"500,001-800,000 บาท",เพื่อความสะดวกในการเดินทาง,ยังไม่มีแนวโน้มที่จะซื้อ,รถยนต์ไฟฟ้า (EV),"ค่าบำรุงรักษา, ความสะดวกในการใช้งาน, เป็นมิตรต่อสิ่งแวดล้อม, เทคโนโลยีและความทันสมัย",5,4,5,3,3,4,5,4,5,4,4,4,4,4,5,5,4,5,4,5,5
"26/7/2026, 14:40:48",หญิง,41-50 ปี,มากกว่า 3 คน,ปวช. / ปวส.,เจ้าของกิจการ,1-2 คน,คอนโด / อพาร์ตเมนต์ / หอพัก,พักอาศัยกับครอบครัว / ผู้อื่น,มีที่จอดรถส่วนตัว,"50,001-75,000 บาท","ไม่มี (หากตอบ ""ไม่มี"" ให้ข้ามไปตอบตอนที่ 3)",,,,,,"ค่าซ่อมบำรุง, ความคุ้มค่าโดยรวม","ต่ำกว่า 500,000 บาท",เพื่อความสะดวกในการเดินทาง,ยังไม่มีแนวโน้มที่จะซื้อ,รถยนต์ไฮบริด (Hybrid),"ค่าบำรุงรักษา, เป็นมิตรต่อสิ่งแวดล้อม",5,4,4,4,5,4,5,5,4,5,4,5,4,5,3,5,5,3,5,4,5
"26/7/2026, 14:40:49",หญิง,31-40 ปี,3 คน,ปริญญาตรี,เจ้าของกิจการ,1-2 คน,คอนโด / อพาร์ตเมนต์ / หอพัก,พักอาศัยกับครอบครัว / ผู้อื่น,มีที่จอดรถส่วนตัว,"50,001-75,000 บาท",มี,ขับทั้งในเมืองและนอกเมือง,ใช้งานทุกวัน,10-30 กิโลเมตร,ค่าใช้จ่ายในการซ่อมบำรุง,"รถยนต์สันดาป (ดีเซล / เบนซิน), รถยนต์ไฮบริด (Hybrid)",สมรรถนะในการขับขี่,"1,200,000-1,500,000 บาท","เพื่อใช้ในการเดินทางไปทำงาน, เพื่อใช้ในการค้าขาย",ยังไม่มีแนวโน้มที่จะซื้อ,รถยนต์ไฟฟ้า (EV),"ราคาซื้อเริ่มต้น, ความสะดวกในการใช้งาน, เทคโนโลยีและความทันสมัย",4,5,4,3,5,5,5,5,3,3,4,5,5,5,5,3,5,5,5,4,5
"26/7/2026, 14:40:50",หญิง,31-40 ปี,3 คน,ปวช. / ปวส.,ค้าขาย,1-2 คน,คอนโด / อพาร์ตเมนต์ / หอพัก,พักอาศัยกับครอบครัว / ผู้อื่น,มีที่จอดรถส่วนตัว,"มากกว่า 75,000","ไม่มี (หากตอบ ""ไม่มี"" ให้ข้ามไปตอบตอนที่ 3)",,,,,,สมรรถนะในการขับขี่,"800,001-1,200,000 บาท",เพื่อความสะดวกในการเดินทาง,ยังไม่มีแนวโน้มที่จะซื้อ,รถยนต์ไฟฟ้า (EV),"ประหยัดค่าเชื้อเพลิง, ความสะดวกในการใช้งาน",3,5,5,2,4,5,4,5,3,4,5,4,5,5,5,5,5,5,3,5,4
"26/7/2026, 14:40:51",ชาย,31-40 ปี,3 คน,ปริญญาตรี,รัฐวิสาหกิจ,5 คนขึ้นไป,คอนโด / อพาร์ตเมนต์ / หอพัก,พักอาศัยกับครอบครัว / ผู้อื่น,มีที่จอดรถส่วนกลาง / เช่า,"15,001-25,000 บาท",มี,ขับนอกเมือง,5-6 วัน / สัปดาห์,51-70 กิโลเมตร,"ศูนย์บริการและอะไหล่, มูลค่าการขายต่อ",รถยนต์สันดาป (ดีเซล / เบนซิน),"สมรรถนะในการขับขี่, เทคโนโลยีและฟังก์ชันภายในรถ","ต่ำกว่า 500,000 บาท","เพื่อใช้ในการเดินทางไปทำงาน, เพื่อหลีกเลี่ยงปัญหาจากระบบการขนส่งมวลชน",มีแนวโน้มที่จะซื้อ,รถยนต์ไฮบริด (Hybrid),ความสะดวกในการใช้งาน,5,5,5,5,4,5,5,4,5,5,4,5,5,5,5,5,5,5,5,5,4
"26/7/2026, 14:40:52",หญิง,27-30 ปี,ไม่มีบุตร,ปริญญาเอก,รัฐวิสาหกิจ,1-2 คน,คอนโด / อพาร์ตเมนต์ / หอพัก,พักอาศัยกับครอบครัว / ผู้อื่น,มีที่จอดรถส่วนตัว,"25,001-35,000 บาท","ไม่มี (หากตอบ ""ไม่มี"" ให้ข้ามไปตอบตอนที่ 3)",,,,,,"ค่าน้ำมัน, ค่าซ่อมบำรุง","800,001-1,200,000 บาท","เพื่อใช้ในการเดินทางไปทำงาน, เพื่อใช้ในการเดินทางท่องเที่ยว",มีแนวโน้มที่จะซื้อ,รถยนต์ไฟฟ้า (EV),ประหยัดค่าเชื้อเพลิง,4,5,4,5,5,5,5,5,5,4,5,4,5,5,5,5,4,5,5,5,5
"26/7/2026, 14:40:52",ชาย,31-40 ปี,3 คน,ปริญญาตรี,ค้าขาย,1-2 คน,คอนโด / อพาร์ตเมนต์ / หอพัก,พักอาศัยกับครอบครัว / ผู้อื่น,มีที่จอดรถส่วนตัว,"15,001-25,000 บาท",มี,ขับนอกเมือง,ใช้งานทุกวัน,51-70 กิโลเมตร,ศูนย์บริการและอะไหล่,รถยนต์สันดาป (ดีเซล / เบนซิน),"ค่าซ่อมบำรุง, สมรรถนะในการขับขี่","1,200,000-1,500,000 บาท","เพื่อใช้ในการเดินทางไปทำงาน, เพื่อใช้ในการเดินทางท่องเที่ยว, เพื่อความสะดวกในการเดินทาง, เพื่อหลีกเลี่ยงปัญหาจากระบบการขนส่งมวลชน",มีแนวโน้มที่จะซื้อ,รถยนต์สันดาป (ดีเซล / เบนซิน),"ค่าบำรุงรักษา, ความสะดวกในการใช้งาน",5,5,5,5,4,5,3,4,4,4,5,5,3,4,5,5,3,5,5,4,5
"26/7/2026, 14:40:53",ชาย,24-26 ปี,มากกว่า 3 คน,ปริญญาตรี,พนักงานเอกชน,1-2 คน,คอนโด / อพาร์ตเมนต์ / หอพัก,พักอาศัยกับครอบครัว / ผู้อื่น,มีที่จอดรถส่วนตัว,"25,001-35,000 บาท",มี,ขับทั้งในเมืองและนอกเมือง,1-2 วัน / สัปดาห์,51-70 กิโลเมตร,ค่าใช้จ่ายในการซ่อมบำรุง,รถยนต์สันดาป (ดีเซล / เบนซิน),สมรรถนะในการขับขี่,"500,001-800,000 บาท","เพื่อใช้ในการเดินทางไปทำงาน, เพื่อใช้ในการค้าขาย, เพื่อความสะดวกในการเดินทาง",มีแนวโน้มที่จะซื้อ,รถยนต์สันดาป (ดีเซล / เบนซิน),"ค่าบำรุงรักษา, ความสะดวกในการใช้งาน, เทคโนโลยีและความทันสมัย",4,5,5,5,5,5,4,4,4,4,5,4,4,3,5,5,5,5,4,4,4
"26/7/2026, 14:40:54",ชาย,27-30 ปี,ไม่มีบุตร,ปริญญาตรี,อาชีพอิสระ,3-4 คน,คอนโด / อพาร์ตเมนต์ / หอพัก,พักอาศัยกับครอบครัว / ผู้อื่น,มีที่จอดรถส่วนตัว,"ต่ำกว่า 15,000 บาท",มี,ขับนอกเมือง,5-6 วัน / สัปดาห์,31-50 กิโลเมตร,"อายุการใช้งาน, ค่าใช้จ่ายในการซ่อมบำรุง, มูลค่าการขายต่อ","รถยนต์สันดาป (ดีเซล / เบนซิน), รถยนต์ไฮบริด (Hybrid)",สมรรถนะในการขับขี่,"ต่ำกว่า 500,000 บาท","เพื่อใช้ในการเดินทางไปทำงาน, เพื่อความสะดวกในการเดินทาง, เพื่อหลีกเลี่ยงปัญหาจากระบบการขนส่งมวลชน",มีแนวโน้มที่จะซื้อ,รถยนต์ไฮบริด (Hybrid),ความสะดวกในการใช้งาน,3,4,3,4,4,4,5,4,4,3,4,3,3,5,5,4,4,4,5,4,5
"26/7/2026, 14:40:55",ชาย,31-40 ปี,1 คน,ปริญญาตรี,พนักงานเอกชน,1-2 คน,คอนโด / อพาร์ตเมนต์ / หอพัก,พักอาศัยกับครอบครัว / ผู้อื่น,มีที่จอดรถส่วนตัว,"50,001-75,000 บาท",มี,ขับนอกเมือง,1-2 วัน / สัปดาห์,31-50 กิโลเมตร,"ค่าไฟฟ้า, ศูนย์บริการและอะไหล่","รถยนต์สันดาป (ดีเซล / เบนซิน), รถยนต์ไฮบริด (Hybrid)",แบรนด์,"1,200,000-1,500,000 บาท",เพื่อความสะดวกในการเดินทาง,มีแนวโน้มที่จะซื้อ,รถยนต์ไฮบริด (Hybrid),"ค่าบำรุงรักษา, ความสะดวกในการใช้งาน, เทคโนโลยีและความทันสมัย",5,5,5,5,3,5,5,5,5,5,2,4,5,5,5,4,5,4,5,5,5
"26/7/2026, 14:40:56",ชาย,31-40 ปี,มากกว่า 3 คน,ปริญญาตรี,พนักงานเอกชน,1-2 คน,คอนโด / อพาร์ตเมนต์ / หอพัก,พักอาศัยกับครอบครัว / ผู้อื่น,ไม่มีที่จอดรถ,"25,001-35,000 บาท",มี,ขับในเมือง,ใช้งานทุกวัน,71-90 กิโลเมตร,"ราคาน้ำมัน, ศูนย์บริการและอะไหล่",รถยนต์สันดาป (ดีเซล / เบนซิน),"ค่าน้ำมัน, รูปลักษณ์ / ดีไซน์, แบรนด์, การรับประกันและบริการหลังการขาย","ต่ำกว่า 500,000 บาท","เพื่อใช้ในการเดินทางไปทำงาน, เพื่อใช้ในการเดินทางท่องเที่ยว",มีแนวโน้มที่จะซื้อ,รถยนต์ไฟฟ้า (EV),"ประหยัดค่าเชื้อเพลิง, เป็นมิตรต่อสิ่งแวดล้อม",3,4,5,4,3,4,5,5,5,5,5,4,4,3,5,5,5,5,4,5,4
"26/7/2026, 14:40:57",ชาย,27-30 ปี,3 คน,ปริญญาตรี,อาชีพอิสระ,1-2 คน,คอนโด / อพาร์ตเมนต์ / หอพัก,เป็นเจ้าของ,มีที่จอดรถส่วนตัว,"25,001-35,000 บาท","ไม่มี (หากตอบ ""ไม่มี"" ให้ข้ามไปตอบตอนที่ 3)",,,,,,ค่าซ่อมบำรุง,"500,001-800,000 บาท","เพื่อใช้ในการเดินทางไปทำงาน, เพื่อใช้ในการเดินทางท่องเที่ยว, เพื่อความสะดวกในการเดินทาง",ยังไม่มีแนวโน้มที่จะซื้อ,รถยนต์ไฟฟ้า (EV),ความสะดวกในการใช้งาน,5,5,4,5,4,4,5,5,4,4,4,5,3,5,4,4,5,4,5,5,4
"26/7/2026, 14:40:58",ชาย,31-40 ปี,ไม่มีบุตร,ปริญญาโท,ข้าราชการ,3-4 คน,คอนโด / อพาร์ตเมนต์ / หอพัก,พักอาศัยกับครอบครัว / ผู้อื่น,มีที่จอดรถส่วนตัว,"50,001-75,000 บาท","ไม่มี (หากตอบ ""ไม่มี"" ให้ข้ามไปตอบตอนที่ 3)",,,,,,สมรรถนะในการขับขี่,"ต่ำกว่า 500,000 บาท",เพื่อใช้ในการเดินทางไปทำงาน,ยังไม่มีแนวโน้มที่จะซื้อ,รถยนต์สันดาป (ดีเซล / เบนซิน),เป็นมิตรต่อสิ่งแวดล้อม,3,5,4,4,5,5,4,4,5,5,4,5,5,5,5,5,5,5,4,5,5
"26/7/2026, 14:40:59",ชาย,41-50 ปี,มากกว่า 3 คน,ปริญญาตรี,รัฐวิสาหกิจ,1-2 คน,คอนโด / อพาร์ตเมนต์ / หอพัก,เป็นเจ้าของ,มีที่จอดรถส่วนกลาง / เช่า,"50,001-75,000 บาท",มี,ขับในเมือง,1-2 วัน / สัปดาห์,71-90 กิโลเมตร,ค่าใช้จ่ายในการซ่อมบำรุง,รถยนต์สันดาป (ดีเซล / เบนซิน),"ความสามารถในการผ่อนชำระ, ค่าไฟฟ้า, ค่าซ่อมบำรุง","1,200,000-1,500,000 บาท","เพื่อใช้ในการค้าขาย, เพื่อใช้ในการเดินทางท่องเที่ยว",ยังไม่มีแนวโน้มที่จะซื้อ,รถยนต์ไฟฟ้า (EV),ความสะดวกในการใช้งาน,5,5,4,4,5,4,4,5,3,4,4,5,5,5,5,4,4,4,4,3,5
"26/7/2026, 14:41:00",หญิง,31-40 ปี,ไม่มีบุตร,ปริญญาโท,อาชีพอิสระ,3-4 คน,คอนโด / อพาร์ตเมนต์ / หอพัก,พักอาศัยกับครอบครัว / ผู้อื่น,ไม่มีที่จอดรถ,"ต่ำกว่า 15,000 บาท","ไม่มี (หากตอบ ""ไม่มี"" ให้ข้ามไปตอบตอนที่ 3)",,,,,,สมรรถนะในการขับขี่,"1,200,000-1,500,000 บาท",เพื่อความสะดวกในการเดินทาง,มีแนวโน้มที่จะซื้อ,รถยนต์สันดาป (ดีเซล / เบนซิน),ความสะดวกในการใช้งาน,5,3,5,5,4,5,4,5,4,4,5,5,5,3,5,3,4,4,5,5,5
"26/7/2026, 14:41:01",หญิง,27-30 ปี,มากกว่า 3 คน,ปริญญาเอก,พนักงานเอกชน,1-2 คน,คอนโด / อพาร์ตเมนต์ / หอพัก,พักอาศัยกับครอบครัว / ผู้อื่น,มีที่จอดรถส่วนตัว,"15,001-25,000 บาท","ไม่มี (หากตอบ ""ไม่มี"" ให้ข้ามไปตอบตอนที่ 3)",,,,,,ค่าซ่อมบำรุง,"500,001-800,000 บาท","เพื่อใช้ในการเดินทางไปทำงาน, เพื่อใช้ในการค้าขาย",ยังไม่มีแนวโน้มที่จะซื้อ,รถยนต์ไฮบริด (Hybrid),"ค่าบำรุงรักษา, ความสะดวกในการใช้งาน",5,4,5,5,3,5,4,3,5,4,5,5,5,3,4,3,4,4,4,5,3
"26/7/2026, 14:41:02",หญิง,20-23 ปี,ไม่มีบุตร,ปริญญาตรี,นักเรียน / นักศึกษา,3-4 คน,คอนโด / อพาร์ตเมนต์ / หอพัก,พักอาศัยกับครอบครัว / ผู้อื่น,มีที่จอดรถส่วนตัว,"ต่ำกว่า 15,000 บาท",มี,ขับทั้งในเมืองและนอกเมือง,ใช้งานทุกวัน,51-70 กิโลเมตร,"ค่าใช้จ่ายในการซ่อมบำรุง, มูลค่าการขายต่อ",รถยนต์สันดาป (ดีเซล / เบนซิน),สมรรถนะในการขับขี่,"1,200,000-1,500,000 บาท","เพื่อใช้ในการเดินทางท่องเที่ยว, เพื่อความสะดวกในการเดินทาง, เพื่อหลีกเลี่ยงปัญหาจากระบบการขนส่งมวลชน",มีแนวโน้มที่จะซื้อ,รถยนต์สันดาป (ดีเซล / เบนซิน),"ค่าบำรุงรักษา, ความสะดวกในการใช้งาน",5,4,4,4,5,5,5,4,5,4,5,5,5,4,5,5,4,5,5,4,5
"26/7/2026, 14:41:02",หญิง,31-40 ปี,มากกว่า 3 คน,ปริญญาตรี,ค้าขาย,3-4 คน,คอนโด / อพาร์ตเมนต์ / หอพัก,พักอาศัยกับครอบครัว / ผู้อื่น,มีที่จอดรถส่วนตัว,"ต่ำกว่า 15,000 บาท",มี,ขับนอกเมือง,ใช้งานทุกวัน,51-70 กิโลเมตร,ค่าใช้จ่ายในการซ่อมบำรุง,"รถยนต์ไฮบริด (Hybrid), รถยนต์ไฟฟ้า (EV)",สมรรถนะในการขับขี่,"800,001-1,200,000 บาท","เพื่อความสะดวกในการเดินทาง, เพื่อหลีกเลี่ยงปัญหาจากระบบการขนส่งมวลชน",ยังไม่มีแนวโน้มที่จะซื้อ,รถยนต์สันดาป (ดีเซล / เบนซิน),เทคโนโลยีและความทันสมัย,5,4,5,5,3,5,5,5,5,5,5,5,3,4,5,5,3,5,3,5,4
"26/7/2026, 14:41:03",ชาย,มากกว่า 60 ปี,3 คน,ปวช. / ปวส.,พนักงานเอกชน,1-2 คน,ทาวน์โฮม / ทาวเฮาท์,พักอาศัยกับครอบครัว / ผู้อื่น,มีที่จอดรถส่วนกลาง / เช่า,"15,001-25,000 บาท","ไม่มี (หากตอบ ""ไม่มี"" ให้ข้ามไปตอบตอนที่ 3)",,,,,,สมรรถนะในการขับขี่,"800,001-1,200,000 บาท",เพื่อใช้ในการเดินทางไปทำงาน,ยังไม่มีแนวโน้มที่จะซื้อ,รถยนต์สันดาป (ดีเซล / เบนซิน),"ประหยัดค่าเชื้อเพลิง, ค่าบำรุงรักษา",4,5,4,5,4,4,4,5,5,5,5,5,5,5,4,4,4,5,4,4,5
"26/7/2026, 14:41:04",หญิง,31-40 ปี,3 คน,ปริญญาเอก,ค้าขาย,3-4 คน,คอนโด / อพาร์ตเมนต์ / หอพัก,พักอาศัยกับครอบครัว / ผู้อื่น,มีที่จอดรถส่วนกลาง / เช่า,"15,001-25,000 บาท","ไม่มี (หากตอบ ""ไม่มี"" ให้ข้ามไปตอบตอนที่ 3)",,,,,,สมรรถนะในการขับขี่,"ต่ำกว่า 500,000 บาท","เพื่อใช้ในการเดินทางท่องเที่ยว, เพื่อความสะดวกในการเดินทาง",มีแนวโน้มที่จะซื้อ,รถยนต์ไฟฟ้า (EV),"ค่าบำรุงรักษา, เทคโนโลยีและความทันสมัย",4,5,5,4,2,5,3,4,4,4,5,3,4,5,4,5,4,4,3,5,4
"26/7/2026, 14:41:05",ชาย,51-60 ปี,มากกว่า 3 คน,ม.6,ข้าราชการ,3-4 คน,คอนโด / อพาร์ตเมนต์ / หอพัก,เป็นเจ้าของ,มีที่จอดรถส่วนตัว,"25,001-35,000 บาท",มี,ขับทั้งในเมืองและนอกเมือง,ใช้งานทุกวัน,51-70 กิโลเมตร,"ราคาน้ำมัน, ศูนย์บริการและอะไหล่, ค่าใช้จ่ายในการซ่อมบำรุง",รถยนต์สันดาป (ดีเซล / เบนซิน),สมรรถนะในการขับขี่,"800,001-1,200,000 บาท","เพื่อใช้ในการค้าขาย, เพื่อใช้ในการเดินทางท่องเที่ยว, เพื่อความสะดวกในการเดินทาง",มีแนวโน้มที่จะซื้อ,รถยนต์ไฟฟ้า (EV),ความสะดวกในการใช้งาน,3,4,5,4,5,3,5,5,5,4,4,5,4,5,5,5,5,5,5,4,4
"26/7/2026, 14:41:06",ชาย,41-50 ปี,มากกว่า 3 คน,ม.6,เจ้าของกิจการ,3-4 คน,คอนโด / อพาร์ตเมนต์ / หอพัก,เป็นเจ้าของ,มีที่จอดรถส่วนตัว,"50,001-75,000 บาท",มี,ขับทั้งในเมืองและนอกเมือง,ใช้งานทุกวัน,31-50 กิโลเมตร,ค่าใช้จ่ายในการซ่อมบำรุง,รถยนต์สันดาป (ดีเซล / เบนซิน),สมรรถนะในการขับขี่,"500,001-800,000 บาท","เพื่อใช้ในการเดินทางไปทำงาน, เพื่อใช้ในการเดินทางท่องเที่ยว, เพื่อความสะดวกในการเดินทาง",มีแนวโน้มที่จะซื้อ,รถยนต์ไฮบริด (Hybrid),"ประหยัดค่าเชื้อเพลิง, ค่าบำรุงรักษา",4,5,4,5,4,4,5,3,4,4,5,4,5,4,4,5,5,5,4,4,5
"26/7/2026, 14:41:07",หญิง,31-40 ปี,3 คน,ปริญญาตรี,พนักงานเอกชน,3-4 คน,คอนโด / อพาร์ตเมนต์ / หอพัก,พักอาศัยกับครอบครัว / ผู้อื่น,มีที่จอดรถส่วนตัว,"35,001-50,000 บาท",มี,ขับในเมือง,ใช้งานทุกวัน,31-50 กิโลเมตร,มูลค่าการขายต่อ,"รถยนต์สันดาป (ดีเซล / เบนซิน), รถยนต์ไฮบริด (Hybrid)",สมรรถนะในการขับขี่,"1,200,000-1,500,000 บาท","เพื่อใช้ในการเดินทางท่องเที่ยว, เพื่อความสะดวกในการเดินทาง",ยังไม่มีแนวโน้มที่จะซื้อ,รถยนต์สันดาป (ดีเซล / เบนซิน),ความสะดวกในการใช้งาน,5,4,5,4,5,5,4,4,4,5,4,5,4,5,4,4,4,5,5,3,3
"26/7/2026, 14:41:08",หญิง,27-30 ปี,มากกว่า 3 คน,ปริญญาตรี,พนักงานเอกชน,3-4 คน,คอนโด / อพาร์ตเมนต์ / หอพัก,เป็นเจ้าของ,มีที่จอดรถส่วนตัว,"25,001-35,000 บาท","ไม่มี (หากตอบ ""ไม่มี"" ให้ข้ามไปตอบตอนที่ 3)",,,,,,"ราคา, สมรรถนะในการขับขี่","1,200,000-1,500,000 บาท","เพื่อใช้ในการเดินทางไปทำงาน, เพื่อความสะดวกในการเดินทาง",ยังไม่มีแนวโน้มที่จะซื้อ,รถยนต์สันดาป (ดีเซล / เบนซิน),"ประหยัดค่าเชื้อเพลิง, ค่าบำรุงรักษา, ความสะดวกในการใช้งาน",3,4,5,4,5,4,4,5,4,5,5,4,4,5,5,5,4,5,4,5,4
"26/7/2026, 14:41:08",ชาย,27-30 ปี,มากกว่า 3 คน,ปริญญาตรี,พนักงานเอกชน,3-4 คน,คอนโด / อพาร์ตเมนต์ / หอพัก,เป็นเจ้าของ,มีที่จอดรถส่วนตัว,"35,001-50,000 บาท","ไม่มี (หากตอบ ""ไม่มี"" ให้ข้ามไปตอบตอนที่ 3)",,,,,,"แบรนด์, ความคุ้มค่าโดยรวม","500,001-800,000 บาท",เพื่อใช้ในการค้าขาย,มีแนวโน้มที่จะซื้อ,รถยนต์ไฟฟ้า (EV),"ประหยัดค่าเชื้อเพลิง, ค่าบำรุงรักษา",4,4,5,4,5,4,3,5,5,5,5,4,5,5,4,4,3,5,2,4,5
"26/7/2026, 14:41:09",ชาย,27-30 ปี,3 คน,ปริญญาตรี,พนักงานเอกชน,3-4 คน,คอนโด / อพาร์ตเมนต์ / หอพัก,เป็นเจ้าของ,มีที่จอดรถส่วนกลาง / เช่า,"15,001-25,000 บาท","ไม่มี (หากตอบ ""ไม่มี"" ให้ข้ามไปตอบตอนที่ 3)",,,,,,"ค่าน้ำมัน, แบรนด์","1,200,000-1,500,000 บาท","เพื่อใช้ในการเดินทางท่องเที่ยว, เพื่อความสะดวกในการเดินทาง, เพื่อหลีกเลี่ยงปัญหาจากระบบการขนส่งมวลชน",ยังไม่มีแนวโน้มที่จะซื้อ,รถยนต์ไฮบริด (Hybrid),"ความสะดวกในการใช้งาน, เป็นมิตรต่อสิ่งแวดล้อม",4,4,4,3,5,5,5,4,4,4,3,4,5,4,3,5,4,5,5,5,5
"26/7/2026, 14:41:10",ชาย,31-40 ปี,3 คน,ม.6,ค้าขาย,1-2 คน,คอนโด / อพาร์ตเมนต์ / หอพัก,เป็นเจ้าของ,มีที่จอดรถส่วนตัว,"35,001-50,000 บาท",มี,ขับทั้งในเมืองและนอกเมือง,ใช้เป็นครั้งคราว,10-30 กิโลเมตร,"ปั๊มน้ำมัน / สถานีชาร์จ, ค่าใช้จ่ายในการซ่อมบำรุง, มูลค่าการขายต่อ","รถยนต์สันดาป (ดีเซล / เบนซิน), รถยนต์ไฮบริด (Hybrid)","ค่าซ่อมบำรุง, เทคโนโลยีและฟังก์ชันภายในรถ","800,001-1,200,000 บาท",เพื่อหลีกเลี่ยงปัญหาจากระบบการขนส่งมวลชน,มีแนวโน้มที่จะซื้อ,รถยนต์ไฟฟ้า (EV),ค่าบำรุงรักษา,5,3,3,4,5,5,5,4,5,4,5,5,3,4,5,5,4,3,5,4,5
"26/7/2026, 14:41:11",ชาย,27-30 ปี,3 คน,ปริญญาโท,รัฐวิสาหกิจ,1-2 คน,คอนโด / อพาร์ตเมนต์ / หอพัก,เป็นเจ้าของ,มีที่จอดรถส่วนกลาง / เช่า,"15,001-25,000 บาท","ไม่มี (หากตอบ ""ไม่มี"" ให้ข้ามไปตอบตอนที่ 3)",,,,,,"ค่าไฟฟ้า, สมรรถนะในการขับขี่","500,001-800,000 บาท",เพื่อใช้ในการเดินทางไปทำงาน,ยังไม่มีแนวโน้มที่จะซื้อ,รถยนต์สันดาป (ดีเซล / เบนซิน),ความสะดวกในการใช้งาน,4,4,5,4,5,4,3,5,5,4,5,5,5,4,4,5,4,5,2,5,5
"26/7/2026, 14:41:12",หญิง,31-40 ปี,มากกว่า 3 คน,ปริญญาตรี,พนักงานเอกชน,3-4 คน,คอนโด / อพาร์ตเมนต์ / หอพัก,พักอาศัยกับครอบครัว / ผู้อื่น,ไม่มีที่จอดรถ,"ต่ำกว่า 15,000 บาท","ไม่มี (หากตอบ ""ไม่มี"" ให้ข้ามไปตอบตอนที่ 3)",,,,,,สมรรถนะในการขับขี่,"800,001-1,200,000 บาท","เพื่อใช้ในการเดินทางไปทำงาน, เพื่อใช้ในการเดินทางท่องเที่ยว",มีแนวโน้มที่จะซื้อ,รถยนต์ไฮบริด (Hybrid),ค่าบำรุงรักษา,4,5,4,4,3,3,4,5,5,5,5,4,4,5,4,5,4,5,4,5,3
"26/7/2026, 14:41:13",หญิง,31-40 ปี,1 คน,ปริญญาโท,อาชีพอิสระ,1-2 คน,คอนโด / อพาร์ตเมนต์ / หอพัก,เป็นเจ้าของ,มีที่จอดรถส่วนตัว,"15,001-25,000 บาท",มี,ขับในเมือง,3-4 วัน / สัปดาห์,10-30 กิโลเมตร,มูลค่าการขายต่อ,รถยนต์สันดาป (ดีเซล / เบนซิน),สมรรถนะในการขับขี่,"500,001-800,000 บาท","เพื่อใช้ในการเดินทางไปทำงาน, เพื่อใช้ในการค้าขาย, เพื่อหลีกเลี่ยงปัญหาจากระบบการขนส่งมวลชน",มีแนวโน้มที่จะซื้อ,รถยนต์ไฮบริด (Hybrid),"ความสะดวกในการใช้งาน, เป็นมิตรต่อสิ่งแวดล้อม",5,5,5,5,5,5,5,5,5,5,3,3,4,5,5,5,5,4,4,3,5
"26/7/2026, 14:41:14",หญิง,27-30 ปี,2 คน,ปริญญาตรี,พนักงานเอกชน,3-4 คน,คอนโด / อพาร์ตเมนต์ / หอพัก,พักอาศัยกับครอบครัว / ผู้อื่น,มีที่จอดรถส่วนตัว,"25,001-35,000 บาท",มี,ขับทั้งในเมืองและนอกเมือง,5-6 วัน / สัปดาห์,51-70 กิโลเมตร,ค่าใช้จ่ายในการซ่อมบำรุง,รถยนต์ไฮบริด (Hybrid),"สมรรถนะในการขับขี่, เทคโนโลยีและฟังก์ชันภายในรถ","800,001-1,200,000 บาท","เพื่อใช้ในการค้าขาย, เพื่อใช้ในการเดินทางท่องเที่ยว, เพื่อความสะดวกในการเดินทาง",ยังไม่มีแนวโน้มที่จะซื้อ,รถยนต์ไฮบริด (Hybrid),ความสะดวกในการใช้งาน,2,5,4,4,4,5,2,5,5,5,4,5,5,4,5,5,5,5,5,4,5
"26/7/2026, 14:41:15",หญิง,27-30 ปี,มากกว่า 3 คน,ปริญญาโท,ค้าขาย,3-4 คน,คอนโด / อพาร์ตเมนต์ / หอพัก,พักอาศัยกับครอบครัว / ผู้อื่น,มีที่จอดรถส่วนตัว,"35,001-50,000 บาท",มี,ขับทั้งในเมืองและนอกเมือง,1-2 วัน / สัปดาห์,10-30 กิโลเมตร,"ศูนย์บริการและอะไหล่, อายุการใช้งาน",รถยนต์สันดาป (ดีเซล / เบนซิน),ค่าน้ำมัน,"1,200,000-1,500,000 บาท",เพื่อใช้ในการเดินทางไปทำงาน,ยังไม่มีแนวโน้มที่จะซื้อ,รถยนต์ไฟฟ้า (EV),ความสะดวกในการใช้งาน,4,5,5,4,5,4,5,4,4,4,4,5,5,5,5,5,4,5,5,4,4
"26/7/2026, 14:41:16",ชาย,24-26 ปี,2 คน,ปริญญาเอก,อาชีพอิสระ,1-2 คน,คอนโด / อพาร์ตเมนต์ / หอพัก,พักอาศัยกับครอบครัว / ผู้อื่น,มีที่จอดรถส่วนตัว,"15,001-25,000 บาท",มี,ขับนอกเมือง,1-2 วัน / สัปดาห์,31-50 กิโลเมตร,ค่าใช้จ่ายในการซ่อมบำรุง,รถยนต์สันดาป (ดีเซล / เบนซิน),เทคโนโลยีและฟังก์ชันภายในรถ,"ต่ำกว่า 500,000 บาท",เพื่อความสะดวกในการเดินทาง,ยังไม่มีแนวโน้มที่จะซื้อ,รถยนต์ไฟฟ้า (EV),เทคโนโลยีและความทันสมัย,3,4,5,5,4,5,5,3,5,5,5,5,4,4,4,4,5,4,4,5,5
"26/7/2026, 14:41:17",หญิง,31-40 ปี,3 คน,ปริญญาตรี,รัฐวิสาหกิจ,3-4 คน,คอนโด / อพาร์ตเมนต์ / หอพัก,เป็นเจ้าของ,มีที่จอดรถส่วนตัว,"35,001-50,000 บาท","ไม่มี (หากตอบ ""ไม่มี"" ให้ข้ามไปตอบตอนที่ 3)",,,,,,"ค่าซ่อมบำรุง, แบรนด์","800,001-1,200,000 บาท",เพื่อความสะดวกในการเดินทาง,ยังไม่มีแนวโน้มที่จะซื้อ,รถยนต์ไฮบริด (Hybrid),"ราคาซื้อเริ่มต้น, ค่าบำรุงรักษา",5,4,5,5,5,4,5,4,5,5,4,4,4,5,5,5,4,5,3,5,4
"26/7/2026, 14:41:17",ชาย,20-23 ปี,2 คน,ปริญญาตรี,นักเรียน / นักศึกษา,3-4 คน,คอนโด / อพาร์ตเมนต์ / หอพัก,พักอาศัยกับครอบครัว / ผู้อื่น,มีที่จอดรถส่วนกลาง / เช่า,"25,001-35,000 บาท","ไม่มี (หากตอบ ""ไม่มี"" ให้ข้ามไปตอบตอนที่ 3)",,,,,,"ราคา, แบรนด์","ต่ำกว่า 500,000 บาท","เพื่อใช้ในการเดินทางไปทำงาน, เพื่อความสะดวกในการเดินทาง, เพื่อหลีกเลี่ยงปัญหาจากระบบการขนส่งมวลชน",ยังไม่มีแนวโน้มที่จะซื้อ,รถยนต์ไฮบริด (Hybrid),ความสะดวกในการใช้งาน,5,4,5,5,5,3,5,5,4,5,4,4,3,5,3,5,5,5,2,4,4
"26/7/2026, 14:41:18",ชาย,27-30 ปี,มากกว่า 3 คน,ปริญญาตรี,พนักงานเอกชน,5 คนขึ้นไป,คอนโด / อพาร์ตเมนต์ / หอพัก,พักอาศัยกับครอบครัว / ผู้อื่น,มีที่จอดรถส่วนกลาง / เช่า,"25,001-35,000 บาท",มี,ขับในเมือง,1-2 วัน / สัปดาห์,10-30 กิโลเมตร,"ราคาน้ำมัน, ศูนย์บริการและอะไหล่, ค่าใช้จ่ายในการซ่อมบำรุง",รถยนต์สันดาป (ดีเซล / เบนซิน),สมรรถนะในการขับขี่,"800,001-1,200,000 บาท","เพื่อใช้ในการค้าขาย, เพื่อความสะดวกในการเดินทาง",ยังไม่มีแนวโน้มที่จะซื้อ,รถยนต์ไฟฟ้า (EV),ความสะดวกในการใช้งาน,2,5,4,3,5,5,4,5,5,5,4,5,4,4,4,5,5,5,5,3,4
"26/7/2026, 14:41:19",ชาย,31-40 ปี,3 คน,ปริญญาตรี,อาชีพอิสระ,1-2 คน,คอนโด / อพาร์ตเมนต์ / หอพัก,เป็นเจ้าของ,มีที่จอดรถส่วนตัว,"35,001-50,000 บาท","ไม่มี (หากตอบ ""ไม่มี"" ให้ข้ามไปตอบตอนที่ 3)",,,,,,"ค่าน้ำมัน, แบรนด์","800,001-1,200,000 บาท","เพื่อใช้ในการค้าขาย, เพื่อหลีกเลี่ยงปัญหาจากระบบการขนส่งมวลชน",มีแนวโน้มที่จะซื้อ,รถยนต์ไฮบริด (Hybrid),"ประหยัดค่าเชื้อเพลิง, เทคโนโลยีและความทันสมัย",3,4,5,3,4,4,5,5,5,5,5,5,4,5,4,5,3,5,5,5,5
"26/7/2026, 14:41:20",หญิง,20-23 ปี,มากกว่า 3 คน,ปริญญาตรี,พนักงานเอกชน,3-4 คน,คอนโด / อพาร์ตเมนต์ / หอพัก,พักอาศัยกับครอบครัว / ผู้อื่น,มีที่จอดรถส่วนตัว,"35,001-50,000 บาท",มี,ขับทั้งในเมืองและนอกเมือง,1-2 วัน / สัปดาห์,51-70 กิโลเมตร,ค่าไฟฟ้า,รถยนต์สันดาป (ดีเซล / เบนซิน),แบรนด์,"800,001-1,200,000 บาท","เพื่อใช้ในการค้าขาย, เพื่อความสะดวกในการเดินทาง, เพื่อหลีกเลี่ยงปัญหาจากระบบการขนส่งมวลชน",มีแนวโน้มที่จะซื้อ,รถยนต์ไฮบริด (Hybrid),"ความสะดวกในการใช้งาน, เป็นมิตรต่อสิ่งแวดล้อม, เทคโนโลยีและความทันสมัย",4,5,3,5,4,5,4,4,5,5,4,5,5,3,5,4,4,4,5,5,4
"26/7/2026, 14:41:21",หญิง,31-40 ปี,มากกว่า 3 คน,ม.6,พนักงานเอกชน,1-2 คน,คอนโด / อพาร์ตเมนต์ / หอพัก,พักอาศัยกับครอบครัว / ผู้อื่น,มีที่จอดรถส่วนกลาง / เช่า,"25,001-35,000 บาท",มี,ขับนอกเมือง,ใช้เป็นครั้งคราว,31-50 กิโลเมตร,ค่าใช้จ่ายในการซ่อมบำรุง,รถยนต์สันดาป (ดีเซล / เบนซิน),สมรรถนะในการขับขี่,"1,200,000-1,500,000 บาท","เพื่อใช้ในการค้าขาย, เพื่อความสะดวกในการเดินทาง",มีแนวโน้มที่จะซื้อ,รถยนต์ไฮบริด (Hybrid),ความสะดวกในการใช้งาน,5,4,5,4,5,5,3,5,4,5,5,4,5,4,4,5,4,5,5,4,5
"26/7/2026, 14:41:22",หญิง,31-40 ปี,มากกว่า 3 คน,ปริญญาตรี,พนักงานเอกชน,3-4 คน,คอนโด / อพาร์ตเมนต์ / หอพัก,เป็นเจ้าของ,มีที่จอดรถส่วนกลาง / เช่า,"ต่ำกว่า 15,000 บาท",มี,ขับในเมือง,1-2 วัน / สัปดาห์,71-90 กิโลเมตร,"ราคาน้ำมัน, อายุการใช้งาน",รถยนต์ไฮบริด (Hybrid),สมรรถนะในการขับขี่,"1,200,000-1,500,000 บาท","เพื่อใช้ในการเดินทางท่องเที่ยว, เพื่อความสะดวกในการเดินทาง",มีแนวโน้มที่จะซื้อ,รถยนต์ไฮบริด (Hybrid),ความสะดวกในการใช้งาน,5,3,4,5,4,4,5,5,5,5,5,4,5,4,5,2,4,5,5,5,4
"26/7/2026, 14:41:23",หญิง,31-40 ปี,มากกว่า 3 คน,ปริญญาโท,รัฐวิสาหกิจ,1-2 คน,คอนโด / อพาร์ตเมนต์ / หอพัก,พักอาศัยกับครอบครัว / ผู้อื่น,มีที่จอดรถส่วนตัว,"25,001-35,000 บาท","ไม่มี (หากตอบ ""ไม่มี"" ให้ข้ามไปตอบตอนที่ 3)",,,,,,ความคุ้มค่าโดยรวม,"800,001-1,200,000 บาท","เพื่อใช้ในการเดินทางไปทำงาน, เพื่อหลีกเลี่ยงปัญหาจากระบบการขนส่งมวลชน",ยังไม่มีแนวโน้มที่จะซื้อ,รถยนต์ไฮบริด (Hybrid),ความสะดวกในการใช้งาน,4,5,2,3,4,5,5,5,4,3,3,5,5,5,5,5,4,4,4,5,5
"26/7/2026, 14:41:23",หญิง,31-40 ปี,มากกว่า 3 คน,ปริญญาตรี,เจ้าของกิจการ,3-4 คน,คอนโด / อพาร์ตเมนต์ / หอพัก,พักอาศัยกับครอบครัว / ผู้อื่น,มีที่จอดรถส่วนตัว,"15,001-25,000 บาท",มี,ขับในเมือง,ใช้งานทุกวัน,10-30 กิโลเมตร,"อายุการใช้งาน, ค่าใช้จ่ายในการซ่อมบำรุง",รถยนต์สันดาป (ดีเซล / เบนซิน),แบรนด์,"1,200,000-1,500,000 บาท","เพื่อใช้ในการค้าขาย, เพื่อหลีกเลี่ยงปัญหาจากระบบการขนส่งมวลชน",ยังไม่มีแนวโน้มที่จะซื้อ,รถยนต์ไฮบริด (Hybrid),ความสะดวกในการใช้งาน,5,5,4,5,5,4,4,4,3,5,5,5,5,4,4,3,4,4,4,3,5
"26/7/2026, 14:41:24",ชาย,27-30 ปี,2 คน,ปริญญาตรี,พนักงานเอกชน,3-4 คน,ทาวน์โฮม / ทาวเฮาท์,พักอาศัยกับครอบครัว / ผู้อื่น,มีที่จอดรถส่วนตัว,"25,001-35,000 บาท",มี,ขับทั้งในเมืองและนอกเมือง,ใช้งานทุกวัน,71-90 กิโลเมตร,"ปั๊มน้ำมัน / สถานีชาร์จ, ค่าใช้จ่ายในการซ่อมบำรุง",รถยนต์สันดาป (ดีเซล / เบนซิน),ค่าไฟฟ้า,"1,200,000-1,500,000 บาท","เพื่อใช้ในการเดินทางไปทำงาน, เพื่อหลีกเลี่ยงปัญหาจากระบบการขนส่งมวลชน",ยังไม่มีแนวโน้มที่จะซื้อ,รถยนต์สันดาป (ดีเซล / เบนซิน),ความสะดวกในการใช้งาน,4,4,4,5,4,3,4,4,5,5,5,4,4,5,4,4,4,4,5,4,4
"26/7/2026, 14:41:25",หญิง,41-50 ปี,3 คน,ปริญญาตรี,ข้าราชการ,1-2 คน,คอนโด / อพาร์ตเมนต์ / หอพัก,เป็นเจ้าของ,มีที่จอดรถส่วนตัว,"15,001-25,000 บาท",มี,ขับในเมือง,1-2 วัน / สัปดาห์,71-90 กิโลเมตร,ค่าใช้จ่ายในการซ่อมบำรุง,รถยนต์ไฮบริด (Hybrid),ค่าไฟฟ้า,"500,001-800,000 บาท","เพื่อใช้ในการเดินทางไปทำงาน, เพื่อใช้ในการค้าขาย, เพื่อความสะดวกในการเดินทาง, เพื่อหลีกเลี่ยงปัญหาจากระบบการขนส่งมวลชน",มีแนวโน้มที่จะซื้อ,รถยนต์ไฟฟ้า (EV),"ค่าบำรุงรักษา, ความสะดวกในการใช้งาน",5,5,5,4,5,3,4,5,5,4,5,5,5,5,5,3,3,4,4,5,5
"26/7/2026, 14:41:26",ชาย,41-50 ปี,ไม่มีบุตร,ปริญญาโท,ค้าขาย,1-2 คน,คอนโด / อพาร์ตเมนต์ / หอพัก,พักอาศัยกับครอบครัว / ผู้อื่น,มีที่จอดรถส่วนตัว,"25,001-35,000 บาท","ไม่มี (หากตอบ ""ไม่มี"" ให้ข้ามไปตอบตอนที่ 3)",,,,,,สมรรถนะในการขับขี่,"500,001-800,000 บาท","เพื่อใช้ในการเดินทางท่องเที่ยว, เพื่อหลีกเลี่ยงปัญหาจากระบบการขนส่งมวลชน",ยังไม่มีแนวโน้มที่จะซื้อ,รถยนต์ไฮบริด (Hybrid),ค่าบำรุงรักษา,4,3,5,5,4,5,4,5,5,5,3,4,5,3,3,4,4,5,4,5,3
"26/7/2026, 14:41:27",หญิง,27-30 ปี,3 คน,ปริญญาตรี,พนักงานเอกชน,3-4 คน,บ้านเดี่ยว / บ้านแฝด,พักอาศัยกับครอบครัว / ผู้อื่น,มีที่จอดรถส่วนตัว,"25,001-35,000 บาท",มี,ขับทั้งในเมืองและนอกเมือง,5-6 วัน / สัปดาห์,10-30 กิโลเมตร,ศูนย์บริการและอะไหล่,"รถยนต์สันดาป (ดีเซล / เบนซิน), รถยนต์ไฮบริด (Hybrid)",สมรรถนะในการขับขี่,"1,200,000-1,500,000 บาท","เพื่อใช้ในการเดินทางไปทำงาน, เพื่อใช้ในการเดินทางท่องเที่ยว, เพื่อความสะดวกในการเดินทาง",ยังไม่มีแนวโน้มที่จะซื้อ,รถยนต์สันดาป (ดีเซล / เบนซิน),"ค่าบำรุงรักษา, ความสะดวกในการใช้งาน",4,4,3,4,5,5,2,5,5,5,5,5,5,4,5,5,3,5,5,5,5
"26/7/2026, 14:41:28",ชาย,41-50 ปี,มากกว่า 3 คน,ม.6,ค้าขาย,3-4 คน,คอนโด / อพาร์ตเมนต์ / หอพัก,เป็นเจ้าของ,มีที่จอดรถส่วนกลาง / เช่า,"15,001-25,000 บาท","ไม่มี (หากตอบ ""ไม่มี"" ให้ข้ามไปตอบตอนที่ 3)",,,,,,สมรรถนะในการขับขี่,"ต่ำกว่า 500,000 บาท","เพื่อใช้ในการเดินทางไปทำงาน, เพื่อใช้ในการเดินทางท่องเที่ยว, เพื่อความสะดวกในการเดินทาง",ยังไม่มีแนวโน้มที่จะซื้อ,รถยนต์ไฟฟ้า (EV),"ค่าบำรุงรักษา, เป็นมิตรต่อสิ่งแวดล้อม",4,5,5,5,5,4,5,5,4,5,5,5,4,4,5,5,5,4,5,4,4
"26/7/2026, 14:41:29",ชาย,31-40 ปี,1 คน,ปริญญาโท,ข้าราชการ,1-2 คน,คอนโด / อพาร์ตเมนต์ / หอพัก,พักอาศัยกับครอบครัว / ผู้อื่น,มีที่จอดรถส่วนตัว,"25,001-35,000 บาท",มี,ขับทั้งในเมืองและนอกเมือง,1-2 วัน / สัปดาห์,น้อยกว่า 10 กิโลเมตร,ศูนย์บริการและอะไหล่,รถยนต์ไฮบริด (Hybrid),ราคา,"800,001-1,200,000 บาท","เพื่อใช้ในการเดินทางไปทำงาน, เพื่อความสะดวกในการเดินทาง",มีแนวโน้มที่จะซื้อ,รถยนต์ไฮบริด (Hybrid),ความสะดวกในการใช้งาน,5,4,3,4,4,5,4,3,5,4,2,5,4,4,2,5,3,4,4,5,5
"26/7/2026, 14:41:30",ชาย,27-30 ปี,มากกว่า 3 คน,ปริญญาโท,พนักงานเอกชน,1-2 คน,คอนโด / อพาร์ตเมนต์ / หอพัก,พักอาศัยกับครอบครัว / ผู้อื่น,มีที่จอดรถส่วนตัว,"15,001-25,000 บาท",มี,ขับทั้งในเมืองและนอกเมือง,1-2 วัน / สัปดาห์,31-50 กิโลเมตร,"ราคาน้ำมัน, ศูนย์บริการและอะไหล่","รถยนต์สันดาป (ดีเซล / เบนซิน), รถยนต์ไฮบริด (Hybrid), รถยนต์ไฟฟ้า (EV)","ค่าซ่อมบำรุง, สมรรถนะในการขับขี่","800,001-1,200,000 บาท","เพื่อใช้ในการเดินทางไปทำงาน, เพื่อใช้ในการเดินทางท่องเที่ยว, เพื่อความสะดวกในการเดินทาง, เพื่อหลีกเลี่ยงปัญหาจากระบบการขนส่งมวลชน",ยังไม่มีแนวโน้มที่จะซื้อ,รถยนต์สันดาป (ดีเซล / เบนซิน),ประหยัดค่าเชื้อเพลิง,3,5,4,5,4,5,5,5,4,4,5,4,3,5,4,4,5,4,5,5,5
"26/7/2026, 14:41:31",หญิง,27-30 ปี,มากกว่า 3 คน,ปริญญาตรี,นักเรียน / นักศึกษา,3-4 คน,คอนโด / อพาร์ตเมนต์ / หอพัก,พักอาศัยกับครอบครัว / ผู้อื่น,มีที่จอดรถส่วนกลาง / เช่า,"15,001-25,000 บาท",มี,ขับนอกเมือง,ใช้งานทุกวัน,51-70 กิโลเมตร,ค่าใช้จ่ายในการซ่อมบำรุง,รถยนต์สันดาป (ดีเซล / เบนซิน),สมรรถนะในการขับขี่,"มากกว่า 1,500,000 บาท","เพื่อใช้ในการค้าขาย, เพื่อใช้ในการเดินทางท่องเที่ยว, เพื่อความสะดวกในการเดินทาง",มีแนวโน้มที่จะซื้อ,รถยนต์ไฟฟ้า (EV),ความสะดวกในการใช้งาน,4,5,5,5,5,5,3,4,4,5,5,4,5,4,3,5,5,4,4,4,5
"26/7/2026, 14:41:32",ชาย,มากกว่า 60 ปี,มากกว่า 3 คน,ต่ำกว่า ม.3,เจ้าของกิจการ,1-2 คน,คอนโด / อพาร์ตเมนต์ / หอพัก,พักอาศัยกับครอบครัว / ผู้อื่น,มีที่จอดรถส่วนกลาง / เช่า,"มากกว่า 75,000",มี,ขับทั้งในเมืองและนอกเมือง,1-2 วัน / สัปดาห์,น้อยกว่า 10 กิโลเมตร,"ศูนย์บริการและอะไหล่, ค่าใช้จ่ายในการซ่อมบำรุง, มูลค่าการขายต่อ",รถยนต์สันดาป (ดีเซล / เบนซิน),"ค่าน้ำมัน, รูปลักษณ์ / ดีไซน์, ความคุ้มค่าโดยรวม","1,200,000-1,500,000 บาท",เพื่อความสะดวกในการเดินทาง,ยังไม่มีแนวโน้มที่จะซื้อ,รถยนต์ไฮบริด (Hybrid),"ค่าบำรุงรักษา, ความสะดวกในการใช้งาน",4,5,5,5,4,3,5,4,5,5,4,5,5,5,5,4,5,4,5,4,3
"26/7/2026, 14:41:33",ชาย,41-50 ปี,มากกว่า 3 คน,ปริญญาตรี,อาชีพอิสระ,1-2 คน,ทาวน์โฮม / ทาวเฮาท์,เป็นเจ้าของ,มีที่จอดรถส่วนตัว,"15,001-25,000 บาท","ไม่มี (หากตอบ ""ไม่มี"" ให้ข้ามไปตอบตอนที่ 3)",,,,,,"ค่าน้ำมัน, เทคโนโลยีและฟังก์ชันภายในรถ","1,200,000-1,500,000 บาท","เพื่อใช้ในการเดินทางไปทำงาน, เพื่อใช้ในการเดินทางท่องเที่ยว, เพื่อหลีกเลี่ยงปัญหาจากระบบการขนส่งมวลชน",ยังไม่มีแนวโน้มที่จะซื้อ,รถยนต์ไฮบริด (Hybrid),"ประหยัดค่าเชื้อเพลิง, ความสะดวกในการใช้งาน",4,5,5,4,5,4,3,5,4,5,3,4,5,5,4,5,5,2,5,4,5
"26/7/2026, 14:41:33",ชาย,31-40 ปี,3 คน,ปริญญาตรี,ค้าขาย,3-4 คน,คอนโด / อพาร์ตเมนต์ / หอพัก,พักอาศัยกับครอบครัว / ผู้อื่น,มีที่จอดรถส่วนตัว,"35,001-50,000 บาท","ไม่มี (หากตอบ ""ไม่มี"" ให้ข้ามไปตอบตอนที่ 3)",,,,,,ค่าน้ำมัน,"1,200,000-1,500,000 บาท",เพื่อหลีกเลี่ยงปัญหาจากระบบการขนส่งมวลชน,มีแนวโน้มที่จะซื้อ,รถยนต์ไฟฟ้า (EV),ความสะดวกในการใช้งาน,4,5,5,5,4,5,4,4,3,5,4,5,4,5,4,4,5,4,3,5,5
"26/7/2026, 14:41:34",ชาย,27-30 ปี,มากกว่า 3 คน,ปริญญาโท,พนักงานเอกชน,3-4 คน,ทาวน์โฮม / ทาวเฮาท์,พักอาศัยกับครอบครัว / ผู้อื่น,มีที่จอดรถส่วนตัว,"25,001-35,000 บาท","ไม่มี (หากตอบ ""ไม่มี"" ให้ข้ามไปตอบตอนที่ 3)",,,,,,"สมรรถนะในการขับขี่, เทคโนโลยีและฟังก์ชันภายในรถ","1,200,000-1,500,000 บาท",เพื่อหลีกเลี่ยงปัญหาจากระบบการขนส่งมวลชน,ยังไม่มีแนวโน้มที่จะซื้อ,รถยนต์ไฮบริด (Hybrid),ความสะดวกในการใช้งาน,2,3,5,3,5,5,4,5,3,5,5,5,5,5,5,3,5,5,4,5,3
"26/7/2026, 14:41:35",หญิง,41-50 ปี,3 คน,ปริญญาโท,ข้าราชการ,1-2 คน,คอนโด / อพาร์ตเมนต์ / หอพัก,เช่า,มีที่จอดรถส่วนตัว,"50,001-75,000 บาท","ไม่มี (หากตอบ ""ไม่มี"" ให้ข้ามไปตอบตอนที่ 3)",,,,,,รูปลักษณ์ / ดีไซน์,"1,200,000-1,500,000 บาท","เพื่อใช้ในการเดินทางไปทำงาน, เพื่อใช้ในการค้าขาย, เพื่อความสะดวกในการเดินทาง",มีแนวโน้มที่จะซื้อ,รถยนต์ไฮบริด (Hybrid),ความสะดวกในการใช้งาน,5,3,5,5,5,4,5,5,5,5,4,5,5,5,4,5,4,4,4,5,5
"26/7/2026, 14:41:36",ชาย,27-30 ปี,ไม่มีบุตร,ปริญญาตรี,พนักงานเอกชน,1-2 คน,คอนโด / อพาร์ตเมนต์ / หอพัก,เป็นเจ้าของ,มีที่จอดรถส่วนตัว,"15,001-25,000 บาท","ไม่มี (หากตอบ ""ไม่มี"" ให้ข้ามไปตอบตอนที่ 3)",,,,,,สมรรถนะในการขับขี่,"ต่ำกว่า 500,000 บาท",เพื่อใช้ในการเดินทางไปทำงาน,ยังไม่มีแนวโน้มที่จะซื้อ,รถยนต์ไฟฟ้า (EV),ความสะดวกในการใช้งาน,5,3,3,5,4,5,4,4,5,4,4,3,5,5,5,3,4,4,5,5,5
"26/7/2026, 14:41:37",หญิง,31-40 ปี,2 คน,ปวช. / ปวส.,พนักงานเอกชน,1-2 คน,คอนโด / อพาร์ตเมนต์ / หอพัก,พักอาศัยกับครอบครัว / ผู้อื่น,มีที่จอดรถส่วนตัว,"25,001-35,000 บาท",มี,ขับทั้งในเมืองและนอกเมือง,ใช้เป็นครั้งคราว,71-90 กิโลเมตร,ค่าใช้จ่ายในการซ่อมบำรุง,รถยนต์ไฮบริด (Hybrid),สมรรถนะในการขับขี่,"1,200,000-1,500,000 บาท",เพื่อหลีกเลี่ยงปัญหาจากระบบการขนส่งมวลชน,ยังไม่มีแนวโน้มที่จะซื้อ,รถยนต์ไฮบริด (Hybrid),ค่าบำรุงรักษา,4,5,3,5,5,4,5,4,5,5,4,5,4,5,5,4,5,5,4,5,4
"26/7/2026, 14:41:38",หญิง,24-26 ปี,มากกว่า 3 คน,ปริญญาโท,พนักงานเอกชน,1-2 คน,คอนโด / อพาร์ตเมนต์ / หอพัก,พักอาศัยกับครอบครัว / ผู้อื่น,ไม่มีที่จอดรถ,"25,001-35,000 บาท","ไม่มี (หากตอบ ""ไม่มี"" ให้ข้ามไปตอบตอนที่ 3)",,,,,,สมรรถนะในการขับขี่,"800,001-1,200,000 บาท","เพื่อใช้ในการเดินทางไปทำงาน, เพื่อหลีกเลี่ยงปัญหาจากระบบการขนส่งมวลชน",มีแนวโน้มที่จะซื้อ,รถยนต์ไฟฟ้า (EV),ราคาซื้อเริ่มต้น,4,5,5,5,4,3,5,4,4,4,5,5,5,5,5,3,5,4,5,4,4
"26/7/2026, 14:41:39",หญิง,27-30 ปี,มากกว่า 3 คน,ปริญญาตรี,พนักงานเอกชน,3-4 คน,ทาวน์โฮม / ทาวเฮาท์,เป็นเจ้าของ,มีที่จอดรถส่วนกลาง / เช่า,"35,001-50,000 บาท","ไม่มี (หากตอบ ""ไม่มี"" ให้ข้ามไปตอบตอนที่ 3)",,,,,,สมรรถนะในการขับขี่,"500,001-800,000 บาท","เพื่อใช้ในการค้าขาย, เพื่อใช้ในการเดินทางท่องเที่ยว, เพื่อความสะดวกในการเดินทาง",ยังไม่มีแนวโน้มที่จะซื้อ,รถยนต์ไฟฟ้า (EV),ความสะดวกในการใช้งาน,5,4,4,5,5,4,4,5,3,5,4,5,5,5,5,4,5,5,5,4,4
"26/7/2026, 14:41:40",ชาย,27-30 ปี,ไม่มีบุตร,ปริญญาตรี,รัฐวิสาหกิจ,1-2 คน,คอนโด / อพาร์ตเมนต์ / หอพัก,พักอาศัยกับครอบครัว / ผู้อื่น,มีที่จอดรถส่วนกลาง / เช่า,"25,001-35,000 บาท","ไม่มี (หากตอบ ""ไม่มี"" ให้ข้ามไปตอบตอนที่ 3)",,,,,,เทคโนโลยีและฟังก์ชันภายในรถ,"800,001-1,200,000 บาท",เพื่อใช้ในการเดินทางไปทำงาน,มีแนวโน้มที่จะซื้อ,รถยนต์สันดาป (ดีเซล / เบนซิน),ความสะดวกในการใช้งาน,5,5,5,3,5,5,3,5,5,4,5,5,4,5,5,5,5,4,4,4,2
"26/7/2026, 14:41:41",หญิง,41-50 ปี,3 คน,ม.6,เจ้าของกิจการ,3-4 คน,คอนโด / อพาร์ตเมนต์ / หอพัก,พักอาศัยกับครอบครัว / ผู้อื่น,มีที่จอดรถส่วนตัว,"35,001-50,000 บาท",มี,ขับนอกเมือง,ใช้งานทุกวัน,น้อยกว่า 10 กิโลเมตร,ค่าใช้จ่ายในการซ่อมบำรุง,รถยนต์สันดาป (ดีเซล / เบนซิน),สมรรถนะในการขับขี่,"ต่ำกว่า 500,000 บาท",เพื่อใช้ในการเดินทางไปทำงาน,ยังไม่มีแนวโน้มที่จะซื้อ,รถยนต์ไฮบริด (Hybrid),ราคาซื้อเริ่มต้น,3,4,4,4,5,5,4,5,5,5,3,5,4,5,4,5,5,5,3,4,2
"26/7/2026, 14:41:41",ชาย,27-30 ปี,มากกว่า 3 คน,ปริญญาตรี,พนักงานเอกชน,1-2 คน,คอนโด / อพาร์ตเมนต์ / หอพัก,พักอาศัยกับครอบครัว / ผู้อื่น,มีที่จอดรถส่วนตัว,"15,001-25,000 บาท",มี,ขับทั้งในเมืองและนอกเมือง,ใช้งานทุกวัน,31-50 กิโลเมตร,"ราคาน้ำมัน, ศูนย์บริการและอะไหล่","รถยนต์สันดาป (ดีเซล / เบนซิน), รถยนต์ไฮบริด (Hybrid)",แบรนด์,"ต่ำกว่า 500,000 บาท","เพื่อใช้ในการค้าขาย, เพื่อใช้ในการเดินทางท่องเที่ยว, เพื่อหลีกเลี่ยงปัญหาจากระบบการขนส่งมวลชน",มีแนวโน้มที่จะซื้อ,รถยนต์สันดาป (ดีเซล / เบนซิน),ประหยัดค่าเชื้อเพลิง,5,4,5,4,4,5,4,5,5,5,5,5,5,4,5,5,4,5,5,5,4
"26/7/2026, 14:41:42",หญิง,31-40 ปี,3 คน,ปริญญาเอก,ข้าราชการ,1-2 คน,คอนโด / อพาร์ตเมนต์ / หอพัก,พักอาศัยกับครอบครัว / ผู้อื่น,มีที่จอดรถส่วนกลาง / เช่า,"25,001-35,000 บาท",มี,ขับนอกเมือง,1-2 วัน / สัปดาห์,น้อยกว่า 10 กิโลเมตร,"ราคาน้ำมัน, ศูนย์บริการและอะไหล่, อายุการใช้งาน",รถยนต์สันดาป (ดีเซล / เบนซิน),สมรรถนะในการขับขี่,"1,200,000-1,500,000 บาท","เพื่อใช้ในการค้าขาย, เพื่อหลีกเลี่ยงปัญหาจากระบบการขนส่งมวลชน",ยังไม่มีแนวโน้มที่จะซื้อ,รถยนต์ไฮบริด (Hybrid),ความสะดวกในการใช้งาน,4,3,4,3,4,5,5,5,5,5,5,4,5,3,5,5,5,5,5,4,4
"26/7/2026, 14:41:43",หญิง,31-40 ปี,มากกว่า 3 คน,ปริญญาตรี,อาชีพอิสระ,5 คนขึ้นไป,ทาวน์โฮม / ทาวเฮาท์,พักอาศัยกับครอบครัว / ผู้อื่น,มีที่จอดรถส่วนตัว,"50,001-75,000 บาท",มี,ขับนอกเมือง,ใช้งานทุกวัน,10-30 กิโลเมตร,"อายุการใช้งาน, มูลค่าการขายต่อ","รถยนต์สันดาป (ดีเซล / เบนซิน), รถยนต์ไฮบริด (Hybrid)","ค่าซ่อมบำรุง, เทคโนโลยีและฟังก์ชันภายในรถ","1,200,000-1,500,000 บาท",เพื่อใช้ในการเดินทางท่องเที่ยว,มีแนวโน้มที่จะซื้อ,รถยนต์ไฟฟ้า (EV),"ค่าบำรุงรักษา, เป็นมิตรต่อสิ่งแวดล้อม",4,4,5,5,5,5,5,4,5,5,5,5,5,4,5,4,4,5,4,3,4
"26/7/2026, 14:41:44",ชาย,31-40 ปี,3 คน,ปริญญาตรี,พนักงานเอกชน,1-2 คน,ทาวน์โฮม / ทาวเฮาท์,พักอาศัยกับครอบครัว / ผู้อื่น,มีที่จอดรถส่วนตัว,"25,001-35,000 บาท",มี,ขับนอกเมือง,ใช้งานทุกวัน,31-50 กิโลเมตร,ค่าใช้จ่ายในการซ่อมบำรุง,รถยนต์สันดาป (ดีเซล / เบนซิน),สมรรถนะในการขับขี่,"ต่ำกว่า 500,000 บาท","เพื่อใช้ในการเดินทางไปทำงาน, เพื่อใช้ในการเดินทางท่องเที่ยว, เพื่อความสะดวกในการเดินทาง, เพื่อหลีกเลี่ยงปัญหาจากระบบการขนส่งมวลชน",มีแนวโน้มที่จะซื้อ,รถยนต์ไฮบริด (Hybrid),"ความสะดวกในการใช้งาน, เทคโนโลยีและความทันสมัย",5,4,5,4,5,3,5,5,5,5,4,4,5,4,5,4,5,4,5,5,4
"26/7/2026, 14:41:45",หญิง,31-40 ปี,มากกว่า 3 คน,ปริญญาโท,พนักงานเอกชน,1-2 คน,คอนโด / อพาร์ตเมนต์ / หอพัก,พักอาศัยกับครอบครัว / ผู้อื่น,มีที่จอดรถส่วนกลาง / เช่า,"15,001-25,000 บาท","ไม่มี (หากตอบ ""ไม่มี"" ให้ข้ามไปตอบตอนที่ 3)",,,,,,สมรรถนะในการขับขี่,"ต่ำกว่า 500,000 บาท","เพื่อใช้ในการเดินทางไปทำงาน, เพื่อใช้ในการเดินทางท่องเที่ยว, เพื่อความสะดวกในการเดินทาง",ยังไม่มีแนวโน้มที่จะซื้อ,รถยนต์ไฟฟ้า (EV),ราคาซื้อเริ่มต้น,4,3,4,5,5,5,5,5,5,3,5,5,4,4,4,4,5,4,5,3,5
"26/7/2026, 14:41:46",หญิง,24-26 ปี,3 คน,ปวช. / ปวส.,อาชีพอิสระ,1-2 คน,บ้านเดี่ยว / บ้านแฝด,พักอาศัยกับครอบครัว / ผู้อื่น,มีที่จอดรถส่วนตัว,"มากกว่า 75,000",มี,ขับในเมือง,1-2 วัน / สัปดาห์,น้อยกว่า 10 กิโลเมตร,มูลค่าการขายต่อ,รถยนต์สันดาป (ดีเซล / เบนซิน),"ค่าซ่อมบำรุง, สมรรถนะในการขับขี่","500,001-800,000 บาท",เพื่อความสะดวกในการเดินทาง,มีแนวโน้มที่จะซื้อ,รถยนต์ไฮบริด (Hybrid),ความสะดวกในการใช้งาน,4,4,5,4,4,5,5,4,5,5,5,5,5,4,3,4,3,5,4,5,5
"26/7/2026, 14:41:47",ชาย,27-30 ปี,2 คน,ปริญญาตรี,พนักงานเอกชน,3-4 คน,คอนโด / อพาร์ตเมนต์ / หอพัก,พักอาศัยกับครอบครัว / ผู้อื่น,มีที่จอดรถส่วนกลาง / เช่า,"25,001-35,000 บาท",มี,ขับทั้งในเมืองและนอกเมือง,ใช้งานทุกวัน,น้อยกว่า 10 กิโลเมตร,ค่าใช้จ่ายในการซ่อมบำรุง,"รถยนต์สันดาป (ดีเซล / เบนซิน), รถยนต์ไฮบริด (Hybrid)",สมรรถนะในการขับขี่,"800,001-1,200,000 บาท",เพื่อใช้ในการค้าขาย,มีแนวโน้มที่จะซื้อ,รถยนต์ไฟฟ้า (EV),ความสะดวกในการใช้งาน,5,4,4,5,5,5,5,5,5,4,5,5,4,5,5,5,5,5,4,4,5
"26/7/2026, 14:41:48",ชาย,31-40 ปี,2 คน,ปริญญาเอก,ข้าราชการ,1-2 คน,คอนโด / อพาร์ตเมนต์ / หอพัก,พักอาศัยกับครอบครัว / ผู้อื่น,มีที่จอดรถส่วนกลาง / เช่า,"15,001-25,000 บาท","ไม่มี (หากตอบ ""ไม่มี"" ให้ข้ามไปตอบตอนที่ 3)",,,,,,ความคุ้มค่าโดยรวม,"500,001-800,000 บาท","เพื่อใช้ในการค้าขาย, เพื่อความสะดวกในการเดินทาง",ยังไม่มีแนวโน้มที่จะซื้อ,รถยนต์ไฮบริด (Hybrid),ความสะดวกในการใช้งาน,4,4,4,5,5,5,5,5,4,5,5,5,5,5,5,5,5,5,5,5,5
"26/7/2026, 14:41:49",หญิง,20-23 ปี,มากกว่า 3 คน,ปริญญาตรี,พนักงานเอกชน,3-4 คน,คอนโด / อพาร์ตเมนต์ / หอพัก,เป็นเจ้าของ,ไม่มีที่จอดรถ,"25,001-35,000 บาท","ไม่มี (หากตอบ ""ไม่มี"" ให้ข้ามไปตอบตอนที่ 3)",,,,,,สมรรถนะในการขับขี่,"1,200,000-1,500,000 บาท","เพื่อใช้ในการค้าขาย, เพื่อใช้ในการเดินทางท่องเที่ยว",ยังไม่มีแนวโน้มที่จะซื้อ,รถยนต์สันดาป (ดีเซล / เบนซิน),"ค่าบำรุงรักษา, เทคโนโลยีและความทันสมัย",4,4,5,5,4,5,5,5,5,5,5,5,4,5,4,4,3,5,4,5,5
"26/7/2026, 14:41:49",ชาย,41-50 ปี,มากกว่า 3 คน,ปริญญาตรี,เจ้าของกิจการ,1-2 คน,คอนโด / อพาร์ตเมนต์ / หอพัก,พักอาศัยกับครอบครัว / ผู้อื่น,มีที่จอดรถส่วนกลาง / เช่า,"25,001-35,000 บาท",มี,ขับนอกเมือง,ใช้เป็นครั้งคราว,10-30 กิโลเมตร,"อายุการใช้งาน, ค่าใช้จ่ายในการซ่อมบำรุง",รถยนต์สันดาป (ดีเซล / เบนซิน),"ค่าซ่อมบำรุง, แบรนด์, เทคโนโลยีและฟังก์ชันภายในรถ","800,001-1,200,000 บาท","เพื่อใช้ในการค้าขาย, เพื่อใช้ในการเดินทางท่องเที่ยว, เพื่อความสะดวกในการเดินทาง, เพื่อหลีกเลี่ยงปัญหาจากระบบการขนส่งมวลชน",มีแนวโน้มที่จะซื้อ,รถยนต์ไฟฟ้า (EV),ความสะดวกในการใช้งาน,4,4,5,3,5,5,5,5,4,4,5,5,5,5,5,5,5,4,3,5,4
"26/7/2026, 14:41:50",หญิง,20-23 ปี,มากกว่า 3 คน,ปริญญาโท,อาชีพอิสระ,3-4 คน,ทาวน์โฮม / ทาวเฮาท์,พักอาศัยกับครอบครัว / ผู้อื่น,มีที่จอดรถส่วนกลาง / เช่า,"35,001-50,000 บาท",มี,ขับนอกเมือง,ใช้งานทุกวัน,10-30 กิโลเมตร,"ราคาน้ำมัน, ศูนย์บริการและอะไหล่, ค่าใช้จ่ายในการซ่อมบำรุง","รถยนต์สันดาป (ดีเซล / เบนซิน), รถยนต์ไฮบริด (Hybrid)",สมรรถนะในการขับขี่,"1,200,000-1,500,000 บาท",เพื่อความสะดวกในการเดินทาง,มีแนวโน้มที่จะซื้อ,รถยนต์สันดาป (ดีเซล / เบนซิน),"ความสะดวกในการใช้งาน, เป็นมิตรต่อสิ่งแวดล้อม",5,4,5,3,5,4,5,5,5,5,3,4,5,5,5,5,5,5,4,5,4
"26/7/2026, 14:41:51",ชาย,31-40 ปี,3 คน,ปริญญาตรี,รัฐวิสาหกิจ,1-2 คน,คอนโด / อพาร์ตเมนต์ / หอพัก,พักอาศัยกับครอบครัว / ผู้อื่น,มีที่จอดรถส่วนตัว,"50,001-75,000 บาท","ไม่มี (หากตอบ ""ไม่มี"" ให้ข้ามไปตอบตอนที่ 3)",,,,,,สมรรถนะในการขับขี่,"1,200,000-1,500,000 บาท","เพื่อใช้ในการค้าขาย, เพื่อหลีกเลี่ยงปัญหาจากระบบการขนส่งมวลชน",ยังไม่มีแนวโน้มที่จะซื้อ,รถยนต์ไฮบริด (Hybrid),ความสะดวกในการใช้งาน,5,5,3,5,4,4,3,5,5,4,5,4,5,5,5,5,4,4,5,4,5
"26/7/2026, 14:41:52",ชาย,41-50 ปี,มากกว่า 3 คน,ปริญญาโท,เจ้าของกิจการ,1-2 คน,คอนโด / อพาร์ตเมนต์ / หอพัก,พักอาศัยกับครอบครัว / ผู้อื่น,มีที่จอดรถส่วนตัว,"50,001-75,000 บาท",มี,ขับในเมือง,5-6 วัน / สัปดาห์,51-70 กิโลเมตร,"ค่าใช้จ่ายในการซ่อมบำรุง, มูลค่าการขายต่อ","รถยนต์สันดาป (ดีเซล / เบนซิน), รถยนต์ไฮบริด (Hybrid)",สมรรถนะในการขับขี่,"ต่ำกว่า 500,000 บาท",เพื่อใช้ในการค้าขาย,ยังไม่มีแนวโน้มที่จะซื้อ,รถยนต์ไฟฟ้า (EV),ความสะดวกในการใช้งาน,3,5,5,2,5,5,5,4,3,4,3,4,4,4,4,5,5,4,5,4,4
"26/7/2026, 14:41:53",ชาย,27-30 ปี,3 คน,ปริญญาโท,ข้าราชการ,3-4 คน,คอนโด / อพาร์ตเมนต์ / หอพัก,พักอาศัยกับครอบครัว / ผู้อื่น,มีที่จอดรถส่วนตัว,"25,001-35,000 บาท",มี,ขับในเมือง,ใช้งานทุกวัน,น้อยกว่า 10 กิโลเมตร,"ราคาน้ำมัน, ศูนย์บริการและอะไหล่, มูลค่าการขายต่อ",รถยนต์สันดาป (ดีเซล / เบนซิน),สมรรถนะในการขับขี่,"ต่ำกว่า 500,000 บาท","เพื่อใช้ในการเดินทางไปทำงาน, เพื่อใช้ในการเดินทางท่องเที่ยว",มีแนวโน้มที่จะซื้อ,รถยนต์ไฮบริด (Hybrid),"ค่าบำรุงรักษา, เป็นมิตรต่อสิ่งแวดล้อม",5,3,5,5,4,4,5,5,3,2,5,3,5,5,5,5,4,4,4,5,5
"26/7/2026, 14:41:54",ชาย,31-40 ปี,3 คน,ปวช. / ปวส.,เจ้าของกิจการ,1-2 คน,คอนโด / อพาร์ตเมนต์ / หอพัก,พักอาศัยกับครอบครัว / ผู้อื่น,มีที่จอดรถส่วนกลาง / เช่า,"มากกว่า 75,000","ไม่มี (หากตอบ ""ไม่มี"" ให้ข้ามไปตอบตอนที่ 3)",,,,,,สมรรถนะในการขับขี่,"มากกว่า 1,500,000 บาท","เพื่อใช้ในการเดินทางไปทำงาน, เพื่อหลีกเลี่ยงปัญหาจากระบบการขนส่งมวลชน",มีแนวโน้มที่จะซื้อ,รถยนต์ไฟฟ้า (EV),"ค่าบำรุงรักษา, ความสะดวกในการใช้งาน, เทคโนโลยีและความทันสมัย",4,5,4,5,5,3,5,3,5,5,5,3,3,5,4,5,5,4,4,4,5
"26/7/2026, 14:41:55",ชาย,31-40 ปี,1 คน,ปริญญาโท,พนักงานเอกชน,1-2 คน,คอนโด / อพาร์ตเมนต์ / หอพัก,พักอาศัยกับครอบครัว / ผู้อื่น,มีที่จอดรถส่วนตัว,"15,001-25,000 บาท",มี,ขับนอกเมือง,1-2 วัน / สัปดาห์,71-90 กิโลเมตร,"ศูนย์บริการและอะไหล่, ค่าใช้จ่ายในการซ่อมบำรุง, มูลค่าการขายต่อ",รถยนต์ไฮบริด (Hybrid),"ค่าซ่อมบำรุง, เทคโนโลยีและฟังก์ชันภายในรถ","800,001-1,200,000 บาท",เพื่อใช้ในการเดินทางไปทำงาน,ยังไม่มีแนวโน้มที่จะซื้อ,รถยนต์สันดาป (ดีเซล / เบนซิน),เทคโนโลยีและความทันสมัย,4,5,5,5,4,5,3,5,5,5,5,4,5,5,5,4,4,5,5,5,4
"26/7/2026, 14:41:56",ชาย,27-30 ปี,3 คน,ปริญญาตรี,ค้าขาย,1-2 คน,ทาวน์โฮม / ทาวเฮาท์,พักอาศัยกับครอบครัว / ผู้อื่น,มีที่จอดรถส่วนกลาง / เช่า,"ต่ำกว่า 15,000 บาท",มี,ขับนอกเมือง,1-2 วัน / สัปดาห์,71-90 กิโลเมตร,ศูนย์บริการและอะไหล่,รถยนต์สันดาป (ดีเซล / เบนซิน),ค่าไฟฟ้า,"500,001-800,000 บาท",เพื่อใช้ในการค้าขาย,ยังไม่มีแนวโน้มที่จะซื้อ,รถยนต์ไฮบริด (Hybrid),"ค่าบำรุงรักษา, ความสะดวกในการใช้งาน, เทคโนโลยีและความทันสมัย",5,5,5,4,4,4,5,4,5,5,5,5,5,5,5,5,4,4,5,5,5
"26/7/2026, 14:41:57",หญิง,31-40 ปี,ไม่มีบุตร,ปริญญาตรี,ค้าขาย,3-4 คน,ทาวน์โฮม / ทาวเฮาท์,เป็นเจ้าของ,ไม่มีที่จอดรถ,"35,001-50,000 บาท","ไม่มี (หากตอบ ""ไม่มี"" ให้ข้ามไปตอบตอนที่ 3)",,,,,,สมรรถนะในการขับขี่,"1,200,000-1,500,000 บาท",เพื่อหลีกเลี่ยงปัญหาจากระบบการขนส่งมวลชน,มีแนวโน้มที่จะซื้อ,รถยนต์สันดาป (ดีเซล / เบนซิน),เทคโนโลยีและความทันสมัย,5,4,3,5,5,5,4,4,5,4,5,3,5,3,4,5,3,5,5,4,4
"26/7/2026, 14:41:57",ชาย,41-50 ปี,มากกว่า 3 คน,ปริญญาตรี,พนักงานเอกชน,3-4 คน,คอนโด / อพาร์ตเมนต์ / หอพัก,พักอาศัยกับครอบครัว / ผู้อื่น,มีที่จอดรถส่วนตัว,"15,001-25,000 บาท",มี,ขับทั้งในเมืองและนอกเมือง,1-2 วัน / สัปดาห์,10-30 กิโลเมตร,"อายุการใช้งาน, ค่าใช้จ่ายในการซ่อมบำรุง, มูลค่าการขายต่อ",รถยนต์ไฮบริด (Hybrid),สมรรถนะในการขับขี่,"ต่ำกว่า 500,000 บาท",เพื่อใช้ในการเดินทางท่องเที่ยว,ยังไม่มีแนวโน้มที่จะซื้อ,รถยนต์ไฮบริด (Hybrid),ความสะดวกในการใช้งาน,5,5,4,4,4,4,5,3,5,4,4,5,4,4,5,3,4,4,5,5,5
"26/7/2026, 14:41:58",หญิง,31-40 ปี,มากกว่า 3 คน,ปวช. / ปวส.,พนักงานเอกชน,3-4 คน,ทาวน์โฮม / ทาวเฮาท์,พักอาศัยกับครอบครัว / ผู้อื่น,มีที่จอดรถส่วนตัว,"15,001-25,000 บาท","ไม่มี (หากตอบ ""ไม่มี"" ให้ข้ามไปตอบตอนที่ 3)",,,,,,ค่าไฟฟ้า,"1,200,000-1,500,000 บาท",เพื่อความสะดวกในการเดินทาง,มีแนวโน้มที่จะซื้อ,รถยนต์สันดาป (ดีเซล / เบนซิน),ความสะดวกในการใช้งาน,5,4,2,5,4,5,5,5,5,3,4,4,5,5,5,3,5,4,2,5,5
"26/7/2026, 14:41:59",ชาย,31-40 ปี,มากกว่า 3 คน,ปวช. / ปวส.,รัฐวิสาหกิจ,1-2 คน,คอนโด / อพาร์ตเมนต์ / หอพัก,พักอาศัยกับครอบครัว / ผู้อื่น,มีที่จอดรถส่วนตัว,"50,001-75,000 บาท",มี,ขับทั้งในเมืองและนอกเมือง,5-6 วัน / สัปดาห์,71-90 กิโลเมตร,"ศูนย์บริการและอะไหล่, มูลค่าการขายต่อ",รถยนต์สันดาป (ดีเซล / เบนซิน),สมรรถนะในการขับขี่,"500,001-800,000 บาท",เพื่อใช้ในการเดินทางท่องเที่ยว,ยังไม่มีแนวโน้มที่จะซื้อ,รถยนต์ไฮบริด (Hybrid),ความสะดวกในการใช้งาน,5,5,5,5,3,5,5,4,5,5,5,3,5,5,5,5,5,5,5,5,4
"26/7/2026, 14:42:00",หญิง,31-40 ปี,3 คน,ปริญญาตรี,ค้าขาย,1-2 คน,ทาวน์โฮม / ทาวเฮาท์,พักอาศัยกับครอบครัว / ผู้อื่น,มีที่จอดรถส่วนตัว,"25,001-35,000 บาท",มี,ขับทั้งในเมืองและนอกเมือง,1-2 วัน / สัปดาห์,น้อยกว่า 10 กิโลเมตร,"ศูนย์บริการและอะไหล่, ค่าใช้จ่ายในการซ่อมบำรุง",รถยนต์สันดาป (ดีเซล / เบนซิน),"ราคา, ค่าน้ำมัน","800,001-1,200,000 บาท","เพื่อใช้ในการเดินทางไปทำงาน, เพื่อใช้ในการเดินทางท่องเที่ยว, เพื่อความสะดวกในการเดินทาง, เพื่อหลีกเลี่ยงปัญหาจากระบบการขนส่งมวลชน",มีแนวโน้มที่จะซื้อ,รถยนต์ไฮบริด (Hybrid),"ประหยัดค่าเชื้อเพลิง, ค่าบำรุงรักษา, ความสะดวกในการใช้งาน",4,3,5,5,5,4,4,4,4,4,5,5,4,5,4,5,5,4,5,5,5
"26/7/2026, 16:22:07",หญิง,27-30 ปี,3 คน,ปริญญาโท,พนักงานเอกชน,1-2 คน,คอนโด / อพาร์ตเมนต์ / หอพัก,พักอาศัยกับครอบครัว / ผู้อื่น,มีที่จอดรถส่วนตัว,"มากกว่า 75,000",มี,ขับทั้งในเมืองและนอกเมือง,ใช้เป็นครั้งคราว,71-90 กิโลเมตร,"ปั๊มน้ำมัน / สถานีชาร์จ, ศูนย์บริการและอะไหล่, อายุการใช้งาน, มูลค่าการขายต่อ",รถยนต์สันดาป (ดีเซล / เบนซิน),"ราคา, สมรรถนะในการขับขี่, การรับประกันและบริการหลังการขาย","800,001-1,200,000 บาท","เพื่อใช้ในการค้าขาย, เพื่อใช้ในการเดินทางท่องเที่ยว",มีแนวโน้มที่จะซื้อ,รถยนต์สันดาป (ดีเซล / เบนซิน),ความสะดวกในการใช้งาน,5,5,5,4,4,4,4,4,4,5,5,4,4,5,4,5,5,4,5,4,3
"26/7/2026, 16:22:09",หญิง,มากกว่า 60 ปี,2 คน,ต่ำกว่า ม.3,เจ้าของกิจการ,1-2 คน,คอนโด / อพาร์ตเมนต์ / หอพัก,พักอาศัยกับครอบครัว / ผู้อื่น,มีที่จอดรถส่วนกลาง / เช่า,"35,001-50,000 บาท","ไม่มี (หากตอบ ""ไม่มี"" ให้ข้ามไปตอบตอนที่ 3)",,,,,,"ความคุ้มค่าโดยรวม, การรับประกันและบริการหลังการขาย","800,001-1,200,000 บาท","เพื่อใช้ในการค้าขาย, เพื่อความสะดวกในการเดินทาง",มีแนวโน้มที่จะซื้อ,รถยนต์สันดาป (ดีเซล / เบนซิน),"ค่าบำรุงรักษา, เป็นมิตรต่อสิ่งแวดล้อม",5,4,3,3,4,4,4,4,5,5,5,5,5,5,4,4,5,4,4,4,5
"26/7/2026, 16:22:10",ชาย,31-40 ปี,ไม่มีบุตร,ปริญญาตรี,ข้าราชการ,1-2 คน,ทาวน์โฮม / ทาวเฮาท์,เป็นเจ้าของ,มีที่จอดรถส่วนกลาง / เช่า,"15,001-25,000 บาท",มี,ขับในเมือง,ใช้เป็นครั้งคราว,น้อยกว่า 10 กิโลเมตร,ศูนย์บริการและอะไหล่,รถยนต์สันดาป (ดีเซล / เบนซิน),ความคุ้มค่าโดยรวม,"500,001-800,000 บาท",เพื่อใช้ในการเดินทางท่องเที่ยว,ยังไม่มีแนวโน้มที่จะซื้อ,รถยนต์สันดาป (ดีเซล / เบนซิน),"ค่าบำรุงรักษา, ความสะดวกในการใช้งาน",5,5,3,5,4,4,4,5,5,5,5,4,4,4,4,5,5,3,4,5,3
"26/7/2026, 16:22:11",หญิง,51-60 ปี,2 คน,ปริญญาตรี,เจ้าของกิจการ,1-2 คน,ทาวน์โฮม / ทาวเฮาท์,พักอาศัยกับครอบครัว / ผู้อื่น,มีที่จอดรถส่วนกลาง / เช่า,"มากกว่า 75,000",มี,ขับทั้งในเมืองและนอกเมือง,ใช้เป็นครั้งคราว,น้อยกว่า 10 กิโลเมตร,"ปั๊มน้ำมัน / สถานีชาร์จ, ศูนย์บริการและอะไหล่, อายุการใช้งาน, มูลค่าการขายต่อ",รถยนต์สันดาป (ดีเซล / เบนซิน),"ความคุ้มค่าโดยรวม, การรับประกันและบริการหลังการขาย","มากกว่า 1,500,000 บาท",เพื่อใช้ในการเดินทางท่องเที่ยว,ยังไม่มีแนวโน้มที่จะซื้อ,รถยนต์สันดาป (ดีเซล / เบนซิน),ความสะดวกในการใช้งาน,4,5,5,5,4,4,4,4,5,5,3,4,5,5,5,5,4,5,3,5,5
"26/7/2026, 16:22:12",ชาย,27-30 ปี,2 คน,ปริญญาตรี,นักเรียน / นักศึกษา,1-2 คน,คอนโด / อพาร์ตเมนต์ / หอพัก,เช่า,มีที่จอดรถส่วนตัว,"ต่ำกว่า 15,000 บาท",มี,ขับในเมือง,ใช้เป็นครั้งคราว,31-50 กิโลเมตร,"ราคาน้ำมัน, ศูนย์บริการและอะไหล่, มูลค่าการขายต่อ",รถยนต์สันดาป (ดีเซล / เบนซิน),"ค่าน้ำมัน, แบรนด์, เทคโนโลยีและฟังก์ชันภายในรถ, การรับประกันและบริการหลังการขาย","800,001-1,200,000 บาท",เพื่อใช้ในการเดินทางท่องเที่ยว,ยังไม่มีแนวโน้มที่จะซื้อ,รถยนต์สันดาป (ดีเซล / เบนซิน),ค่าบำรุงรักษา,3,4,4,4,5,5,4,4,5,5,4,5,4,5,4,5,5,3,4,4,5
"26/7/2026, 16:22:13",ชาย,41-50 ปี,3 คน,ต่ำกว่า ม.3,ค้าขาย,1-2 คน,บ้านเดี่ยว / บ้านแฝด,เช่า,มีที่จอดรถส่วนกลาง / เช่า,"15,001-25,000 บาท",มี,ขับนอกเมือง,1-2 วัน / สัปดาห์,71-90 กิโลเมตร,ศูนย์บริการและอะไหล่,รถยนต์สันดาป (ดีเซล / เบนซิน),ความคุ้มค่าโดยรวม,"800,001-1,200,000 บาท",เพื่อใช้ในการค้าขาย,ยังไม่มีแนวโน้มที่จะซื้อ,รถยนต์ไฟฟ้า (EV),"ค่าบำรุงรักษา, เป็นมิตรต่อสิ่งแวดล้อม",5,5,5,5,5,4,5,4,5,4,5,5,4,5,3,5,5,4,5,4,5
"26/7/2026, 16:22:14",ชาย,มากกว่า 60 ปี,2 คน,ปวช. / ปวส.,ค้าขาย,1-2 คน,บ้านเดี่ยว / บ้านแฝด,เช่า,มีที่จอดรถส่วนกลาง / เช่า,"50,001-75,000 บาท",มี,ขับทั้งในเมืองและนอกเมือง,3-4 วัน / สัปดาห์,71-90 กิโลเมตร,"ศูนย์บริการและอะไหล่, ค่าใช้จ่ายในการซ่อมบำรุง","รถยนต์สันดาป (ดีเซล / เบนซิน), รถยนต์ไฮบริด (Hybrid)",ความคุ้มค่าโดยรวม,"500,001-800,000 บาท",เพื่อใช้ในการค้าขาย,ยังไม่มีแนวโน้มที่จะซื้อ,รถยนต์สันดาป (ดีเซล / เบนซิน),ความสะดวกในการใช้งาน,4,5,5,5,5,4,5,5,5,5,5,3,5,3,3,5,4,4,5,5,4
"26/7/2026, 16:22:16",หญิง,31-40 ปี,3 คน,ปริญญาตรี,พนักงานเอกชน,1-2 คน,คอนโด / อพาร์ตเมนต์ / หอพัก,เช่า,มีที่จอดรถส่วนตัว,"35,001-50,000 บาท","ไม่มี (หากตอบ ""ไม่มี"" ให้ข้ามไปตอบตอนที่ 3)",,,,,,"แบรนด์, การรับประกันและบริการหลังการขาย","1,200,000-1,500,000 บาท",เพื่อใช้ในการเดินทางท่องเที่ยว,ยังไม่มีแนวโน้มที่จะซื้อ,รถยนต์สันดาป (ดีเซล / เบนซิน),ความสะดวกในการใช้งาน,5,4,5,5,3,4,5,5,5,3,5,5,5,5,4,5,4,5,5,5,3
"26/7/2026, 16:22:17",หญิง,51-60 ปี,3 คน,ต่ำกว่า ม.3,เจ้าของกิจการ,1-2 คน,คอนโด / อพาร์ตเมนต์ / หอพัก,พักอาศัยกับครอบครัว / ผู้อื่น,มีที่จอดรถส่วนตัว,"มากกว่า 75,000","ไม่มี (หากตอบ ""ไม่มี"" ให้ข้ามไปตอบตอนที่ 3)",,,,,,ความคุ้มค่าโดยรวม,"800,001-1,200,000 บาท",เพื่อความสะดวกในการเดินทาง,ยังไม่มีแนวโน้มที่จะซื้อ,รถยนต์สันดาป (ดีเซล / เบนซิน),ประหยัดค่าเชื้อเพลิง,5,5,3,5,4,4,5,3,4,5,5,3,5,5,5,5,5,5,5,4,4
"26/7/2026, 16:22:18",ชาย,24-26 ปี,1 คน,ปริญญาตรี,พนักงานเอกชน,1-2 คน,คอนโด / อพาร์ตเมนต์ / หอพัก,เช่า,ไม่มีที่จอดรถ,"50,001-75,000 บาท",มี,ขับทั้งในเมืองและนอกเมือง,1-2 วัน / สัปดาห์,น้อยกว่า 10 กิโลเมตร,อายุการใช้งาน,รถยนต์สันดาป (ดีเซล / เบนซิน),สมรรถนะในการขับขี่,"500,001-800,000 บาท","เพื่อใช้ในการค้าขาย, เพื่อใช้ในการเดินทางท่องเที่ยว, เพื่อความสะดวกในการเดินทาง",ยังไม่มีแนวโน้มที่จะซื้อ,รถยนต์ไฮบริด (Hybrid),ความสะดวกในการใช้งาน,3,5,5,4,5,5,5,4,3,5,5,5,5,5,4,4,4,3,3,5,4
"26/7/2026, 16:22:19",หญิง,มากกว่า 60 ปี,1 คน,ปริญญาตรี,พนักงานเอกชน,1-2 คน,คอนโด / อพาร์ตเมนต์ / หอพัก,พักอาศัยกับครอบครัว / ผู้อื่น,มีที่จอดรถส่วนกลาง / เช่า,"25,001-35,000 บาท","ไม่มี (หากตอบ ""ไม่มี"" ให้ข้ามไปตอบตอนที่ 3)",,,,,,"ค่าน้ำมัน, ความคุ้มค่าโดยรวม","500,001-800,000 บาท",เพื่อใช้ในการเดินทางท่องเที่ยว,ยังไม่มีแนวโน้มที่จะซื้อ,รถยนต์ไฟฟ้า (EV),ความสะดวกในการใช้งาน,4,4,4,4,5,5,5,4,5,5,5,5,5,4,4,5,4,5,5,5,5
"26/7/2026, 16:22:19",ชาย,41-50 ปี,ไม่มีบุตร,ม.3,ข้าราชการ,1-2 คน,ทาวน์โฮม / ทาวเฮาท์,เป็นเจ้าของ,มีที่จอดรถส่วนกลาง / เช่า,"25,001-35,000 บาท","ไม่มี (หากตอบ ""ไม่มี"" ให้ข้ามไปตอบตอนที่ 3)",,,,,,ความคุ้มค่าโดยรวม,"800,001-1,200,000 บาท",เพื่อหลีกเลี่ยงปัญหาจากระบบการขนส่งมวลชน,ยังไม่มีแนวโน้มที่จะซื้อ,รถยนต์สันดาป (ดีเซล / เบนซิน),ประหยัดค่าเชื้อเพลิง,5,4,5,4,5,3,5,5,3,4,5,5,5,4,5,5,5,5,5,4,5
"26/7/2026, 16:22:21",หญิง,51-60 ปี,2 คน,ม.3,ข้าราชการ,1-2 คน,คอนโด / อพาร์ตเมนต์ / หอพัก,พักอาศัยกับครอบครัว / ผู้อื่น,มีที่จอดรถส่วนตัว,"35,001-50,000 บาท",มี,ขับนอกเมือง,3-4 วัน / สัปดาห์,71-90 กิโลเมตร,ค่าใช้จ่ายในการซ่อมบำรุง,รถยนต์สันดาป (ดีเซล / เบนซิน),"แบรนด์, ความคุ้มค่าโดยรวม","800,001-1,200,000 บาท","เพื่อใช้ในการเดินทางท่องเที่ยว, เพื่อความสะดวกในการเดินทาง",มีแนวโน้มที่จะซื้อ,รถยนต์สันดาป (ดีเซล / เบนซิน),ค่าบำรุงรักษา,5,5,4,5,5,5,5,3,5,5,4,5,4,5,5,5,3,5,5,5,5
"26/7/2026, 16:22:22",ชาย,51-60 ปี,3 คน,ม.6,ข้าราชการ,1-2 คน,คอนโด / อพาร์ตเมนต์ / หอพัก,พักอาศัยกับครอบครัว / ผู้อื่น,มีที่จอดรถส่วนตัว,"50,001-75,000 บาท",มี,ขับทั้งในเมืองและนอกเมือง,ใช้เป็นครั้งคราว,10-30 กิโลเมตร,ศูนย์บริการและอะไหล่,รถยนต์สันดาป (ดีเซล / เบนซิน),เทคโนโลยีและฟังก์ชันภายในรถ,"500,001-800,000 บาท",เพื่อใช้ในการเดินทางท่องเที่ยว,ยังไม่มีแนวโน้มที่จะซื้อ,รถยนต์สันดาป (ดีเซล / เบนซิน),ความสะดวกในการใช้งาน,3,5,4,3,5,3,4,5,5,3,5,5,5,5,5,5,4,5,4,5,3
"26/7/2026, 16:22:23",หญิง,41-50 ปี,3 คน,ปวช. / ปวส.,พนักงานเอกชน,5 คนขึ้นไป,บ้านเดี่ยว / บ้านแฝด,เป็นเจ้าของ,มีที่จอดรถส่วนตัว,"ต่ำกว่า 15,000 บาท","ไม่มี (หากตอบ ""ไม่มี"" ให้ข้ามไปตอบตอนที่ 3)",,,,,,"ความสามารถในการผ่อนชำระ, รูปลักษณ์ / ดีไซน์, ความคุ้มค่าโดยรวม","800,001-1,200,000 บาท",เพื่อใช้ในการเดินทางท่องเที่ยว,ยังไม่มีแนวโน้มที่จะซื้อ,รถยนต์ไฮบริด (Hybrid),ความสะดวกในการใช้งาน,5,4,5,5,5,3,5,4,4,5,5,5,4,5,5,5,5,5,3,4,5
"26/7/2026, 16:22:24",หญิง,41-50 ปี,2 คน,ปริญญาตรี,พนักงานเอกชน,5 คนขึ้นไป,คอนโด / อพาร์ตเมนต์ / หอพัก,เป็นเจ้าของ,มีที่จอดรถส่วนกลาง / เช่า,"25,001-35,000 บาท",มี,ขับทั้งในเมืองและนอกเมือง,3-4 วัน / สัปดาห์,น้อยกว่า 10 กิโลเมตร,ปั๊มน้ำมัน / สถานีชาร์จ,รถยนต์สันดาป (ดีเซล / เบนซิน),ความคุ้มค่าโดยรวม,"มากกว่า 1,500,000 บาท","เพื่อใช้ในการค้าขาย, เพื่อใช้ในการเดินทางท่องเที่ยว",ยังไม่มีแนวโน้มที่จะซื้อ,รถยนต์สันดาป (ดีเซล / เบนซิน),"ค่าบำรุงรักษา, ความสะดวกในการใช้งาน",4,4,5,3,5,5,3,3,2,5,5,5,4,4,5,5,4,3,5,4,5
"26/7/2026, 16:22:25",ชาย,41-50 ปี,2 คน,ปริญญาตรี,พนักงานเอกชน,1-2 คน,คอนโด / อพาร์ตเมนต์ / หอพัก,พักอาศัยกับครอบครัว / ผู้อื่น,มีที่จอดรถส่วนกลาง / เช่า,"25,001-35,000 บาท",มี,ขับทั้งในเมืองและนอกเมือง,3-4 วัน / สัปดาห์,มากกว่า 90 กิโลเมตร,"ศูนย์บริการและอะไหล่, ค่าใช้จ่ายในการซ่อมบำรุง",รถยนต์สันดาป (ดีเซล / เบนซิน),ความคุ้มค่าโดยรวม,"ต่ำกว่า 500,000 บาท",เพื่อใช้ในการเดินทางท่องเที่ยว,มีแนวโน้มที่จะซื้อ,รถยนต์สันดาป (ดีเซล / เบนซิน),ความสะดวกในการใช้งาน,4,5,5,4,5,5,5,4,5,4,4,4,5,5,4,3,5,4,4,3,5
"26/7/2026, 16:22:26",ชาย,41-50 ปี,ไม่มีบุตร,ปริญญาตรี,พนักงานเอกชน,1-2 คน,คอนโด / อพาร์ตเมนต์ / หอพัก,เป็นเจ้าของ,มีที่จอดรถส่วนกลาง / เช่า,"25,001-35,000 บาท",มี,ขับทั้งในเมืองและนอกเมือง,ใช้เป็นครั้งคราว,น้อยกว่า 10 กิโลเมตร,"ปั๊มน้ำมัน / สถานีชาร์จ, ศูนย์บริการและอะไหล่, อายุการใช้งาน",รถยนต์สันดาป (ดีเซล / เบนซิน),"ราคา, ความสามารถในการผ่อนชำระ, แบรนด์, ความคุ้มค่าโดยรวม","800,001-1,200,000 บาท","เพื่อใช้ในการค้าขาย, เพื่อใช้ในการเดินทางท่องเที่ยว",มีแนวโน้มที่จะซื้อ,รถยนต์ไฮบริด (Hybrid),ความสะดวกในการใช้งาน,4,4,5,5,4,4,5,5,4,5,4,5,4,5,4,3,4,5,3,3,5
"26/7/2026, 16:22:27",ชาย,41-50 ปี,1 คน,ม.6,ข้าราชการ,1-2 คน,คอนโด / อพาร์ตเมนต์ / หอพัก,พักอาศัยกับครอบครัว / ผู้อื่น,มีที่จอดรถส่วนตัว,"35,001-50,000 บาท",มี,ขับทั้งในเมืองและนอกเมือง,ใช้เป็นครั้งคราว,10-30 กิโลเมตร,"ปั๊มน้ำมัน / สถานีชาร์จ, ศูนย์บริการและอะไหล่, ค่าใช้จ่ายในการซ่อมบำรุง",รถยนต์สันดาป (ดีเซล / เบนซิน),"ราคา, การรับประกันและบริการหลังการขาย","800,001-1,200,000 บาท",เพื่อใช้ในการค้าขาย,ยังไม่มีแนวโน้มที่จะซื้อ,รถยนต์ไฟฟ้า (EV),ค่าบำรุงรักษา,5,3,4,4,5,5,5,5,4,5,4,5,5,5,4,5,5,5,5,5,5
"26/7/2026, 16:22:28",หญิง,31-40 ปี,1 คน,ปริญญาตรี,ค้าขาย,5 คนขึ้นไป,คอนโด / อพาร์ตเมนต์ / หอพัก,เป็นเจ้าของ,มีที่จอดรถส่วนตัว,"35,001-50,000 บาท",มี,ขับนอกเมือง,ใช้เป็นครั้งคราว,71-90 กิโลเมตร,"ราคาน้ำมัน, ค่าไฟฟ้า, อายุการใช้งาน",รถยนต์สันดาป (ดีเซล / เบนซิน),การรับประกันและบริการหลังการขาย,"ต่ำกว่า 500,000 บาท",เพื่อหลีกเลี่ยงปัญหาจากระบบการขนส่งมวลชน,มีแนวโน้มที่จะซื้อ,รถยนต์สันดาป (ดีเซล / เบนซิน),ความสะดวกในการใช้งาน,5,4,4,5,5,5,4,3,4,5,3,4,5,4,5,5,4,4,5,5,4
"26/7/2026, 16:22:29",หญิง,41-50 ปี,3 คน,ปริญญาตรี,ข้าราชการ,1-2 คน,คอนโด / อพาร์ตเมนต์ / หอพัก,เป็นเจ้าของ,มีที่จอดรถส่วนตัว,"35,001-50,000 บาท","ไม่มี (หากตอบ ""ไม่มี"" ให้ข้ามไปตอบตอนที่ 3)",,,,,,รูปลักษณ์ / ดีไซน์,"800,001-1,200,000 บาท",เพื่อใช้ในการเดินทางท่องเที่ยว,ยังไม่มีแนวโน้มที่จะซื้อ,รถยนต์ไฮบริด (Hybrid),ความสะดวกในการใช้งาน,5,4,5,5,4,4,5,5,5,5,4,3,4,5,4,5,5,4,5,5,5
"26/7/2026, 16:22:30",ชาย,51-60 ปี,1 คน,ปริญญาตรี,ค้าขาย,5 คนขึ้นไป,คอนโด / อพาร์ตเมนต์ / หอพัก,พักอาศัยกับครอบครัว / ผู้อื่น,มีที่จอดรถส่วนตัว,"15,001-25,000 บาท",มี,ขับในเมือง,3-4 วัน / สัปดาห์,น้อยกว่า 10 กิโลเมตร,ปั๊มน้ำมัน / สถานีชาร์จ,"รถยนต์สันดาป (ดีเซล / เบนซิน), รถยนต์ไฮบริด (Hybrid)","ค่าซ่อมบำรุง, ความคุ้มค่าโดยรวม","800,001-1,200,000 บาท",เพื่อใช้ในการเดินทางท่องเที่ยว,มีแนวโน้มที่จะซื้อ,รถยนต์สันดาป (ดีเซล / เบนซิน),"ความสะดวกในการใช้งาน, เทคโนโลยีและความทันสมัย",3,5,4,5,4,4,5,5,5,5,4,5,5,4,5,5,5,5,5,4,5
"26/7/2026, 16:22:31",หญิง,31-40 ปี,1 คน,ปริญญาตรี,อาชีพอิสระ,1-2 คน,คอนโด / อพาร์ตเมนต์ / หอพัก,เป็นเจ้าของ,มีที่จอดรถส่วนตัว,"35,001-50,000 บาท","ไม่มี (หากตอบ ""ไม่มี"" ให้ข้ามไปตอบตอนที่ 3)",,,,,,รูปลักษณ์ / ดีไซน์,"800,001-1,200,000 บาท",เพื่อใช้ในการเดินทางท่องเที่ยว,ยังไม่มีแนวโน้มที่จะซื้อ,รถยนต์สันดาป (ดีเซล / เบนซิน),ความสะดวกในการใช้งาน,5,5,5,4,5,4,4,5,5,4,4,5,4,5,5,5,4,4,4,5,5
"26/7/2026, 16:22:32",ชาย,31-40 ปี,3 คน,ปริญญาตรี,พนักงานเอกชน,5 คนขึ้นไป,บ้านเดี่ยว / บ้านแฝด,พักอาศัยกับครอบครัว / ผู้อื่น,มีที่จอดรถส่วนตัว,"15,001-25,000 บาท",มี,ขับนอกเมือง,ใช้เป็นครั้งคราว,71-90 กิโลเมตร,ศูนย์บริการและอะไหล่,รถยนต์สันดาป (ดีเซล / เบนซิน),แบรนด์,"500,001-800,000 บาท",เพื่อใช้ในการเดินทางท่องเที่ยว,ยังไม่มีแนวโน้มที่จะซื้อ,รถยนต์สันดาป (ดีเซล / เบนซิน),ความสะดวกในการใช้งาน,4,5,4,5,5,3,5,3,4,4,5,4,4,5,5,5,5,4,4,5,5
"26/7/2026, 16:22:33",หญิง,41-50 ปี,2 คน,ม.3,เจ้าของกิจการ,1-2 คน,คอนโด / อพาร์ตเมนต์ / หอพัก,เป็นเจ้าของ,มีที่จอดรถส่วนตัว,"50,001-75,000 บาท",มี,ขับทั้งในเมืองและนอกเมือง,1-2 วัน / สัปดาห์,10-30 กิโลเมตร,"ศูนย์บริการและอะไหล่, อายุการใช้งาน",รถยนต์สันดาป (ดีเซล / เบนซิน),การรับประกันและบริการหลังการขาย,"800,001-1,200,000 บาท",เพื่อใช้ในการเดินทางท่องเที่ยว,มีแนวโน้มที่จะซื้อ,รถยนต์สันดาป (ดีเซล / เบนซิน),ความสะดวกในการใช้งาน,4,5,4,5,5,4,5,5,4,5,5,4,5,4,5,5,4,5,4,4,5
"26/7/2026, 16:22:35",ชาย,41-50 ปี,3 คน,ปริญญาตรี,พนักงานเอกชน,5 คนขึ้นไป,ทาวน์โฮม / ทาวเฮาท์,เป็นเจ้าของ,มีที่จอดรถส่วนตัว,"25,001-35,000 บาท","ไม่มี (หากตอบ ""ไม่มี"" ให้ข้ามไปตอบตอนที่ 3)",,,,,,ความคุ้มค่าโดยรวม,"ต่ำกว่า 500,000 บาท",เพื่อใช้ในการเดินทางท่องเที่ยว,มีแนวโน้มที่จะซื้อ,รถยนต์ไฮบริด (Hybrid),ความสะดวกในการใช้งาน,5,4,4,4,4,4,4,5,5,4,5,4,5,4,5,5,5,4,5,4,5
"26/7/2026, 16:22:35",หญิง,31-40 ปี,2 คน,ปริญญาโท,ข้าราชการ,5 คนขึ้นไป,คอนโด / อพาร์ตเมนต์ / หอพัก,พักอาศัยกับครอบครัว / ผู้อื่น,มีที่จอดรถส่วนกลาง / เช่า,"35,001-50,000 บาท","ไม่มี (หากตอบ ""ไม่มี"" ให้ข้ามไปตอบตอนที่ 3)",,,,,,ความคุ้มค่าโดยรวม,"500,001-800,000 บาท","เพื่อใช้ในการเดินทางท่องเที่ยว, เพื่อความสะดวกในการเดินทาง",ยังไม่มีแนวโน้มที่จะซื้อ,รถยนต์สันดาป (ดีเซล / เบนซิน),ค่าบำรุงรักษา,4,5,5,5,5,5,2,5,5,5,5,5,5,4,4,5,4,5,5,5,5
"26/7/2026, 16:22:37",หญิง,20-23 ปี,3 คน,ปริญญาตรี,ค้าขาย,5 คนขึ้นไป,ทาวน์โฮม / ทาวเฮาท์,เช่า,มีที่จอดรถส่วนตัว,"35,001-50,000 บาท",มี,ขับทั้งในเมืองและนอกเมือง,1-2 วัน / สัปดาห์,71-90 กิโลเมตร,ปั๊มน้ำมัน / สถานีชาร์จ,รถยนต์สันดาป (ดีเซล / เบนซิน),ความสามารถในการผ่อนชำระ,"500,001-800,000 บาท",เพื่อใช้ในการเดินทางท่องเที่ยว,ยังไม่มีแนวโน้มที่จะซื้อ,รถยนต์สันดาป (ดีเซล / เบนซิน),"ความสะดวกในการใช้งาน, เทคโนโลยีและความทันสมัย",3,5,3,5,3,3,4,4,4,5,5,5,5,5,4,5,4,5,5,5,5
"26/7/2026, 16:22:37",ชาย,51-60 ปี,2 คน,ปริญญาโท,รัฐวิสาหกิจ,1-2 คน,คอนโด / อพาร์ตเมนต์ / หอพัก,เช่า,มีที่จอดรถส่วนตัว,"25,001-35,000 บาท",มี,ขับทั้งในเมืองและนอกเมือง,ใช้เป็นครั้งคราว,10-30 กิโลเมตร,"ปั๊มน้ำมัน / สถานีชาร์จ, ศูนย์บริการและอะไหล่, อายุการใช้งาน, มูลค่าการขายต่อ",รถยนต์ไฮบริด (Hybrid),"แบรนด์, การรับประกันและบริการหลังการขาย","500,001-800,000 บาท","เพื่อความสะดวกในการเดินทาง, เพื่อหลีกเลี่ยงปัญหาจากระบบการขนส่งมวลชน",ยังไม่มีแนวโน้มที่จะซื้อ,รถยนต์สันดาป (ดีเซล / เบนซิน),ความสะดวกในการใช้งาน,5,3,5,5,5,5,4,4,5,5,4,4,3,4,5,5,4,5,5,5,5
"26/7/2026, 16:22:39",หญิง,31-40 ปี,3 คน,ปริญญาตรี,รัฐวิสาหกิจ,1-2 คน,บ้านเดี่ยว / บ้านแฝด,เป็นเจ้าของ,มีที่จอดรถส่วนกลาง / เช่า,"35,001-50,000 บาท",มี,ขับในเมือง,ใช้เป็นครั้งคราว,71-90 กิโลเมตร,"ศูนย์บริการและอะไหล่, อายุการใช้งาน",รถยนต์สันดาป (ดีเซล / เบนซิน),"ความสามารถในการผ่อนชำระ, ค่าน้ำมัน, สมรรถนะในการขับขี่","500,001-800,000 บาท",เพื่อใช้ในการเดินทางท่องเที่ยว,ยังไม่มีแนวโน้มที่จะซื้อ,รถยนต์สันดาป (ดีเซล / เบนซิน),ความสะดวกในการใช้งาน,5,3,5,5,5,5,5,5,4,5,2,3,4,5,4,5,5,3,5,4,5
"26/7/2026, 16:22:40",หญิง,41-50 ปี,ไม่มีบุตร,ม.6,ค้าขาย,1-2 คน,คอนโด / อพาร์ตเมนต์ / หอพัก,พักอาศัยกับครอบครัว / ผู้อื่น,มีที่จอดรถส่วนตัว,"25,001-35,000 บาท",มี,ขับทั้งในเมืองและนอกเมือง,3-4 วัน / สัปดาห์,น้อยกว่า 10 กิโลเมตร,"ปั๊มน้ำมัน / สถานีชาร์จ, ค่าใช้จ่ายในการซ่อมบำรุง",รถยนต์สันดาป (ดีเซล / เบนซิน),"ราคา, รูปลักษณ์ / ดีไซน์, ความคุ้มค่าโดยรวม","1,200,000-1,500,000 บาท",เพื่อใช้ในการเดินทางท่องเที่ยว,ยังไม่มีแนวโน้มที่จะซื้อ,รถยนต์ไฮบริด (Hybrid),ความสะดวกในการใช้งาน,4,5,4,5,5,5,5,5,3,5,2,3,4,5,5,5,4,4,4,4,4
"26/7/2026, 16:22:41",ชาย,51-60 ปี,ไม่มีบุตร,ปริญญาตรี,รัฐวิสาหกิจ,5 คนขึ้นไป,คอนโด / อพาร์ตเมนต์ / หอพัก,เป็นเจ้าของ,มีที่จอดรถส่วนกลาง / เช่า,"50,001-75,000 บาท",มี,ขับทั้งในเมืองและนอกเมือง,3-4 วัน / สัปดาห์,10-30 กิโลเมตร,"ค่าใช้จ่ายในการซ่อมบำรุง, มูลค่าการขายต่อ",รถยนต์สันดาป (ดีเซล / เบนซิน),ความคุ้มค่าโดยรวม,"800,001-1,200,000 บาท",เพื่อความสะดวกในการเดินทาง,ยังไม่มีแนวโน้มที่จะซื้อ,รถยนต์ไฟฟ้า (EV),ความสะดวกในการใช้งาน,5,5,5,4,5,5,5,4,5,5,4,5,4,3,5,5,5,3,4,4,4
"26/7/2026, 16:22:42",หญิง,27-30 ปี,2 คน,ปริญญาตรี,ข้าราชการ,1-2 คน,ทาวน์โฮม / ทาวเฮาท์,เป็นเจ้าของ,มีที่จอดรถส่วนตัว,"35,001-50,000 บาท",มี,ขับทั้งในเมืองและนอกเมือง,3-4 วัน / สัปดาห์,น้อยกว่า 10 กิโลเมตร,"ศูนย์บริการและอะไหล่, ค่าใช้จ่ายในการซ่อมบำรุง",รถยนต์ไฮบริด (Hybrid),การรับประกันและบริการหลังการขาย,"มากกว่า 1,500,000 บาท",เพื่อใช้ในการค้าขาย,ยังไม่มีแนวโน้มที่จะซื้อ,รถยนต์สันดาป (ดีเซล / เบนซิน),ความสะดวกในการใช้งาน,4,5,5,5,4,5,2,3,5,3,5,3,3,5,4,4,4,5,4,4,5
"26/7/2026, 16:22:43",ชาย,51-60 ปี,3 คน,ปริญญาตรี,ข้าราชการ,1-2 คน,คอนโด / อพาร์ตเมนต์ / หอพัก,เป็นเจ้าของ,มีที่จอดรถส่วนตัว,"25,001-35,000 บาท","ไม่มี (หากตอบ ""ไม่มี"" ให้ข้ามไปตอบตอนที่ 3)",,,,,,ราคา,"500,001-800,000 บาท",เพื่อหลีกเลี่ยงปัญหาจากระบบการขนส่งมวลชน,ยังไม่มีแนวโน้มที่จะซื้อ,รถยนต์สันดาป (ดีเซล / เบนซิน),ความสะดวกในการใช้งาน,5,5,4,5,5,4,5,4,4,5,4,4,5,4,5,4,4,4,5,3,5
"26/7/2026, 16:22:44",ชาย,มากกว่า 60 ปี,ไม่มีบุตร,ม.3,ข้าราชการ,5 คนขึ้นไป,คอนโด / อพาร์ตเมนต์ / หอพัก,เป็นเจ้าของ,มีที่จอดรถส่วนกลาง / เช่า,"50,001-75,000 บาท","ไม่มี (หากตอบ ""ไม่มี"" ให้ข้ามไปตอบตอนที่ 3)",,,,,,ความคุ้มค่าโดยรวม,"500,001-800,000 บาท",เพื่อใช้ในการเดินทางท่องเที่ยว,มีแนวโน้มที่จะซื้อ,รถยนต์สันดาป (ดีเซล / เบนซิน),"ราคาซื้อเริ่มต้น, ความสะดวกในการใช้งาน",5,5,2,5,5,5,5,5,4,5,5,4,5,5,5,5,4,4,5,4,3
"26/7/2026, 16:22:45",ชาย,27-30 ปี,3 คน,ปริญญาโท,พนักงานเอกชน,1-2 คน,คอนโด / อพาร์ตเมนต์ / หอพัก,พักอาศัยกับครอบครัว / ผู้อื่น,มีที่จอดรถส่วนตัว,"25,001-35,000 บาท","ไม่มี (หากตอบ ""ไม่มี"" ให้ข้ามไปตอบตอนที่ 3)",,,,,,ความคุ้มค่าโดยรวม,"800,001-1,200,000 บาท",เพื่อใช้ในการเดินทางท่องเที่ยว,มีแนวโน้มที่จะซื้อ,รถยนต์ไฟฟ้า (EV),ค่าบำรุงรักษา,5,4,4,5,5,3,5,4,4,4,5,5,5,5,4,3,4,5,4,5,3
"26/7/2026, 16:22:46",หญิง,51-60 ปี,ไม่มีบุตร,ปริญญาตรี,เจ้าของกิจการ,5 คนขึ้นไป,คอนโด / อพาร์ตเมนต์ / หอพัก,เช่า,มีที่จอดรถส่วนกลาง / เช่า,"15,001-25,000 บาท",มี,ขับทั้งในเมืองและนอกเมือง,1-2 วัน / สัปดาห์,10-30 กิโลเมตร,ปั๊มน้ำมัน / สถานีชาร์จ,รถยนต์สันดาป (ดีเซล / เบนซิน),ความคุ้มค่าโดยรวม,"500,001-800,000 บาท",เพื่อใช้ในการเดินทางท่องเที่ยว,ยังไม่มีแนวโน้มที่จะซื้อ,รถยนต์ไฮบริด (Hybrid),"ค่าบำรุงรักษา, ความสะดวกในการใช้งาน",5,3,5,4,3,4,5,4,5,5,5,4,5,5,5,3,4,5,3,4,4
"26/7/2026, 16:22:47",ชาย,51-60 ปี,1 คน,ม.3,พนักงานเอกชน,1-2 คน,คอนโด / อพาร์ตเมนต์ / หอพัก,พักอาศัยกับครอบครัว / ผู้อื่น,มีที่จอดรถส่วนกลาง / เช่า,"15,001-25,000 บาท","ไม่มี (หากตอบ ""ไม่มี"" ให้ข้ามไปตอบตอนที่ 3)",,,,,,"ค่าซ่อมบำรุง, แบรนด์","800,001-1,200,000 บาท",เพื่อใช้ในการค้าขาย,มีแนวโน้มที่จะซื้อ,รถยนต์สันดาป (ดีเซล / เบนซิน),ความสะดวกในการใช้งาน,4,5,5,3,4,3,4,5,5,4,4,4,4,5,5,5,5,5,5,4,4
"26/7/2026, 16:22:48",ชาย,41-50 ปี,1 คน,ปริญญาตรี,รัฐวิสาหกิจ,1-2 คน,คอนโด / อพาร์ตเมนต์ / หอพัก,เป็นเจ้าของ,มีที่จอดรถส่วนกลาง / เช่า,"มากกว่า 75,000","ไม่มี (หากตอบ ""ไม่มี"" ให้ข้ามไปตอบตอนที่ 3)",,,,,,การรับประกันและบริการหลังการขาย,"500,001-800,000 บาท",เพื่อใช้ในการเดินทางท่องเที่ยว,ยังไม่มีแนวโน้มที่จะซื้อ,รถยนต์สันดาป (ดีเซล / เบนซิน),ความสะดวกในการใช้งาน,4,4,4,5,5,5,3,5,3,5,5,5,5,2,5,3,4,4,5,5,5
"26/7/2026, 16:22:49",ชาย,27-30 ปี,3 คน,ปริญญาโท,รัฐวิสาหกิจ,5 คนขึ้นไป,ทาวน์โฮม / ทาวเฮาท์,พักอาศัยกับครอบครัว / ผู้อื่น,มีที่จอดรถส่วนกลาง / เช่า,"35,001-50,000 บาท","ไม่มี (หากตอบ ""ไม่มี"" ให้ข้ามไปตอบตอนที่ 3)",,,,,,การรับประกันและบริการหลังการขาย,"800,001-1,200,000 บาท","เพื่อใช้ในการค้าขาย, เพื่อใช้ในการเดินทางท่องเที่ยว",ยังไม่มีแนวโน้มที่จะซื้อ,รถยนต์สันดาป (ดีเซล / เบนซิน),ความสะดวกในการใช้งาน,4,5,4,4,5,5,5,3,5,4,5,5,4,5,3,5,4,4,4,4,4
"26/7/2026, 17:16:45",ชาย,24-26 ปี,ไม่มีบุตร,ปริญญาตรี,พนักงานเอกชน,1-2 คน,บ้านเดี่ยว / บ้านแฝด,เป็นเจ้าของ,มีที่จอดรถส่วนกลาง / เช่า,"15,001-25,000 บาท","ไม่มี (หากตอบ ""ไม่มี"" ให้ข้ามไปตอบตอนที่ 3)",,,,,,ราคา,"1,200,000-1,500,000 บาท",เพื่อความสะดวกในการเดินทาง,มีแนวโน้มที่จะซื้อ,รถยนต์สันดาป (ดีเซล / เบนซิน),ความสะดวกในการใช้งาน,2,5,4,5,5,5,3,4,5,4,5,4,4,5,5,4,4,5,3,3,5
"26/7/2026, 17:16:46",หญิง,24-26 ปี,1 คน,ปวช. / ปวส.,พนักงานเอกชน,5 คนขึ้นไป,บ้านเดี่ยว / บ้านแฝด,พักอาศัยกับครอบครัว / ผู้อื่น,มีที่จอดรถส่วนตัว,"15,001-25,000 บาท",มี,ขับทั้งในเมืองและนอกเมือง,ใช้งานทุกวัน,51-70 กิโลเมตร,ราคาน้ำมัน,รถยนต์ไฮบริด (Hybrid),ค่าซ่อมบำรุง,"1,200,000-1,500,000 บาท",เพื่อใช้ในการค้าขาย,ยังไม่มีแนวโน้มที่จะซื้อ,รถยนต์ไฮบริด (Hybrid),ความสะดวกในการใช้งาน,4,5,4,5,5,5,5,4,5,2,4,5,5,5,5,4,3,5,4,4,3
"26/7/2026, 17:16:48",ชาย,มากกว่า 60 ปี,1 คน,ต่ำกว่า ม.3,อาชีพอิสระ,1-2 คน,บ้านเดี่ยว / บ้านแฝด,พักอาศัยกับครอบครัว / ผู้อื่น,มีที่จอดรถส่วนตัว,"25,001-35,000 บาท","ไม่มี (หากตอบ ""ไม่มี"" ให้ข้ามไปตอบตอนที่ 3)",,,,,,ราคา,"800,001-1,200,000 บาท",เพื่อใช้ในการค้าขาย,ยังไม่มีแนวโน้มที่จะซื้อ,รถยนต์ไฮบริด (Hybrid),ความสะดวกในการใช้งาน,3,5,5,5,3,5,5,4,4,5,5,4,4,5,4,4,4,5,4,5,3
"26/7/2026, 17:16:50",หญิง,24-26 ปี,1 คน,ปริญญาโท,อาชีพอิสระ,1-2 คน,บ้านเดี่ยว / บ้านแฝด,เช่า,ไม่มีที่จอดรถ,"25,001-35,000 บาท",มี,ขับในเมือง,3-4 วัน / สัปดาห์,51-70 กิโลเมตร,"ราคาน้ำมัน, มูลค่าการขายต่อ","รถยนต์ไฮบริด (Hybrid), รถยนต์ไฟฟ้า (EV)",ราคา,"800,001-1,200,000 บาท",เพื่อความสะดวกในการเดินทาง,ยังไม่มีแนวโน้มที่จะซื้อ,รถยนต์ไฟฟ้า (EV),"ความสะดวกในการใช้งาน, เทคโนโลยีและความทันสมัย",5,4,5,5,4,4,4,5,5,4,4,4,4,5,3,5,5,5,4,5,5
"26/7/2026, 17:16:53",หญิง,27-30 ปี,3 คน,ปริญญาตรี,พนักงานเอกชน,3-4 คน,บ้านเดี่ยว / บ้านแฝด,เช่า,ไม่มีที่จอดรถ,"35,001-50,000 บาท","ไม่มี (หากตอบ ""ไม่มี"" ให้ข้ามไปตอบตอนที่ 3)",,,,,,ความสามารถในการผ่อนชำระ,"800,001-1,200,000 บาท","เพื่อใช้ในการเดินทางท่องเที่ยว, เพื่อความสะดวกในการเดินทาง",ยังไม่มีแนวโน้มที่จะซื้อ,รถยนต์สันดาป (ดีเซล / เบนซิน),ความสะดวกในการใช้งาน,5,5,5,4,4,5,3,5,3,4,5,5,4,4,5,4,5,5,5,5,5
"26/7/2026, 17:16:54",หญิง,27-30 ปี,ไม่มีบุตร,ปริญญาเอก,พนักงานเอกชน,3-4 คน,บ้านเดี่ยว / บ้านแฝด,เป็นเจ้าของ,มีที่จอดรถส่วนกลาง / เช่า,"50,001-75,000 บาท","ไม่มี (หากตอบ ""ไม่มี"" ให้ข้ามไปตอบตอนที่ 3)",,,,,,"สมรรถนะในการขับขี่, แบรนด์","มากกว่า 1,500,000 บาท",เพื่อใช้ในการเดินทางท่องเที่ยว,ยังไม่มีแนวโน้มที่จะซื้อ,รถยนต์ไฮบริด (Hybrid),ความสะดวกในการใช้งาน,5,4,3,4,4,4,4,4,5,5,4,5,5,4,4,5,4,5,5,5,3
"26/7/2026, 17:16:55",ชาย,31-40 ปี,ไม่มีบุตร,ปวช. / ปวส.,ค้าขาย,1-2 คน,บ้านเดี่ยว / บ้านแฝด,พักอาศัยกับครอบครัว / ผู้อื่น,มีที่จอดรถส่วนกลาง / เช่า,"25,001-35,000 บาท","ไม่มี (หากตอบ ""ไม่มี"" ให้ข้ามไปตอบตอนที่ 3)",,,,,,"ราคา, ค่าน้ำมัน","มากกว่า 1,500,000 บาท",เพื่อความสะดวกในการเดินทาง,ยังไม่มีแนวโน้มที่จะซื้อ,รถยนต์ไฟฟ้า (EV),ความสะดวกในการใช้งาน,4,5,5,4,4,4,5,4,5,5,4,4,5,5,5,3,5,5,4,5,5
"26/7/2026, 17:16:56",หญิง,24-26 ปี,2 คน,ปริญญาตรี,นักเรียน / นักศึกษา,1-2 คน,บ้านเดี่ยว / บ้านแฝด,เช่า,ไม่มีที่จอดรถ,"25,001-35,000 บาท","ไม่มี (หากตอบ ""ไม่มี"" ให้ข้ามไปตอบตอนที่ 3)",,,,,,ราคา,"มากกว่า 1,500,000 บาท",เพื่อความสะดวกในการเดินทาง,ยังไม่มีแนวโน้มที่จะซื้อ,รถยนต์ไฮบริด (Hybrid),ความสะดวกในการใช้งาน,5,3,5,4,4,4,4,4,3,4,4,4,5,5,3,4,5,5,3,5,3
"26/7/2026, 17:16:57",ชาย,27-30 ปี,1 คน,ปริญญาเอก,พนักงานเอกชน,1-2 คน,บ้านเดี่ยว / บ้านแฝด,พักอาศัยกับครอบครัว / ผู้อื่น,ไม่มีที่จอดรถ,"25,001-35,000 บาท","ไม่มี (หากตอบ ""ไม่มี"" ให้ข้ามไปตอบตอนที่ 3)",,,,,,ความสามารถในการผ่อนชำระ,"มากกว่า 1,500,000 บาท",เพื่อความสะดวกในการเดินทาง,ยังไม่มีแนวโน้มที่จะซื้อ,รถยนต์ไฟฟ้า (EV),ความสะดวกในการใช้งาน,5,4,3,5,5,5,4,5,5,4,5,3,5,4,4,4,5,4,5,4,5
"26/7/2026, 17:16:59",ชาย,มากกว่า 60 ปี,2 คน,ต่ำกว่า ม.3,เจ้าของกิจการ,3-4 คน,คอนโด / อพาร์ตเมนต์ / หอพัก,พักอาศัยกับครอบครัว / ผู้อื่น,มีที่จอดรถส่วนกลาง / เช่า,"50,001-75,000 บาท",มี,ขับทั้งในเมืองและนอกเมือง,ใช้เป็นครั้งคราว,มากกว่า 90 กิโลเมตร,ราคาน้ำมัน,รถยนต์สันดาป (ดีเซล / เบนซิน),"ค่าซ่อมบำรุง, สมรรถนะในการขับขี่","1,200,000-1,500,000 บาท",เพื่อความสะดวกในการเดินทาง,ยังไม่มีแนวโน้มที่จะซื้อ,รถยนต์สันดาป (ดีเซล / เบนซิน),ความสะดวกในการใช้งาน,4,5,4,4,4,4,5,5,5,3,5,5,4,5,5,5,3,4,5,4,4
"26/7/2026, 17:17:01",ชาย,51-60 ปี,ไม่มีบุตร,ม.6,เจ้าของกิจการ,5 คนขึ้นไป,คอนโด / อพาร์ตเมนต์ / หอพัก,เช่า,มีที่จอดรถส่วนตัว,"ต่ำกว่า 15,000 บาท",มี,ขับนอกเมือง,ใช้งานทุกวัน,51-70 กิโลเมตร,ราคาน้ำมัน,รถยนต์สันดาป (ดีเซล / เบนซิน),ราคา,"800,001-1,200,000 บาท","เพื่อความสะดวกในการเดินทาง, เพื่อหลีกเลี่ยงปัญหาจากระบบการขนส่งมวลชน",ยังไม่มีแนวโน้มที่จะซื้อ,รถยนต์สันดาป (ดีเซล / เบนซิน),ความสะดวกในการใช้งาน,3,4,3,5,5,5,3,5,5,3,5,5,2,4,5,5,5,4,5,5,4
"26/7/2026, 17:17:03",หญิง,31-40 ปี,2 คน,ปริญญาตรี,ข้าราชการ,1-2 คน,บ้านเดี่ยว / บ้านแฝด,พักอาศัยกับครอบครัว / ผู้อื่น,มีที่จอดรถส่วนตัว,"50,001-75,000 บาท","ไม่มี (หากตอบ ""ไม่มี"" ให้ข้ามไปตอบตอนที่ 3)",,,,,,"ราคา, ความคุ้มค่าโดยรวม","มากกว่า 1,500,000 บาท","เพื่อใช้ในการเดินทางไปทำงาน, เพื่อความสะดวกในการเดินทาง",ยังไม่มีแนวโน้มที่จะซื้อ,รถยนต์สันดาป (ดีเซล / เบนซิน),ความสะดวกในการใช้งาน,4,5,5,5,2,3,4,3,5,5,4,4,5,4,4,5,5,5,5,5,5
"26/7/2026, 17:17:05",ชาย,31-40 ปี,2 คน,ปริญญาตรี,พนักงานเอกชน,1-2 คน,บ้านเดี่ยว / บ้านแฝด,พักอาศัยกับครอบครัว / ผู้อื่น,มีที่จอดรถส่วนกลาง / เช่า,"15,001-25,000 บาท",มี,ขับทั้งในเมืองและนอกเมือง,5-6 วัน / สัปดาห์,มากกว่า 90 กิโลเมตร,ราคาน้ำมัน,รถยนต์สันดาป (ดีเซล / เบนซิน),ราคา,"มากกว่า 1,500,000 บาท",เพื่อความสะดวกในการเดินทาง,ยังไม่มีแนวโน้มที่จะซื้อ,รถยนต์สันดาป (ดีเซล / เบนซิน),ราคาซื้อเริ่มต้น,4,4,4,4,5,4,5,5,4,4,4,3,5,5,5,4,3,3,5,5,4
"26/7/2026, 17:17:06",ชาย,มากกว่า 60 ปี,3 คน,ม.6,เจ้าของกิจการ,1-2 คน,บ้านเดี่ยว / บ้านแฝด,เช่า,มีที่จอดรถส่วนกลาง / เช่า,"มากกว่า 75,000","ไม่มี (หากตอบ ""ไม่มี"" ให้ข้ามไปตอบตอนที่ 3)",,,,,,ค่าซ่อมบำรุง,"มากกว่า 1,500,000 บาท",เพื่อความสะดวกในการเดินทาง,ยังไม่มีแนวโน้มที่จะซื้อ,รถยนต์ไฟฟ้า (EV),ความสะดวกในการใช้งาน,5,5,3,3,5,4,5,4,3,5,3,4,4,4,4,5,5,4,5,5,5
"26/7/2026, 17:17:08",ชาย,31-40 ปี,1 คน,ปริญญาตรี,เจ้าของกิจการ,5 คนขึ้นไป,บ้านเดี่ยว / บ้านแฝด,เป็นเจ้าของ,มีที่จอดรถส่วนกลาง / เช่า,"15,001-25,000 บาท","ไม่มี (หากตอบ ""ไม่มี"" ให้ข้ามไปตอบตอนที่ 3)",,,,,,ราคา,"มากกว่า 1,500,000 บาท","เพื่อความสะดวกในการเดินทาง, เพื่อหลีกเลี่ยงปัญหาจากระบบการขนส่งมวลชน",ยังไม่มีแนวโน้มที่จะซื้อ,รถยนต์สันดาป (ดีเซล / เบนซิน),"ราคาซื้อเริ่มต้น, ความสะดวกในการใช้งาน",3,4,5,5,3,4,4,5,4,5,4,5,5,5,5,5,5,4,5,4,5
"26/7/2026, 17:17:10",ชาย,27-30 ปี,1 คน,ปริญญาโท,พนักงานเอกชน,3-4 คน,บ้านเดี่ยว / บ้านแฝด,พักอาศัยกับครอบครัว / ผู้อื่น,มีที่จอดรถส่วนกลาง / เช่า,"15,001-25,000 บาท","ไม่มี (หากตอบ ""ไม่มี"" ให้ข้ามไปตอบตอนที่ 3)",,,,,,"ราคา, ค่าน้ำมัน","มากกว่า 1,500,000 บาท","เพื่อใช้ในการเดินทางท่องเที่ยว, เพื่อความสะดวกในการเดินทาง",ยังไม่มีแนวโน้มที่จะซื้อ,รถยนต์ไฟฟ้า (EV),เทคโนโลยีและความทันสมัย,5,3,5,5,5,5,3,5,4,5,4,5,5,4,5,3,5,5,4,3,5
"26/7/2026, 17:17:12",หญิง,27-30 ปี,ไม่มีบุตร,ปริญญาโท,พนักงานเอกชน,5 คนขึ้นไป,คอนโด / อพาร์ตเมนต์ / หอพัก,พักอาศัยกับครอบครัว / ผู้อื่น,มีที่จอดรถส่วนกลาง / เช่า,"15,001-25,000 บาท","ไม่มี (หากตอบ ""ไม่มี"" ให้ข้ามไปตอบตอนที่ 3)",,,,,,"ราคา, ความสามารถในการผ่อนชำระ","มากกว่า 1,500,000 บาท",เพื่อความสะดวกในการเดินทาง,ยังไม่มีแนวโน้มที่จะซื้อ,รถยนต์ไฮบริด (Hybrid),ความสะดวกในการใช้งาน,5,5,4,5,5,5,4,5,4,4,5,4,4,4,5,3,5,5,5,5,4
"26/7/2026, 17:17:14",ชาย,27-30 ปี,ไม่มีบุตร,ปริญญาโท,เจ้าของกิจการ,3-4 คน,ทาวน์โฮม / ทาวเฮาท์,พักอาศัยกับครอบครัว / ผู้อื่น,ไม่มีที่จอดรถ,"มากกว่า 75,000",มี,ขับทั้งในเมืองและนอกเมือง,3-4 วัน / สัปดาห์,31-50 กิโลเมตร,ราคาน้ำมัน,รถยนต์สันดาป (ดีเซล / เบนซิน),"ค่าซ่อมบำรุง, สมรรถนะในการขับขี่","500,001-800,000 บาท",เพื่อความสะดวกในการเดินทาง,ยังไม่มีแนวโน้มที่จะซื้อ,รถยนต์ไฮบริด (Hybrid),"ความสะดวกในการใช้งาน, เทคโนโลยีและความทันสมัย",5,4,4,5,4,5,5,4,5,5,4,5,5,5,5,5,5,5,5,4,4
"26/7/2026, 17:17:16",ชาย,31-40 ปี,3 คน,ปริญญาโท,พนักงานเอกชน,5 คนขึ้นไป,คอนโด / อพาร์ตเมนต์ / หอพัก,พักอาศัยกับครอบครัว / ผู้อื่น,มีที่จอดรถส่วนกลาง / เช่า,"ต่ำกว่า 15,000 บาท","ไม่มี (หากตอบ ""ไม่มี"" ให้ข้ามไปตอบตอนที่ 3)",,,,,,"ค่าไฟฟ้า, ค่าซ่อมบำรุง","มากกว่า 1,500,000 บาท",เพื่อความสะดวกในการเดินทาง,ยังไม่มีแนวโน้มที่จะซื้อ,รถยนต์สันดาป (ดีเซล / เบนซิน),ความสะดวกในการใช้งาน,5,5,5,5,4,5,3,5,5,4,5,5,5,4,3,5,2,4,4,5,4
"26/7/2026, 17:17:17",ชาย,24-26 ปี,1 คน,ปริญญาตรี,อาชีพอิสระ,3-4 คน,บ้านเดี่ยว / บ้านแฝด,พักอาศัยกับครอบครัว / ผู้อื่น,ไม่มีที่จอดรถ,"15,001-25,000 บาท","ไม่มี (หากตอบ ""ไม่มี"" ให้ข้ามไปตอบตอนที่ 3)",,,,,,"ราคา, ค่าซ่อมบำรุง","1,200,000-1,500,000 บาท",เพื่อหลีกเลี่ยงปัญหาจากระบบการขนส่งมวลชน,ยังไม่มีแนวโน้มที่จะซื้อ,รถยนต์สันดาป (ดีเซล / เบนซิน),ความสะดวกในการใช้งาน,4,5,5,4,5,5,4,4,5,4,5,4,4,4,5,4,4,4,5,4,4
"26/7/2026, 17:17:19",ชาย,24-26 ปี,1 คน,ปริญญาตรี,พนักงานเอกชน,3-4 คน,บ้านเดี่ยว / บ้านแฝด,พักอาศัยกับครอบครัว / ผู้อื่น,ไม่มีที่จอดรถ,"25,001-35,000 บาท",มี,ขับนอกเมือง,3-4 วัน / สัปดาห์,31-50 กิโลเมตร,"ค่าไฟฟ้า, ปั๊มน้ำมัน / สถานีชาร์จ",รถยนต์สันดาป (ดีเซล / เบนซิน),ราคา,"มากกว่า 1,500,000 บาท",เพื่อความสะดวกในการเดินทาง,ยังไม่มีแนวโน้มที่จะซื้อ,รถยนต์ไฮบริด (Hybrid),ความสะดวกในการใช้งาน,5,4,4,5,5,5,5,4,5,5,3,4,4,4,5,5,5,5,4,5,3
"26/7/2026, 17:17:20",ชาย,27-30 ปี,1 คน,ปริญญาตรี,พนักงานเอกชน,5 คนขึ้นไป,ทาวน์โฮม / ทาวเฮาท์,พักอาศัยกับครอบครัว / ผู้อื่น,มีที่จอดรถส่วนตัว,"ต่ำกว่า 15,000 บาท","ไม่มี (หากตอบ ""ไม่มี"" ให้ข้ามไปตอบตอนที่ 3)",,,,,,ราคา,"800,001-1,200,000 บาท",เพื่อใช้ในการเดินทางไปทำงาน,ยังไม่มีแนวโน้มที่จะซื้อ,รถยนต์สันดาป (ดีเซล / เบนซิน),ความสะดวกในการใช้งาน,4,5,5,4,5,5,5,5,4,3,2,5,4,5,5,4,4,5,5,5,5
"26/7/2026, 17:17:22",หญิง,24-26 ปี,1 คน,ปริญญาเอก,พนักงานเอกชน,1-2 คน,ทาวน์โฮม / ทาวเฮาท์,เช่า,มีที่จอดรถส่วนกลาง / เช่า,"15,001-25,000 บาท","ไม่มี (หากตอบ ""ไม่มี"" ให้ข้ามไปตอบตอนที่ 3)",,,,,,ค่าไฟฟ้า,"มากกว่า 1,500,000 บาท",เพื่อหลีกเลี่ยงปัญหาจากระบบการขนส่งมวลชน,ยังไม่มีแนวโน้มที่จะซื้อ,รถยนต์สันดาป (ดีเซล / เบนซิน),"ประหยัดค่าเชื้อเพลิง, ความสะดวกในการใช้งาน",5,5,4,4,5,5,5,5,4,4,5,5,3,5,4,4,5,4,4,5,3
"26/7/2026, 17:17:24",หญิง,20-23 ปี,1 คน,ปริญญาตรี,นักเรียน / นักศึกษา,5 คนขึ้นไป,บ้านเดี่ยว / บ้านแฝด,เช่า,มีที่จอดรถส่วนกลาง / เช่า,"15,001-25,000 บาท","ไม่มี (หากตอบ ""ไม่มี"" ให้ข้ามไปตอบตอนที่ 3)",,,,,,ราคา,"มากกว่า 1,500,000 บาท",เพื่อใช้ในการค้าขาย,ยังไม่มีแนวโน้มที่จะซื้อ,รถยนต์ไฟฟ้า (EV),"ประหยัดค่าเชื้อเพลิง, ความสะดวกในการใช้งาน, เทคโนโลยีและความทันสมัย",4,3,4,5,5,5,4,5,5,2,5,5,5,4,5,5,4,5,5,5,4
"26/7/2026, 17:17:26",ชาย,มากกว่า 60 ปี,1 คน,ปริญญาตรี,ค้าขาย,3-4 คน,บ้านเดี่ยว / บ้านแฝด,เช่า,ไม่มีที่จอดรถ,"ต่ำกว่า 15,000 บาท",มี,ขับนอกเมือง,ใช้เป็นครั้งคราว,10-30 กิโลเมตร,ราคาน้ำมัน,รถยนต์สันดาป (ดีเซล / เบนซิน),ค่าซ่อมบำรุง,"500,001-800,000 บาท",เพื่อความสะดวกในการเดินทาง,ยังไม่มีแนวโน้มที่จะซื้อ,รถยนต์สันดาป (ดีเซล / เบนซิน),ความสะดวกในการใช้งาน,4,5,5,3,5,5,4,4,4,4,5,4,5,5,4,5,4,5,5,3,5
"26/7/2026, 17:17:27",ชาย,27-30 ปี,ไม่มีบุตร,ปริญญาโท,ข้าราชการ,5 คนขึ้นไป,บ้านเดี่ยว / บ้านแฝด,เช่า,ไม่มีที่จอดรถ,"ต่ำกว่า 15,000 บาท","ไม่มี (หากตอบ ""ไม่มี"" ให้ข้ามไปตอบตอนที่ 3)",,,,,,ราคา,"มากกว่า 1,500,000 บาท",เพื่อความสะดวกในการเดินทาง,ยังไม่มีแนวโน้มที่จะซื้อ,รถยนต์ไฮบริด (Hybrid),"ประหยัดค่าเชื้อเพลิง, ความสะดวกในการใช้งาน",3,5,5,5,5,5,5,4,5,4,5,5,5,5,5,4,5,5,5,5,5
"26/7/2026, 17:17:29",ชาย,20-23 ปี,ไม่มีบุตร,ปวช. / ปวส.,ค้าขาย,1-2 คน,บ้านเดี่ยว / บ้านแฝด,พักอาศัยกับครอบครัว / ผู้อื่น,มีที่จอดรถส่วนกลาง / เช่า,"35,001-50,000 บาท","ไม่มี (หากตอบ ""ไม่มี"" ให้ข้ามไปตอบตอนที่ 3)",,,,,,ราคา,"มากกว่า 1,500,000 บาท",เพื่อใช้ในการเดินทางท่องเที่ยว,ยังไม่มีแนวโน้มที่จะซื้อ,รถยนต์ไฟฟ้า (EV),ความสะดวกในการใช้งาน,5,5,4,4,4,5,4,4,3,4,4,5,5,5,5,5,5,4,5,4,5
"26/7/2026, 17:17:31",หญิง,27-30 ปี,1 คน,ปริญญาโท,นักเรียน / นักศึกษา,5 คนขึ้นไป,บ้านเดี่ยว / บ้านแฝด,เช่า,มีที่จอดรถส่วนตัว,"ต่ำกว่า 15,000 บาท","ไม่มี (หากตอบ ""ไม่มี"" ให้ข้ามไปตอบตอนที่ 3)",,,,,,ราคา,"มากกว่า 1,500,000 บาท","เพื่อใช้ในการค้าขาย, เพื่อความสะดวกในการเดินทาง",ยังไม่มีแนวโน้มที่จะซื้อ,รถยนต์ไฮบริด (Hybrid),ความสะดวกในการใช้งาน,4,3,5,3,4,5,4,5,5,4,5,5,4,5,5,5,5,5,5,5,5
"26/7/2026, 17:17:32",ชาย,20-23 ปี,2 คน,ปริญญาตรี,พนักงานเอกชน,3-4 คน,บ้านเดี่ยว / บ้านแฝด,พักอาศัยกับครอบครัว / ผู้อื่น,มีที่จอดรถส่วนกลาง / เช่า,"ต่ำกว่า 15,000 บาท","ไม่มี (หากตอบ ""ไม่มี"" ให้ข้ามไปตอบตอนที่ 3)",,,,,,ค่าซ่อมบำรุง,"800,001-1,200,000 บาท","เพื่อใช้ในการเดินทางไปทำงาน, เพื่อความสะดวกในการเดินทาง",มีแนวโน้มที่จะซื้อ,รถยนต์ไฮบริด (Hybrid),ความสะดวกในการใช้งาน,4,5,4,5,3,5,2,4,4,3,4,5,4,5,5,5,5,4,4,4,5
"26/7/2026, 17:17:33",หญิง,27-30 ปี,ไม่มีบุตร,ปริญญาตรี,พนักงานเอกชน,1-2 คน,บ้านเดี่ยว / บ้านแฝด,เป็นเจ้าของ,มีที่จอดรถส่วนตัว,"25,001-35,000 บาท",มี,ขับนอกเมือง,ใช้เป็นครั้งคราว,31-50 กิโลเมตร,"ราคาน้ำมัน, ปั๊มน้ำมัน / สถานีชาร์จ",รถยนต์สันดาป (ดีเซล / เบนซิน),ค่าซ่อมบำรุง,"800,001-1,200,000 บาท",เพื่อความสะดวกในการเดินทาง,ยังไม่มีแนวโน้มที่จะซื้อ,รถยนต์ไฟฟ้า (EV),"ความสะดวกในการใช้งาน, เทคโนโลยีและความทันสมัย",4,5,5,4,4,5,5,3,5,5,4,3,5,5,5,5,4,5,3,5,5
"26/7/2026, 17:17:35",หญิง,41-50 ปี,1 คน,ม.6,เจ้าของกิจการ,3-4 คน,ทาวน์โฮม / ทาวเฮาท์,พักอาศัยกับครอบครัว / ผู้อื่น,มีที่จอดรถส่วนตัว,"50,001-75,000 บาท",มี,ขับในเมือง,ใช้เป็นครั้งคราว,10-30 กิโลเมตร,ราคาน้ำมัน,รถยนต์สันดาป (ดีเซล / เบนซิน),"ค่าซ่อมบำรุง, สมรรถนะในการขับขี่","1,200,000-1,500,000 บาท","เพื่อใช้ในการเดินทางท่องเที่ยว, เพื่อหลีกเลี่ยงปัญหาจากระบบการขนส่งมวลชน",ยังไม่มีแนวโน้มที่จะซื้อ,รถยนต์ไฮบริด (Hybrid),ความสะดวกในการใช้งาน,5,4,4,5,4,5,4,5,5,5,4,4,5,4,3,4,5,5,4,4,5
"26/7/2026, 17:17:36",หญิง,มากกว่า 60 ปี,ไม่มีบุตร,ม.6,เจ้าของกิจการ,1-2 คน,บ้านเดี่ยว / บ้านแฝด,เป็นเจ้าของ,ไม่มีที่จอดรถ,"50,001-75,000 บาท",มี,ขับทั้งในเมืองและนอกเมือง,3-4 วัน / สัปดาห์,51-70 กิโลเมตร,ราคาน้ำมัน,รถยนต์สันดาป (ดีเซล / เบนซิน),ราคา,"ต่ำกว่า 500,000 บาท","เพื่อใช้ในการค้าขาย, เพื่อความสะดวกในการเดินทาง",ยังไม่มีแนวโน้มที่จะซื้อ,รถยนต์ไฮบริด (Hybrid),ความสะดวกในการใช้งาน,4,4,4,4,5,5,5,4,3,3,4,5,5,4,5,4,4,4,3,4,5
"26/7/2026, 17:17:37",หญิง,51-60 ปี,1 คน,ปวช. / ปวส.,เจ้าของกิจการ,1-2 คน,บ้านเดี่ยว / บ้านแฝด,พักอาศัยกับครอบครัว / ผู้อื่น,มีที่จอดรถส่วนตัว,"มากกว่า 75,000","ไม่มี (หากตอบ ""ไม่มี"" ให้ข้ามไปตอบตอนที่ 3)",,,,,,ราคา,"1,200,000-1,500,000 บาท",เพื่อความสะดวกในการเดินทาง,ยังไม่มีแนวโน้มที่จะซื้อ,รถยนต์ไฮบริด (Hybrid),ความสะดวกในการใช้งาน,5,4,2,5,5,4,5,5,5,4,4,4,4,5,4,5,5,5,5,5,4
"26/7/2026, 17:17:39",หญิง,51-60 ปี,ไม่มีบุตร,ม.3,รัฐวิสาหกิจ,5 คนขึ้นไป,บ้านเดี่ยว / บ้านแฝด,พักอาศัยกับครอบครัว / ผู้อื่น,มีที่จอดรถส่วนตัว,"35,001-50,000 บาท","ไม่มี (หากตอบ ""ไม่มี"" ให้ข้ามไปตอบตอนที่ 3)",,,,,,ราคา,"1,200,000-1,500,000 บาท",เพื่อความสะดวกในการเดินทาง,ยังไม่มีแนวโน้มที่จะซื้อ,รถยนต์สันดาป (ดีเซล / เบนซิน),ความสะดวกในการใช้งาน,5,5,5,5,4,4,4,3,5,4,4,5,5,4,4,4,5,4,5,5,4
"26/7/2026, 17:17:41",หญิง,มากกว่า 60 ปี,1 คน,ปริญญาตรี,เจ้าของกิจการ,1-2 คน,บ้านเดี่ยว / บ้านแฝด,พักอาศัยกับครอบครัว / ผู้อื่น,มีที่จอดรถส่วนตัว,"25,001-35,000 บาท",มี,ขับนอกเมือง,ใช้เป็นครั้งคราว,มากกว่า 90 กิโลเมตร,ราคาน้ำมัน,รถยนต์สันดาป (ดีเซล / เบนซิน),ราคา,"มากกว่า 1,500,000 บาท",เพื่อความสะดวกในการเดินทาง,ยังไม่มีแนวโน้มที่จะซื้อ,รถยนต์ไฮบริด (Hybrid),ความสะดวกในการใช้งาน,5,5,4,5,5,5,4,4,5,5,5,5,4,5,5,5,3,4,4,4,5
"26/7/2026, 17:17:43",หญิง,27-30 ปี,ไม่มีบุตร,ปริญญาตรี,รัฐวิสาหกิจ,1-2 คน,บ้านเดี่ยว / บ้านแฝด,เป็นเจ้าของ,มีที่จอดรถส่วนตัว,"มากกว่า 75,000","ไม่มี (หากตอบ ""ไม่มี"" ให้ข้ามไปตอบตอนที่ 3)",,,,,,ราคา,"มากกว่า 1,500,000 บาท",เพื่อความสะดวกในการเดินทาง,ยังไม่มีแนวโน้มที่จะซื้อ,รถยนต์ไฮบริด (Hybrid),ความสะดวกในการใช้งาน,5,5,5,5,4,4,5,3,5,5,4,5,4,5,4,5,5,5,4,2,5
"26/7/2026, 17:17:45",หญิง,24-26 ปี,ไม่มีบุตร,ปวช. / ปวส.,พนักงานเอกชน,3-4 คน,บ้านเดี่ยว / บ้านแฝด,พักอาศัยกับครอบครัว / ผู้อื่น,ไม่มีที่จอดรถ,"25,001-35,000 บาท",มี,ขับทั้งในเมืองและนอกเมือง,1-2 วัน / สัปดาห์,51-70 กิโลเมตร,ราคาน้ำมัน,รถยนต์สันดาป (ดีเซล / เบนซิน),ค่าน้ำมัน,"มากกว่า 1,500,000 บาท","เพื่อใช้ในการเดินทางไปทำงาน, เพื่อความสะดวกในการเดินทาง",ยังไม่มีแนวโน้มที่จะซื้อ,รถยนต์ไฟฟ้า (EV),"ราคาซื้อเริ่มต้น, ความสะดวกในการใช้งาน",5,4,5,5,5,4,5,5,4,3,5,4,4,3,5,5,4,5,3,5,4
"26/7/2026, 17:17:46",ชาย,31-40 ปี,1 คน,ปริญญาเอก,ข้าราชการ,1-2 คน,บ้านเดี่ยว / บ้านแฝด,พักอาศัยกับครอบครัว / ผู้อื่น,มีที่จอดรถส่วนตัว,"25,001-35,000 บาท","ไม่มี (หากตอบ ""ไม่มี"" ให้ข้ามไปตอบตอนที่ 3)",,,,,,"ค่าซ่อมบำรุง, สมรรถนะในการขับขี่","500,001-800,000 บาท",เพื่อความสะดวกในการเดินทาง,ยังไม่มีแนวโน้มที่จะซื้อ,รถยนต์ไฮบริด (Hybrid),"ความสะดวกในการใช้งาน, เทคโนโลยีและความทันสมัย",5,5,5,5,5,5,5,5,5,5,5,5,4,5,4,2,5,3,5,5,5
"26/7/2026, 17:17:48",ชาย,20-23 ปี,1 คน,ปริญญาตรี,นักเรียน / นักศึกษา,3-4 คน,ทาวน์โฮม / ทาวเฮาท์,พักอาศัยกับครอบครัว / ผู้อื่น,มีที่จอดรถส่วนกลาง / เช่า,"15,001-25,000 บาท","ไม่มี (หากตอบ ""ไม่มี"" ให้ข้ามไปตอบตอนที่ 3)",,,,,,ค่าไฟฟ้า,"800,001-1,200,000 บาท","เพื่อใช้ในการค้าขาย, เพื่อหลีกเลี่ยงปัญหาจากระบบการขนส่งมวลชน",ยังไม่มีแนวโน้มที่จะซื้อ,รถยนต์ไฮบริด (Hybrid),"ค่าบำรุงรักษา, ความสะดวกในการใช้งาน",5,5,5,4,4,5,5,4,4,4,4,4,5,4,4,4,4,5,5,5,4
"26/7/2026, 17:17:50",ชาย,31-40 ปี,ไม่มีบุตร,ปริญญาตรี,ข้าราชการ,5 คนขึ้นไป,บ้านเดี่ยว / บ้านแฝด,เป็นเจ้าของ,มีที่จอดรถส่วนกลาง / เช่า,"มากกว่า 75,000",มี,ขับทั้งในเมืองและนอกเมือง,ใช้เป็นครั้งคราว,10-30 กิโลเมตร,ปั๊มน้ำมัน / สถานีชาร์จ,รถยนต์สันดาป (ดีเซล / เบนซิน),ค่าซ่อมบำรุง,"ต่ำกว่า 500,000 บาท",เพื่อหลีกเลี่ยงปัญหาจากระบบการขนส่งมวลชน,มีแนวโน้มที่จะซื้อ,รถยนต์ไฟฟ้า (EV),ความสะดวกในการใช้งาน,5,4,4,5,4,4,5,5,3,5,4,5,4,5,4,4,4,5,4,5,4
"26/7/2026, 17:17:52",หญิง,24-26 ปี,2 คน,ปริญญาตรี,นักเรียน / นักศึกษา,3-4 คน,บ้านเดี่ยว / บ้านแฝด,เช่า,มีที่จอดรถส่วนตัว,"ต่ำกว่า 15,000 บาท","ไม่มี (หากตอบ ""ไม่มี"" ให้ข้ามไปตอบตอนที่ 3)",,,,,,ราคา,"มากกว่า 1,500,000 บาท",เพื่อใช้ในการเดินทางท่องเที่ยว,ยังไม่มีแนวโน้มที่จะซื้อ,รถยนต์สันดาป (ดีเซล / เบนซิน),"ราคาซื้อเริ่มต้น, ความสะดวกในการใช้งาน",4,4,5,5,5,5,5,5,5,5,5,5,5,5,4,4,5,5,4,4,5
"26/7/2026, 17:17:54",หญิง,24-26 ปี,1 คน,ปริญญาตรี,อาชีพอิสระ,3-4 คน,บ้านเดี่ยว / บ้านแฝด,พักอาศัยกับครอบครัว / ผู้อื่น,มีที่จอดรถส่วนกลาง / เช่า,"25,001-35,000 บาท","ไม่มี (หากตอบ ""ไม่มี"" ให้ข้ามไปตอบตอนที่ 3)",,,,,,ค่าไฟฟ้า,"มากกว่า 1,500,000 บาท",เพื่อความสะดวกในการเดินทาง,ยังไม่มีแนวโน้มที่จะซื้อ,รถยนต์ไฟฟ้า (EV),ความสะดวกในการใช้งาน,3,4,4,5,5,4,4,4,5,4,3,4,5,3,5,5,4,5,4,3,4
"26/7/2026, 17:17:56",ชาย,20-23 ปี,1 คน,ปริญญาตรี,พนักงานเอกชน,3-4 คน,บ้านเดี่ยว / บ้านแฝด,เช่า,มีที่จอดรถส่วนตัว,"15,001-25,000 บาท",มี,ขับในเมือง,1-2 วัน / สัปดาห์,10-30 กิโลเมตร,ราคาน้ำมัน,"รถยนต์สันดาป (ดีเซล / เบนซิน), รถยนต์ไฮบริด (Hybrid)","ราคา, ค่าน้ำมัน, ค่าซ่อมบำรุง, การรับประกันและบริการหลังการขาย","มากกว่า 1,500,000 บาท",เพื่อความสะดวกในการเดินทาง,ยังไม่มีแนวโน้มที่จะซื้อ,รถยนต์ไฟฟ้า (EV),"ราคาซื้อเริ่มต้น, ความสะดวกในการใช้งาน",5,5,4,5,4,4,5,5,4,4,5,4,5,4,5,4,3,5,4,5,3
"26/7/2026, 17:17:58",ชาย,51-60 ปี,2 คน,ปริญญาตรี,ข้าราชการ,3-4 คน,บ้านเดี่ยว / บ้านแฝด,พักอาศัยกับครอบครัว / ผู้อื่น,ไม่มีที่จอดรถ,"50,001-75,000 บาท",มี,ขับในเมือง,5-6 วัน / สัปดาห์,51-70 กิโลเมตร,ราคาน้ำมัน,รถยนต์สันดาป (ดีเซล / เบนซิน),ค่าน้ำมัน,"800,001-1,200,000 บาท",เพื่อความสะดวกในการเดินทาง,ยังไม่มีแนวโน้มที่จะซื้อ,รถยนต์ไฮบริด (Hybrid),ความสะดวกในการใช้งาน,5,5,5,3,4,5,4,5,4,4,5,4,4,5,4,4,4,4,5,5,5
"26/7/2026, 17:18:00",ชาย,27-30 ปี,3 คน,ปริญญาตรี,พนักงานเอกชน,5 คนขึ้นไป,บ้านเดี่ยว / บ้านแฝด,พักอาศัยกับครอบครัว / ผู้อื่น,มีที่จอดรถส่วนกลาง / เช่า,"15,001-25,000 บาท",มี,ขับนอกเมือง,1-2 วัน / สัปดาห์,น้อยกว่า 10 กิโลเมตร,ปั๊มน้ำมัน / สถานีชาร์จ,รถยนต์สันดาป (ดีเซล / เบนซิน),ค่าไฟฟ้า,"มากกว่า 1,500,000 บาท",เพื่อความสะดวกในการเดินทาง,ยังไม่มีแนวโน้มที่จะซื้อ,รถยนต์ไฟฟ้า (EV),ความสะดวกในการใช้งาน,4,4,3,4,5,5,5,4,5,5,4,3,4,4,5,4,4,5,4,5,3
"26/7/2026, 17:18:02",ชาย,24-26 ปี,ไม่มีบุตร,ปริญญาโท,นักเรียน / นักศึกษา,1-2 คน,คอนโด / อพาร์ตเมนต์ / หอพัก,พักอาศัยกับครอบครัว / ผู้อื่น,ไม่มีที่จอดรถ,"50,001-75,000 บาท","ไม่มี (หากตอบ ""ไม่มี"" ให้ข้ามไปตอบตอนที่ 3)",,,,,,ราคา,"1,200,000-1,500,000 บาท",เพื่อความสะดวกในการเดินทาง,ยังไม่มีแนวโน้มที่จะซื้อ,รถยนต์ไฮบริด (Hybrid),"ราคาซื้อเริ่มต้น, ความสะดวกในการใช้งาน",5,3,3,4,5,5,4,5,5,4,5,4,5,4,5,5,3,5,4,5,3
"26/7/2026, 17:18:04",หญิง,31-40 ปี,2 คน,ปริญญาโท,พนักงานเอกชน,5 คนขึ้นไป,บ้านเดี่ยว / บ้านแฝด,เช่า,มีที่จอดรถส่วนกลาง / เช่า,"25,001-35,000 บาท",มี,ขับในเมือง,1-2 วัน / สัปดาห์,51-70 กิโลเมตร,ปั๊มน้ำมัน / สถานีชาร์จ,รถยนต์สันดาป (ดีเซล / เบนซิน),"ค่าซ่อมบำรุง, ความคุ้มค่าโดยรวม","1,200,000-1,500,000 บาท","เพื่อความสะดวกในการเดินทาง, เพื่อหลีกเลี่ยงปัญหาจากระบบการขนส่งมวลชน",ยังไม่มีแนวโน้มที่จะซื้อ,รถยนต์ไฮบริด (Hybrid),ความสะดวกในการใช้งาน,5,5,4,5,4,5,4,4,5,5,5,5,5,4,5,5,4,5,3,1,5
"26/7/2026, 17:18:06",หญิง,41-50 ปี,ไม่มีบุตร,ปริญญาตรี,ข้าราชการ,1-2 คน,คอนโด / อพาร์ตเมนต์ / หอพัก,เป็นเจ้าของ,มีที่จอดรถส่วนตัว,"15,001-25,000 บาท",มี,ขับทั้งในเมืองและนอกเมือง,1-2 วัน / สัปดาห์,10-30 กิโลเมตร,ราคาน้ำมัน,รถยนต์สันดาป (ดีเซล / เบนซิน),ค่าซ่อมบำรุง,"มากกว่า 1,500,000 บาท",เพื่อความสะดวกในการเดินทาง,ยังไม่มีแนวโน้มที่จะซื้อ,รถยนต์ไฮบริด (Hybrid),ราคาซื้อเริ่มต้น,5,5,4,5,5,5,4,3,5,4,4,4,4,5,5,5,4,5,4,5,4
"26/7/2026, 17:18:08",หญิง,51-60 ปี,2 คน,ปริญญาโท,ข้าราชการ,5 คนขึ้นไป,ทาวน์โฮม / ทาวเฮาท์,เป็นเจ้าของ,มีที่จอดรถส่วนตัว,"มากกว่า 75,000","ไม่มี (หากตอบ ""ไม่มี"" ให้ข้ามไปตอบตอนที่ 3)",,,,,,"ราคา, ค่าน้ำมัน, ค่าไฟฟ้า, ค่าซ่อมบำรุง, เทคโนโลยีและฟังก์ชันภายในรถ","ต่ำกว่า 500,000 บาท","เพื่อใช้ในการเดินทางไปทำงาน, เพื่อใช้ในการค้าขาย, เพื่อความสะดวกในการเดินทาง",ยังไม่มีแนวโน้มที่จะซื้อ,รถยนต์ไฮบริด (Hybrid),ความสะดวกในการใช้งาน,5,5,5,5,5,4,4,4,4,5,4,3,4,4,3,5,4,4,5,5,5
"26/7/2026, 17:18:10",ชาย,24-26 ปี,1 คน,ปริญญาตรี,พนักงานเอกชน,1-2 คน,คอนโด / อพาร์ตเมนต์ / หอพัก,เช่า,มีที่จอดรถส่วนตัว,"ต่ำกว่า 15,000 บาท","ไม่มี (หากตอบ ""ไม่มี"" ให้ข้ามไปตอบตอนที่ 3)",,,,,,ราคา,"มากกว่า 1,500,000 บาท",เพื่อความสะดวกในการเดินทาง,ยังไม่มีแนวโน้มที่จะซื้อ,รถยนต์สันดาป (ดีเซล / เบนซิน),"ประหยัดค่าเชื้อเพลิง, ความสะดวกในการใช้งาน",4,5,5,5,5,5,5,4,5,4,4,5,3,3,5,5,4,5,5,5,5
"26/7/2026, 17:18:12",ชาย,51-60 ปี,ไม่มีบุตร,ม.6,พนักงานเอกชน,1-2 คน,บ้านเดี่ยว / บ้านแฝด,เช่า,ไม่มีที่จอดรถ,"35,001-50,000 บาท","ไม่มี (หากตอบ ""ไม่มี"" ให้ข้ามไปตอบตอนที่ 3)",,,,,,"ค่าซ่อมบำรุง, แบรนด์, เทคโนโลยีและฟังก์ชันภายในรถ","1,200,000-1,500,000 บาท",เพื่อหลีกเลี่ยงปัญหาจากระบบการขนส่งมวลชน,ยังไม่มีแนวโน้มที่จะซื้อ,รถยนต์ไฟฟ้า (EV),ความสะดวกในการใช้งาน,5,3,5,4,5,5,5,4,3,4,4,5,3,4,4,4,5,5,4,4,3
"26/7/2026, 17:18:14",ชาย,31-40 ปี,ไม่มีบุตร,ปริญญาตรี,พนักงานเอกชน,3-4 คน,บ้านเดี่ยว / บ้านแฝด,พักอาศัยกับครอบครัว / ผู้อื่น,มีที่จอดรถส่วนกลาง / เช่า,"25,001-35,000 บาท","ไม่มี (หากตอบ ""ไม่มี"" ให้ข้ามไปตอบตอนที่ 3)",,,,,,ค่าน้ำมัน,"มากกว่า 1,500,000 บาท",เพื่อใช้ในการเดินทางไปทำงาน,ยังไม่มีแนวโน้มที่จะซื้อ,รถยนต์สันดาป (ดีเซล / เบนซิน),ความสะดวกในการใช้งาน,4,5,4,5,4,5,4,4,3,5,5,4,4,4,5,5,3,4,5,5,5
"26/7/2026, 17:18:16",หญิง,51-60 ปี,ไม่มีบุตร,ปวช. / ปวส.,ค้าขาย,5 คนขึ้นไป,บ้านเดี่ยว / บ้านแฝด,พักอาศัยกับครอบครัว / ผู้อื่น,มีที่จอดรถส่วนกลาง / เช่า,"50,001-75,000 บาท",มี,ขับในเมือง,3-4 วัน / สัปดาห์,31-50 กิโลเมตร,ราคาน้ำมัน,รถยนต์สันดาป (ดีเซล / เบนซิน),ราคา,"800,001-1,200,000 บาท",เพื่อใช้ในการค้าขาย,ยังไม่มีแนวโน้มที่จะซื้อ,รถยนต์ไฟฟ้า (EV),ความสะดวกในการใช้งาน,5,4,4,4,5,5,5,4,5,4,5,5,5,5,4,5,4,5,3,4,5
"26/7/2026, 17:18:17",ชาย,31-40 ปี,2 คน,ปริญญาตรี,พนักงานเอกชน,5 คนขึ้นไป,บ้านเดี่ยว / บ้านแฝด,พักอาศัยกับครอบครัว / ผู้อื่น,มีที่จอดรถส่วนกลาง / เช่า,"35,001-50,000 บาท","ไม่มี (หากตอบ ""ไม่มี"" ให้ข้ามไปตอบตอนที่ 3)",,,,,,ราคา,"มากกว่า 1,500,000 บาท","เพื่อใช้ในการค้าขาย, เพื่อความสะดวกในการเดินทาง",ยังไม่มีแนวโน้มที่จะซื้อ,รถยนต์สันดาป (ดีเซล / เบนซิน),ความสะดวกในการใช้งาน,4,4,5,5,5,5,5,4,5,4,5,5,4,4,5,5,5,5,5,5,5
"26/7/2026, 17:18:19",หญิง,27-30 ปี,2 คน,ปริญญาตรี,อาชีพอิสระ,3-4 คน,ทาวน์โฮม / ทาวเฮาท์,เช่า,มีที่จอดรถส่วนตัว,"ต่ำกว่า 15,000 บาท","ไม่มี (หากตอบ ""ไม่มี"" ให้ข้ามไปตอบตอนที่ 3)",,,,,,ราคา,"มากกว่า 1,500,000 บาท","เพื่อความสะดวกในการเดินทาง, เพื่อหลีกเลี่ยงปัญหาจากระบบการขนส่งมวลชน",ยังไม่มีแนวโน้มที่จะซื้อ,รถยนต์ไฟฟ้า (EV),ความสะดวกในการใช้งาน,4,5,5,3,5,5,4,5,4,4,4,5,3,5,4,5,5,5,4,5,5
"26/7/2026, 17:18:21",ชาย,24-26 ปี,2 คน,ปริญญาตรี,รัฐวิสาหกิจ,1-2 คน,บ้านเดี่ยว / บ้านแฝด,พักอาศัยกับครอบครัว / ผู้อื่น,ไม่มีที่จอดรถ,"15,001-25,000 บาท","ไม่มี (หากตอบ ""ไม่มี"" ให้ข้ามไปตอบตอนที่ 3)",,,,,,"ราคา, ค่าซ่อมบำรุง","800,001-1,200,000 บาท",เพื่อความสะดวกในการเดินทาง,ยังไม่มีแนวโน้มที่จะซื้อ,รถยนต์ไฮบริด (Hybrid),ความสะดวกในการใช้งาน,5,5,5,5,5,5,5,4,3,5,5,5,3,4,5,5,4,4,4,5,5
"26/7/2026, 17:18:23",หญิง,มากกว่า 60 ปี,1 คน,ต่ำกว่า ม.3,พนักงานเอกชน,5 คนขึ้นไป,บ้านเดี่ยว / บ้านแฝด,พักอาศัยกับครอบครัว / ผู้อื่น,มีที่จอดรถส่วนกลาง / เช่า,"35,001-50,000 บาท","ไม่มี (หากตอบ ""ไม่มี"" ให้ข้ามไปตอบตอนที่ 3)",,,,,,ความสามารถในการผ่อนชำระ,"มากกว่า 1,500,000 บาท",เพื่อใช้ในการค้าขาย,ยังไม่มีแนวโน้มที่จะซื้อ,รถยนต์ไฟฟ้า (EV),ความสะดวกในการใช้งาน,3,4,5,5,5,5,5,5,5,4,4,4,4,5,5,5,4,5,4,5,4
"26/7/2026, 17:18:25",หญิง,24-26 ปี,1 คน,ปริญญาตรี,พนักงานเอกชน,5 คนขึ้นไป,บ้านเดี่ยว / บ้านแฝด,เช่า,มีที่จอดรถส่วนตัว,"35,001-50,000 บาท",มี,ขับทั้งในเมืองและนอกเมือง,ใช้เป็นครั้งคราว,น้อยกว่า 10 กิโลเมตร,ราคาน้ำมัน,รถยนต์ไฟฟ้า (EV),"ราคา, ค่าน้ำมัน","มากกว่า 1,500,000 บาท",เพื่อความสะดวกในการเดินทาง,มีแนวโน้มที่จะซื้อ,รถยนต์ไฮบริด (Hybrid),ความสะดวกในการใช้งาน,3,3,5,5,5,4,5,5,4,5,4,3,5,5,5,5,5,5,5,5,5
"26/7/2026, 17:18:26",หญิง,51-60 ปี,2 คน,ปวช. / ปวส.,อาชีพอิสระ,3-4 คน,บ้านเดี่ยว / บ้านแฝด,เป็นเจ้าของ,มีที่จอดรถส่วนตัว,"ต่ำกว่า 15,000 บาท","ไม่มี (หากตอบ ""ไม่มี"" ให้ข้ามไปตอบตอนที่ 3)",,,,,,ค่าน้ำมัน,"500,001-800,000 บาท",เพื่อความสะดวกในการเดินทาง,ยังไม่มีแนวโน้มที่จะซื้อ,รถยนต์ไฮบริด (Hybrid),ราคาซื้อเริ่มต้น,4,4,5,5,4,5,5,4,4,5,5,4,5,3,4,3,4,4,5,5,5
"26/7/2026, 17:18:28",ชาย,51-60 ปี,1 คน,ปริญญาตรี,พนักงานเอกชน,1-2 คน,ทาวน์โฮม / ทาวเฮาท์,พักอาศัยกับครอบครัว / ผู้อื่น,ไม่มีที่จอดรถ,"50,001-75,000 บาท",มี,ขับทั้งในเมืองและนอกเมือง,ใช้เป็นครั้งคราว,10-30 กิโลเมตร,ราคาน้ำมัน,รถยนต์สันดาป (ดีเซล / เบนซิน),ราคา,"มากกว่า 1,500,000 บาท",เพื่อความสะดวกในการเดินทาง,มีแนวโน้มที่จะซื้อ,รถยนต์ไฟฟ้า (EV),ความสะดวกในการใช้งาน,4,5,5,3,5,3,5,5,5,4,5,3,4,3,4,4,5,5,5,5,5
"26/7/2026, 17:18:30",หญิง,20-23 ปี,1 คน,ปริญญาตรี,นักเรียน / นักศึกษา,3-4 คน,บ้านเดี่ยว / บ้านแฝด,พักอาศัยกับครอบครัว / ผู้อื่น,มีที่จอดรถส่วนกลาง / เช่า,"15,001-25,000 บาท",มี,ขับทั้งในเมืองและนอกเมือง,5-6 วัน / สัปดาห์,51-70 กิโลเมตร,ราคาน้ำมัน,รถยนต์สันดาป (ดีเซล / เบนซิน),เทคโนโลยีและฟังก์ชันภายในรถ,"800,001-1,200,000 บาท",เพื่อความสะดวกในการเดินทาง,ยังไม่มีแนวโน้มที่จะซื้อ,รถยนต์ไฮบริด (Hybrid),ความสะดวกในการใช้งาน,4,4,4,5,4,4,4,4,4,5,5,4,4,4,3,5,4,3,4,4,4
"26/7/2026, 17:18:32",หญิง,24-26 ปี,2 คน,ปริญญาตรี,พนักงานเอกชน,5 คนขึ้นไป,บ้านเดี่ยว / บ้านแฝด,พักอาศัยกับครอบครัว / ผู้อื่น,มีที่จอดรถส่วนกลาง / เช่า,"35,001-50,000 บาท",มี,ขับทั้งในเมืองและนอกเมือง,ใช้งานทุกวัน,51-70 กิโลเมตร,ราคาน้ำมัน,รถยนต์สันดาป (ดีเซล / เบนซิน),ราคา,"มากกว่า 1,500,000 บาท","เพื่อความสะดวกในการเดินทาง, เพื่อหลีกเลี่ยงปัญหาจากระบบการขนส่งมวลชน",ยังไม่มีแนวโน้มที่จะซื้อ,รถยนต์ไฟฟ้า (EV),ความสะดวกในการใช้งาน,5,5,5,4,3,5,3,4,5,5,5,5,4,4,5,5,3,5,5,4,4
"26/7/2026, 17:18:34",หญิง,31-40 ปี,ไม่มีบุตร,ปริญญาตรี,อาชีพอิสระ,5 คนขึ้นไป,บ้านเดี่ยว / บ้านแฝด,พักอาศัยกับครอบครัว / ผู้อื่น,มีที่จอดรถส่วนตัว,"ต่ำกว่า 15,000 บาท","ไม่มี (หากตอบ ""ไม่มี"" ให้ข้ามไปตอบตอนที่ 3)",,,,,,ราคา,"800,001-1,200,000 บาท","เพื่อใช้ในการค้าขาย, เพื่อความสะดวกในการเดินทาง",ยังไม่มีแนวโน้มที่จะซื้อ,รถยนต์ไฟฟ้า (EV),ราคาซื้อเริ่มต้น,5,4,3,4,4,5,5,2,5,4,5,3,5,4,4,4,3,5,5,4,5
"26/7/2026, 17:18:36",ชาย,31-40 ปี,ไม่มีบุตร,ปริญญาโท,พนักงานเอกชน,1-2 คน,บ้านเดี่ยว / บ้านแฝด,พักอาศัยกับครอบครัว / ผู้อื่น,มีที่จอดรถส่วนตัว,"25,001-35,000 บาท","ไม่มี (หากตอบ ""ไม่มี"" ให้ข้ามไปตอบตอนที่ 3)",,,,,,ราคา,"800,001-1,200,000 บาท",เพื่อความสะดวกในการเดินทาง,ยังไม่มีแนวโน้มที่จะซื้อ,รถยนต์ไฟฟ้า (EV),ความสะดวกในการใช้งาน,5,5,3,3,4,3,4,4,4,4,5,5,5,5,4,5,3,5,5,5,4
"26/7/2026, 17:18:37",หญิง,24-26 ปี,ไม่มีบุตร,ปริญญาโท,พนักงานเอกชน,3-4 คน,บ้านเดี่ยว / บ้านแฝด,เช่า,มีที่จอดรถส่วนตัว,"15,001-25,000 บาท",มี,ขับทั้งในเมืองและนอกเมือง,1-2 วัน / สัปดาห์,มากกว่า 90 กิโลเมตร,ปั๊มน้ำมัน / สถานีชาร์จ,รถยนต์สันดาป (ดีเซล / เบนซิน),ค่าไฟฟ้า,"500,001-800,000 บาท","เพื่อใช้ในการค้าขาย, เพื่อหลีกเลี่ยงปัญหาจากระบบการขนส่งมวลชน",มีแนวโน้มที่จะซื้อ,รถยนต์สันดาป (ดีเซล / เบนซิน),"ความสะดวกในการใช้งาน, เทคโนโลยีและความทันสมัย",5,4,5,5,5,5,4,4,5,3,5,5,5,4,5,5,5,4,5,5,5
"26/7/2026, 17:18:39",ชาย,20-23 ปี,ไม่มีบุตร,ปริญญาตรี,รัฐวิสาหกิจ,3-4 คน,บ้านเดี่ยว / บ้านแฝด,เช่า,มีที่จอดรถส่วนกลาง / เช่า,"35,001-50,000 บาท","ไม่มี (หากตอบ ""ไม่มี"" ให้ข้ามไปตอบตอนที่ 3)",,,,,,"ราคา, สมรรถนะในการขับขี่","มากกว่า 1,500,000 บาท",เพื่อความสะดวกในการเดินทาง,ยังไม่มีแนวโน้มที่จะซื้อ,รถยนต์ไฟฟ้า (EV),ความสะดวกในการใช้งาน,5,5,5,3,5,5,5,5,5,3,4,3,5,5,5,5,5,5,5,4,4
"26/7/2026, 17:18:41",หญิง,41-50 ปี,ไม่มีบุตร,ปริญญาโท,พนักงานเอกชน,5 คนขึ้นไป,บ้านเดี่ยว / บ้านแฝด,เช่า,มีที่จอดรถส่วนตัว,"25,001-35,000 บาท",มี,ขับทั้งในเมืองและนอกเมือง,ใช้งานทุกวัน,51-70 กิโลเมตร,ราคาน้ำมัน,รถยนต์สันดาป (ดีเซล / เบนซิน),ราคา,"800,001-1,200,000 บาท","เพื่อใช้ในการเดินทางไปทำงาน, เพื่อความสะดวกในการเดินทาง, เพื่อหลีกเลี่ยงปัญหาจากระบบการขนส่งมวลชน",มีแนวโน้มที่จะซื้อ,รถยนต์สันดาป (ดีเซล / เบนซิน),ความสะดวกในการใช้งาน,4,5,5,5,5,4,5,5,4,4,5,2,5,4,4,4,4,4,5,4,5
"26/7/2026, 17:18:43",หญิง,20-23 ปี,1 คน,ปวช. / ปวส.,นักเรียน / นักศึกษา,3-4 คน,บ้านเดี่ยว / บ้านแฝด,เป็นเจ้าของ,มีที่จอดรถส่วนตัว,"25,001-35,000 บาท",มี,ขับนอกเมือง,1-2 วัน / สัปดาห์,น้อยกว่า 10 กิโลเมตร,"ราคาน้ำมัน, ศูนย์บริการและอะไหล่",รถยนต์สันดาป (ดีเซล / เบนซิน),ราคา,"มากกว่า 1,500,000 บาท",เพื่อความสะดวกในการเดินทาง,ยังไม่มีแนวโน้มที่จะซื้อ,รถยนต์ไฟฟ้า (EV),ความสะดวกในการใช้งาน,5,4,4,5,5,5,5,4,4,5,5,4,4,5,5,3,4,5,5,5,5
"26/7/2026, 17:18:44",ชาย,20-23 ปี,ไม่มีบุตร,ปวช. / ปวส.,นักเรียน / นักศึกษา,5 คนขึ้นไป,บ้านเดี่ยว / บ้านแฝด,พักอาศัยกับครอบครัว / ผู้อื่น,มีที่จอดรถส่วนกลาง / เช่า,"ต่ำกว่า 15,000 บาท",มี,ขับในเมือง,ใช้เป็นครั้งคราว,31-50 กิโลเมตร,ราคาน้ำมัน,รถยนต์ไฟฟ้า (EV),ราคา,"500,001-800,000 บาท",เพื่อความสะดวกในการเดินทาง,ยังไม่มีแนวโน้มที่จะซื้อ,รถยนต์ไฮบริด (Hybrid),ความสะดวกในการใช้งาน,3,4,5,4,4,3,5,4,5,5,5,3,5,5,5,4,5,4,4,4,4
"26/7/2026, 17:18:45",หญิง,31-40 ปี,ไม่มีบุตร,ม.6,พนักงานเอกชน,5 คนขึ้นไป,คอนโด / อพาร์ตเมนต์ / หอพัก,พักอาศัยกับครอบครัว / ผู้อื่น,มีที่จอดรถส่วนตัว,"50,001-75,000 บาท",มี,ขับนอกเมือง,ใช้เป็นครั้งคราว,51-70 กิโลเมตร,"ราคาน้ำมัน, ปั๊มน้ำมัน / สถานีชาร์จ, ศูนย์บริการและอะไหล่",รถยนต์สันดาป (ดีเซล / เบนซิน),"ค่าไฟฟ้า, ค่าซ่อมบำรุง","1,200,000-1,500,000 บาท","เพื่อใช้ในการค้าขาย, เพื่อความสะดวกในการเดินทาง",ยังไม่มีแนวโน้มที่จะซื้อ,รถยนต์สันดาป (ดีเซล / เบนซิน),ความสะดวกในการใช้งาน,5,5,5,5,5,5,5,3,4,3,5,4,3,3,4,5,4,5,5,5,5
"26/7/2026, 17:18:46",หญิง,20-23 ปี,1 คน,ปริญญาตรี,พนักงานเอกชน,1-2 คน,บ้านเดี่ยว / บ้านแฝด,เป็นเจ้าของ,มีที่จอดรถส่วนตัว,"35,001-50,000 บาท","ไม่มี (หากตอบ ""ไม่มี"" ให้ข้ามไปตอบตอนที่ 3)",,,,,,ราคา,"800,001-1,200,000 บาท","เพื่อใช้ในการเดินทางท่องเที่ยว, เพื่อความสะดวกในการเดินทาง, เพื่อหลีกเลี่ยงปัญหาจากระบบการขนส่งมวลชน",มีแนวโน้มที่จะซื้อ,รถยนต์สันดาป (ดีเซล / เบนซิน),ความสะดวกในการใช้งาน,5,4,5,5,5,4,4,4,5,5,5,5,4,5,3,5,5,5,5,5,4
"26/7/2026, 17:18:48",ชาย,24-26 ปี,2 คน,ปริญญาตรี,ข้าราชการ,3-4 คน,บ้านเดี่ยว / บ้านแฝด,พักอาศัยกับครอบครัว / ผู้อื่น,มีที่จอดรถส่วนตัว,"35,001-50,000 บาท",มี,ขับทั้งในเมืองและนอกเมือง,1-2 วัน / สัปดาห์,51-70 กิโลเมตร,ราคาน้ำมัน,รถยนต์ไฮบริด (Hybrid),"ราคา, การรับประกันและบริการหลังการขาย","800,001-1,200,000 บาท",เพื่อความสะดวกในการเดินทาง,ยังไม่มีแนวโน้มที่จะซื้อ,รถยนต์สันดาป (ดีเซล / เบนซิน),ความสะดวกในการใช้งาน,5,5,5,5,5,4,5,5,4,5,5,4,4,4,2,4,4,4,5,4,5
"26/7/2026, 17:18:50",หญิง,20-23 ปี,1 คน,ปวช. / ปวส.,ค้าขาย,3-4 คน,บ้านเดี่ยว / บ้านแฝด,เช่า,มีที่จอดรถส่วนกลาง / เช่า,"35,001-50,000 บาท","ไม่มี (หากตอบ ""ไม่มี"" ให้ข้ามไปตอบตอนที่ 3)",,,,,,ราคา,"1,200,000-1,500,000 บาท",เพื่อความสะดวกในการเดินทาง,ยังไม่มีแนวโน้มที่จะซื้อ,รถยนต์สันดาป (ดีเซล / เบนซิน),ราคาซื้อเริ่มต้น,5,5,5,4,3,5,3,4,3,4,3,4,3,5,5,4,5,5,5,5,5
"26/7/2026, 17:18:52",หญิง,31-40 ปี,3 คน,ปริญญาตรี,รัฐวิสาหกิจ,3-4 คน,บ้านเดี่ยว / บ้านแฝด,พักอาศัยกับครอบครัว / ผู้อื่น,มีที่จอดรถส่วนกลาง / เช่า,"15,001-25,000 บาท",มี,ขับในเมือง,1-2 วัน / สัปดาห์,51-70 กิโลเมตร,ราคาน้ำมัน,"รถยนต์สันดาป (ดีเซล / เบนซิน), รถยนต์ไฮบริด (Hybrid)",ค่าน้ำมัน,"มากกว่า 1,500,000 บาท",เพื่อใช้ในการเดินทางไปทำงาน,ยังไม่มีแนวโน้มที่จะซื้อ,รถยนต์ไฮบริด (Hybrid),"ความสะดวกในการใช้งาน, เทคโนโลยีและความทันสมัย",5,4,5,5,3,4,5,5,5,5,4,4,5,5,5,4,4,3,5,4,4
"26/7/2026, 17:18:54",หญิง,20-23 ปี,2 คน,ปริญญาตรี,นักเรียน / นักศึกษา,1-2 คน,บ้านเดี่ยว / บ้านแฝด,พักอาศัยกับครอบครัว / ผู้อื่น,มีที่จอดรถส่วนกลาง / เช่า,"ต่ำกว่า 15,000 บาท","ไม่มี (หากตอบ ""ไม่มี"" ให้ข้ามไปตอบตอนที่ 3)",,,,,,ราคา,"800,001-1,200,000 บาท",เพื่อใช้ในการเดินทางท่องเที่ยว,มีแนวโน้มที่จะซื้อ,รถยนต์ไฟฟ้า (EV),ความสะดวกในการใช้งาน,4,4,5,5,4,5,5,5,4,4,5,5,5,4,4,4,5,5,3,5,3
"26/7/2026, 17:18:56",หญิง,มากกว่า 60 ปี,มากกว่า 3 คน,ปริญญาตรี,ค้าขาย,3-4 คน,บ้านเดี่ยว / บ้านแฝด,เช่า,ไม่มีที่จอดรถ,"15,001-25,000 บาท",มี,ขับทั้งในเมืองและนอกเมือง,ใช้งานทุกวัน,31-50 กิโลเมตร,มูลค่าการขายต่อ,รถยนต์สันดาป (ดีเซล / เบนซิน),ราคา,"มากกว่า 1,500,000 บาท",เพื่อความสะดวกในการเดินทาง,ยังไม่มีแนวโน้มที่จะซื้อ,รถยนต์ไฮบริด (Hybrid),ความสะดวกในการใช้งาน,4,3,4,5,5,4,4,4,4,5,3,4,5,5,5,5,5,4,5,4,3
"26/7/2026, 17:18:58",หญิง,20-23 ปี,ไม่มีบุตร,ม.6,นักเรียน / นักศึกษา,1-2 คน,บ้านเดี่ยว / บ้านแฝด,เป็นเจ้าของ,ไม่มีที่จอดรถ,"ต่ำกว่า 15,000 บาท","ไม่มี (หากตอบ ""ไม่มี"" ให้ข้ามไปตอบตอนที่ 3)",,,,,,ราคา,"1,200,000-1,500,000 บาท",เพื่อความสะดวกในการเดินทาง,ยังไม่มีแนวโน้มที่จะซื้อ,รถยนต์สันดาป (ดีเซล / เบนซิน),ความสะดวกในการใช้งาน,5,4,4,5,5,5,5,5,4,3,5,5,5,5,5,4,3,5,5,5,4
"26/7/2026, 17:18:59",หญิง,20-23 ปี,ไม่มีบุตร,ปริญญาตรี,นักเรียน / นักศึกษา,5 คนขึ้นไป,บ้านเดี่ยว / บ้านแฝด,พักอาศัยกับครอบครัว / ผู้อื่น,ไม่มีที่จอดรถ,"25,001-35,000 บาท",มี,ขับทั้งในเมืองและนอกเมือง,3-4 วัน / สัปดาห์,10-30 กิโลเมตร,ราคาน้ำมัน,รถยนต์สันดาป (ดีเซล / เบนซิน),"ค่าไฟฟ้า, ค่าซ่อมบำรุง","800,001-1,200,000 บาท",เพื่อความสะดวกในการเดินทาง,ยังไม่มีแนวโน้มที่จะซื้อ,รถยนต์ไฟฟ้า (EV),ความสะดวกในการใช้งาน,5,4,5,4,4,5,5,5,4,3,4,4,4,5,4,5,3,5,5,5,5
"26/7/2026, 17:19:01",หญิง,20-23 ปี,1 คน,ปริญญาตรี,นักเรียน / นักศึกษา,3-4 คน,บ้านเดี่ยว / บ้านแฝด,เช่า,มีที่จอดรถส่วนตัว,"25,001-35,000 บาท","ไม่มี (หากตอบ ""ไม่มี"" ให้ข้ามไปตอบตอนที่ 3)",,,,,,ราคา,"800,001-1,200,000 บาท",เพื่อความสะดวกในการเดินทาง,ยังไม่มีแนวโน้มที่จะซื้อ,รถยนต์ไฟฟ้า (EV),ความสะดวกในการใช้งาน,5,5,5,5,3,5,5,5,5,5,4,4,4,5,4,5,5,5,3,5,5
"26/7/2026, 17:19:03",หญิง,51-60 ปี,ไม่มีบุตร,ต่ำกว่า ม.3,เจ้าของกิจการ,1-2 คน,บ้านเดี่ยว / บ้านแฝด,พักอาศัยกับครอบครัว / ผู้อื่น,มีที่จอดรถส่วนกลาง / เช่า,"35,001-50,000 บาท",มี,ขับทั้งในเมืองและนอกเมือง,ใช้งานทุกวัน,31-50 กิโลเมตร,ค่าไฟฟ้า,"รถยนต์สันดาป (ดีเซล / เบนซิน), รถยนต์ไฟฟ้า (EV)",ค่าไฟฟ้า,"800,001-1,200,000 บาท",เพื่อความสะดวกในการเดินทาง,ยังไม่มีแนวโน้มที่จะซื้อ,รถยนต์สันดาป (ดีเซล / เบนซิน),ความสะดวกในการใช้งาน,4,5,3,4,4,4,5,4,5,5,4,5,3,5,4,4,5,4,4,5,5
"26/7/2026, 17:19:05",หญิง,31-40 ปี,ไม่มีบุตร,ปริญญาตรี,พนักงานเอกชน,5 คนขึ้นไป,บ้านเดี่ยว / บ้านแฝด,พักอาศัยกับครอบครัว / ผู้อื่น,มีที่จอดรถส่วนกลาง / เช่า,"25,001-35,000 บาท","ไม่มี (หากตอบ ""ไม่มี"" ให้ข้ามไปตอบตอนที่ 3)",,,,,,ราคา,"500,001-800,000 บาท",เพื่อความสะดวกในการเดินทาง,ยังไม่มีแนวโน้มที่จะซื้อ,รถยนต์ไฟฟ้า (EV),ความสะดวกในการใช้งาน,5,4,5,5,3,5,5,5,4,4,5,5,5,5,5,5,4,5,5,4,4
"26/7/2026, 17:19:06",ชาย,20-23 ปี,3 คน,ปวช. / ปวส.,พนักงานเอกชน,3-4 คน,บ้านเดี่ยว / บ้านแฝด,เป็นเจ้าของ,มีที่จอดรถส่วนกลาง / เช่า,"25,001-35,000 บาท","ไม่มี (หากตอบ ""ไม่มี"" ให้ข้ามไปตอบตอนที่ 3)",,,,,,การรับประกันและบริการหลังการขาย,"มากกว่า 1,500,000 บาท",เพื่อความสะดวกในการเดินทาง,ยังไม่มีแนวโน้มที่จะซื้อ,รถยนต์ไฮบริด (Hybrid),ความสะดวกในการใช้งาน,5,5,5,5,5,5,4,3,5,4,5,5,4,4,5,5,4,4,3,5,5
"26/7/2026, 17:19:08",ชาย,31-40 ปี,1 คน,ปริญญาตรี,อาชีพอิสระ,3-4 คน,บ้านเดี่ยว / บ้านแฝด,พักอาศัยกับครอบครัว / ผู้อื่น,มีที่จอดรถส่วนตัว,"15,001-25,000 บาท","ไม่มี (หากตอบ ""ไม่มี"" ให้ข้ามไปตอบตอนที่ 3)",,,,,,ราคา,"800,001-1,200,000 บาท",เพื่อหลีกเลี่ยงปัญหาจากระบบการขนส่งมวลชน,ยังไม่มีแนวโน้มที่จะซื้อ,รถยนต์ไฮบริด (Hybrid),ความสะดวกในการใช้งาน,5,5,5,5,3,5,4,5,5,4,5,4,5,4,5,5,5,4,4,4,4
"26/7/2026, 17:19:10",หญิง,20-23 ปี,ไม่มีบุตร,ปวช. / ปวส.,พนักงานเอกชน,1-2 คน,บ้านเดี่ยว / บ้านแฝด,พักอาศัยกับครอบครัว / ผู้อื่น,มีที่จอดรถส่วนตัว,"25,001-35,000 บาท",มี,ขับทั้งในเมืองและนอกเมือง,1-2 วัน / สัปดาห์,31-50 กิโลเมตร,"ค่าไฟฟ้า, ปั๊มน้ำมัน / สถานีชาร์จ",รถยนต์สันดาป (ดีเซล / เบนซิน),ค่าไฟฟ้า,"800,001-1,200,000 บาท",เพื่อความสะดวกในการเดินทาง,ยังไม่มีแนวโน้มที่จะซื้อ,รถยนต์ไฟฟ้า (EV),ความสะดวกในการใช้งาน,4,3,4,5,5,5,4,5,4,5,5,5,4,5,4,4,5,5,4,4,4
"26/7/2026, 17:19:12",หญิง,24-26 ปี,1 คน,ปริญญาโท,นักเรียน / นักศึกษา,1-2 คน,บ้านเดี่ยว / บ้านแฝด,พักอาศัยกับครอบครัว / ผู้อื่น,มีที่จอดรถส่วนตัว,"25,001-35,000 บาท","ไม่มี (หากตอบ ""ไม่มี"" ให้ข้ามไปตอบตอนที่ 3)",,,,,,ความสามารถในการผ่อนชำระ,"มากกว่า 1,500,000 บาท",เพื่อความสะดวกในการเดินทาง,มีแนวโน้มที่จะซื้อ,รถยนต์ไฮบริด (Hybrid),"ความสะดวกในการใช้งาน, เทคโนโลยีและความทันสมัย",3,5,5,4,4,4,5,5,5,5,4,5,5,4,5,5,5,5,4,4,5
"26/7/2026, 17:19:14",ชาย,24-26 ปี,ไม่มีบุตร,ปริญญาโท,ค้าขาย,1-2 คน,บ้านเดี่ยว / บ้านแฝด,พักอาศัยกับครอบครัว / ผู้อื่น,มีที่จอดรถส่วนกลาง / เช่า,"35,001-50,000 บาท","ไม่มี (หากตอบ ""ไม่มี"" ให้ข้ามไปตอบตอนที่ 3)",,,,,,ค่าน้ำมัน,"800,001-1,200,000 บาท","เพื่อใช้ในการเดินทางไปทำงาน, เพื่อความสะดวกในการเดินทาง, เพื่อหลีกเลี่ยงปัญหาจากระบบการขนส่งมวลชน",ยังไม่มีแนวโน้มที่จะซื้อ,รถยนต์ไฟฟ้า (EV),"ราคาซื้อเริ่มต้น, ความสะดวกในการใช้งาน",5,3,5,5,5,4,5,5,3,5,5,4,5,4,4,5,5,5,4,5,5
"26/7/2026, 17:19:16",หญิง,51-60 ปี,2 คน,ต่ำกว่า ม.3,อาชีพอิสระ,5 คนขึ้นไป,บ้านเดี่ยว / บ้านแฝด,พักอาศัยกับครอบครัว / ผู้อื่น,ไม่มีที่จอดรถ,"35,001-50,000 บาท",มี,ขับทั้งในเมืองและนอกเมือง,ใช้เป็นครั้งคราว,51-70 กิโลเมตร,ปั๊มน้ำมัน / สถานีชาร์จ,รถยนต์สันดาป (ดีเซล / เบนซิน),ราคา,"1,200,000-1,500,000 บาท",เพื่อใช้ในการค้าขาย,มีแนวโน้มที่จะซื้อ,รถยนต์สันดาป (ดีเซล / เบนซิน),ประหยัดค่าเชื้อเพลิง,5,5,5,5,3,5,4,4,4,5,4,5,5,5,5,5,5,4,4,3,5
"26/7/2026, 17:19:17",หญิง,27-30 ปี,ไม่มีบุตร,ปริญญาตรี,ค้าขาย,1-2 คน,ทาวน์โฮม / ทาวเฮาท์,พักอาศัยกับครอบครัว / ผู้อื่น,ไม่มีที่จอดรถ,"15,001-25,000 บาท",มี,ขับทั้งในเมืองและนอกเมือง,3-4 วัน / สัปดาห์,10-30 กิโลเมตร,ปั๊มน้ำมัน / สถานีชาร์จ,รถยนต์ไฟฟ้า (EV),ค่าซ่อมบำรุง,"800,001-1,200,000 บาท","เพื่อใช้ในการเดินทางไปทำงาน, เพื่อหลีกเลี่ยงปัญหาจากระบบการขนส่งมวลชน",มีแนวโน้มที่จะซื้อ,รถยนต์สันดาป (ดีเซล / เบนซิน),ความสะดวกในการใช้งาน,5,5,5,4,4,5,3,5,3,5,3,4,3,4,5,4,5,5,5,4,5
"26/7/2026, 17:19:19",หญิง,31-40 ปี,ไม่มีบุตร,ปริญญาโท,พนักงานเอกชน,1-2 คน,บ้านเดี่ยว / บ้านแฝด,เช่า,ไม่มีที่จอดรถ,"25,001-35,000 บาท","ไม่มี (หากตอบ ""ไม่มี"" ให้ข้ามไปตอบตอนที่ 3)",,,,,,ค่าซ่อมบำรุง,"ต่ำกว่า 500,000 บาท",เพื่อความสะดวกในการเดินทาง,ยังไม่มีแนวโน้มที่จะซื้อ,รถยนต์สันดาป (ดีเซล / เบนซิน),"ราคาซื้อเริ่มต้น, ประหยัดค่าเชื้อเพลิง, เทคโนโลยีและความทันสมัย",5,4,4,5,4,5,5,4,5,5,5,4,5,4,5,5,2,4,5,5,5
"26/7/2026, 17:19:21",หญิง,20-23 ปี,1 คน,ปริญญาตรี,อาชีพอิสระ,3-4 คน,บ้านเดี่ยว / บ้านแฝด,เช่า,มีที่จอดรถส่วนตัว,"35,001-50,000 บาท",มี,ขับในเมือง,3-4 วัน / สัปดาห์,น้อยกว่า 10 กิโลเมตร,ราคาน้ำมัน,รถยนต์สันดาป (ดีเซล / เบนซิน),"ความสามารถในการผ่อนชำระ, ค่าซ่อมบำรุง","800,001-1,200,000 บาท",เพื่อใช้ในการค้าขาย,ยังไม่มีแนวโน้มที่จะซื้อ,รถยนต์ไฟฟ้า (EV),ความสะดวกในการใช้งาน,4,5,4,4,3,5,4,5,5,4,5,4,5,5,4,5,3,3,4,4,4
"26/7/2026, 17:19:23",ชาย,27-30 ปี,ไม่มีบุตร,ปริญญาโท,พนักงานเอกชน,3-4 คน,บ้านเดี่ยว / บ้านแฝด,พักอาศัยกับครอบครัว / ผู้อื่น,มีที่จอดรถส่วนกลาง / เช่า,"ต่ำกว่า 15,000 บาท",มี,ขับนอกเมือง,1-2 วัน / สัปดาห์,51-70 กิโลเมตร,"ราคาน้ำมัน, ปั๊มน้ำมัน / สถานีชาร์จ",รถยนต์สันดาป (ดีเซล / เบนซิน),ราคา,"800,001-1,200,000 บาท",เพื่อความสะดวกในการเดินทาง,มีแนวโน้มที่จะซื้อ,รถยนต์ไฮบริด (Hybrid),ราคาซื้อเริ่มต้น,5,5,5,5,4,5,5,4,4,4,4,5,5,5,5,5,4,5,5,5,4
"26/7/2026, 17:19:24",หญิง,51-60 ปี,ไม่มีบุตร,ปริญญาโท,ข้าราชการ,1-2 คน,บ้านเดี่ยว / บ้านแฝด,พักอาศัยกับครอบครัว / ผู้อื่น,มีที่จอดรถส่วนตัว,"25,001-35,000 บาท","ไม่มี (หากตอบ ""ไม่มี"" ให้ข้ามไปตอบตอนที่ 3)",,,,,,ค่าน้ำมัน,"1,200,000-1,500,000 บาท",เพื่อหลีกเลี่ยงปัญหาจากระบบการขนส่งมวลชน,ยังไม่มีแนวโน้มที่จะซื้อ,รถยนต์สันดาป (ดีเซล / เบนซิน),ความสะดวกในการใช้งาน,5,5,5,5,4,5,5,2,5,3,3,5,5,5,5,4,4,5,3,4,4
"26/7/2026, 17:19:26",หญิง,20-23 ปี,1 คน,ปริญญาตรี,นักเรียน / นักศึกษา,1-2 คน,บ้านเดี่ยว / บ้านแฝด,เช่า,มีที่จอดรถส่วนตัว,"ต่ำกว่า 15,000 บาท","ไม่มี (หากตอบ ""ไม่มี"" ให้ข้ามไปตอบตอนที่ 3)",,,,,,ราคา,"มากกว่า 1,500,000 บาท",เพื่อความสะดวกในการเดินทาง,ยังไม่มีแนวโน้มที่จะซื้อ,รถยนต์ไฮบริด (Hybrid),ความสะดวกในการใช้งาน,4,5,4,4,4,4,3,2,5,4,5,5,5,4,3,5,3,5,4,5,4
"26/7/2026, 17:19:27",ชาย,24-26 ปี,ไม่มีบุตร,ปริญญาโท,อาชีพอิสระ,3-4 คน,ทาวน์โฮม / ทาวเฮาท์,พักอาศัยกับครอบครัว / ผู้อื่น,ไม่มีที่จอดรถ,"มากกว่า 75,000","ไม่มี (หากตอบ ""ไม่มี"" ให้ข้ามไปตอบตอนที่ 3)",,,,,,"ความสามารถในการผ่อนชำระ, ค่าซ่อมบำรุง","มากกว่า 1,500,000 บาท",เพื่อความสะดวกในการเดินทาง,ยังไม่มีแนวโน้มที่จะซื้อ,รถยนต์สันดาป (ดีเซล / เบนซิน),ความสะดวกในการใช้งาน,5,5,4,4,5,5,4,5,3,4,5,4,4,5,4,5,5,4,4,4,4
"26/7/2026, 17:19:28",ชาย,51-60 ปี,ไม่มีบุตร,ปริญญาตรี,ข้าราชการ,1-2 คน,คอนโด / อพาร์ตเมนต์ / หอพัก,พักอาศัยกับครอบครัว / ผู้อื่น,ไม่มีที่จอดรถ,"50,001-75,000 บาท",มี,ขับนอกเมือง,3-4 วัน / สัปดาห์,31-50 กิโลเมตร,"ราคาน้ำมัน, ปั๊มน้ำมัน / สถานีชาร์จ",รถยนต์สันดาป (ดีเซล / เบนซิน),ราคา,"800,001-1,200,000 บาท",เพื่อความสะดวกในการเดินทาง,ยังไม่มีแนวโน้มที่จะซื้อ,รถยนต์สันดาป (ดีเซล / เบนซิน),ประหยัดค่าเชื้อเพลิง,5,4,5,5,3,5,5,5,5,5,4,5,5,5,5,3,3,5,5,5,4
"26/7/2026, 17:19:30",ชาย,20-23 ปี,2 คน,ปวช. / ปวส.,นักเรียน / นักศึกษา,3-4 คน,บ้านเดี่ยว / บ้านแฝด,เช่า,มีที่จอดรถส่วนตัว,"25,001-35,000 บาท",มี,ขับทั้งในเมืองและนอกเมือง,5-6 วัน / สัปดาห์,51-70 กิโลเมตร,"ราคาน้ำมัน, ปั๊มน้ำมัน / สถานีชาร์จ",รถยนต์สันดาป (ดีเซล / เบนซิน),"ความสามารถในการผ่อนชำระ, เทคโนโลยีและฟังก์ชันภายในรถ","มากกว่า 1,500,000 บาท",เพื่อความสะดวกในการเดินทาง,ยังไม่มีแนวโน้มที่จะซื้อ,รถยนต์ไฮบริด (Hybrid),ความสะดวกในการใช้งาน,5,5,4,3,5,5,5,5,2,4,4,4,3,4,4,4,4,5,4,5,5
"26/7/2026, 17:19:33",ชาย,27-30 ปี,ไม่มีบุตร,ปริญญาโท,อาชีพอิสระ,1-2 คน,บ้านเดี่ยว / บ้านแฝด,เช่า,มีที่จอดรถส่วนตัว,"50,001-75,000 บาท",มี,ขับทั้งในเมืองและนอกเมือง,ใช้งานทุกวัน,น้อยกว่า 10 กิโลเมตร,"ราคาน้ำมัน, อายุการใช้งาน",รถยนต์สันดาป (ดีเซล / เบนซิน),ราคา,"800,001-1,200,000 บาท",เพื่อความสะดวกในการเดินทาง,ยังไม่มีแนวโน้มที่จะซื้อ,รถยนต์ไฟฟ้า (EV),ความสะดวกในการใช้งาน,4,5,4,5,4,4,5,4,5,5,5,4,5,4,5,5,5,5,3,5,5
"26/7/2026, 17:19:34",หญิง,27-30 ปี,ไม่มีบุตร,ปริญญาตรี,พนักงานเอกชน,3-4 คน,บ้านเดี่ยว / บ้านแฝด,พักอาศัยกับครอบครัว / ผู้อื่น,ไม่มีที่จอดรถ,"15,001-25,000 บาท",มี,ขับในเมือง,ใช้เป็นครั้งคราว,51-70 กิโลเมตร,ราคาน้ำมัน,"รถยนต์สันดาป (ดีเซล / เบนซิน), รถยนต์ไฮบริด (Hybrid)",ราคา,"800,001-1,200,000 บาท",เพื่อหลีกเลี่ยงปัญหาจากระบบการขนส่งมวลชน,ยังไม่มีแนวโน้มที่จะซื้อ,รถยนต์ไฮบริด (Hybrid),ความสะดวกในการใช้งาน,5,4,5,4,4,5,5,5,5,5,4,3,5,5,5,5,4,5,5,5,4
"26/7/2026, 17:19:35",ชาย,27-30 ปี,2 คน,ปริญญาตรี,พนักงานเอกชน,1-2 คน,บ้านเดี่ยว / บ้านแฝด,พักอาศัยกับครอบครัว / ผู้อื่น,มีที่จอดรถส่วนกลาง / เช่า,"15,001-25,000 บาท","ไม่มี (หากตอบ ""ไม่มี"" ให้ข้ามไปตอบตอนที่ 3)",,,,,,"ความสามารถในการผ่อนชำระ, เทคโนโลยีและฟังก์ชันภายในรถ","มากกว่า 1,500,000 บาท",เพื่อความสะดวกในการเดินทาง,ยังไม่มีแนวโน้มที่จะซื้อ,รถยนต์ไฮบริด (Hybrid),"ราคาซื้อเริ่มต้น, ความสะดวกในการใช้งาน",5,5,4,5,4,5,4,3,2,5,4,4,5,5,3,5,5,5,3,5,5
"26/7/2026, 17:19:36",ชาย,20-23 ปี,ไม่มีบุตร,ปริญญาโท,นักเรียน / นักศึกษา,5 คนขึ้นไป,ทาวน์โฮม / ทาวเฮาท์,เช่า,มีที่จอดรถส่วนตัว,"25,001-35,000 บาท",มี,ขับนอกเมือง,3-4 วัน / สัปดาห์,มากกว่า 90 กิโลเมตร,ราคาน้ำมัน,รถยนต์สันดาป (ดีเซล / เบนซิน),ราคา,"มากกว่า 1,500,000 บาท","เพื่อความสะดวกในการเดินทาง, เพื่อหลีกเลี่ยงปัญหาจากระบบการขนส่งมวลชน",ยังไม่มีแนวโน้มที่จะซื้อ,รถยนต์ไฮบริด (Hybrid),ความสะดวกในการใช้งาน,5,5,5,5,4,5,5,4,5,5,5,5,4,5,5,5,5,4,5,4,3
"26/7/2026, 17:19:38",ชาย,24-26 ปี,ไม่มีบุตร,ปริญญาตรี,พนักงานเอกชน,3-4 คน,บ้านเดี่ยว / บ้านแฝด,เป็นเจ้าของ,ไม่มีที่จอดรถ,"15,001-25,000 บาท","ไม่มี (หากตอบ ""ไม่มี"" ให้ข้ามไปตอบตอนที่ 3)",,,,,,แบรนด์,"มากกว่า 1,500,000 บาท","เพื่อใช้ในการค้าขาย, เพื่อหลีกเลี่ยงปัญหาจากระบบการขนส่งมวลชน",ยังไม่มีแนวโน้มที่จะซื้อ,รถยนต์ไฟฟ้า (EV),"ประหยัดค่าเชื้อเพลิง, ความสะดวกในการใช้งาน",5,3,5,5,5,3,5,5,5,5,4,5,5,3,4,4,5,5,5,4,4
"26/7/2026, 17:19:39",หญิง,มากกว่า 60 ปี,1 คน,ม.3,เจ้าของกิจการ,1-2 คน,บ้านเดี่ยว / บ้านแฝด,เช่า,ไม่มีที่จอดรถ,"25,001-35,000 บาท",มี,ขับทั้งในเมืองและนอกเมือง,3-4 วัน / สัปดาห์,51-70 กิโลเมตร,"ราคาน้ำมัน, มูลค่าการขายต่อ",รถยนต์สันดาป (ดีเซล / เบนซิน),ค่าซ่อมบำรุง,"1,200,000-1,500,000 บาท",เพื่อใช้ในการค้าขาย,มีแนวโน้มที่จะซื้อ,รถยนต์ไฮบริด (Hybrid),ความสะดวกในการใช้งาน,4,5,3,4,4,3,5,4,5,4,5,5,5,4,4,3,4,5,5,5,5
"26/7/2026, 17:19:41",หญิง,31-40 ปี,ไม่มีบุตร,ปริญญาตรี,รัฐวิสาหกิจ,3-4 คน,ทาวน์โฮม / ทาวเฮาท์,พักอาศัยกับครอบครัว / ผู้อื่น,มีที่จอดรถส่วนกลาง / เช่า,"15,001-25,000 บาท",มี,ขับในเมือง,ใช้งานทุกวัน,10-30 กิโลเมตร,"ราคาน้ำมัน, ค่าไฟฟ้า",รถยนต์สันดาป (ดีเซล / เบนซิน),เทคโนโลยีและฟังก์ชันภายในรถ,"มากกว่า 1,500,000 บาท",เพื่อใช้ในการเดินทางท่องเที่ยว,ยังไม่มีแนวโน้มที่จะซื้อ,รถยนต์ไฟฟ้า (EV),ความสะดวกในการใช้งาน,5,5,4,5,5,5,4,5,5,4,4,5,5,4,5,5,3,5,5,3,5
"26/7/2026, 17:19:43",หญิง,24-26 ปี,1 คน,ปริญญาตรี,รัฐวิสาหกิจ,1-2 คน,คอนโด / อพาร์ตเมนต์ / หอพัก,เช่า,มีที่จอดรถส่วนกลาง / เช่า,"15,001-25,000 บาท",มี,ขับทั้งในเมืองและนอกเมือง,3-4 วัน / สัปดาห์,51-70 กิโลเมตร,"ราคาน้ำมัน, ปั๊มน้ำมัน / สถานีชาร์จ","รถยนต์สันดาป (ดีเซล / เบนซิน), รถยนต์ไฮบริด (Hybrid)",ราคา,"มากกว่า 1,500,000 บาท","เพื่อใช้ในการค้าขาย, เพื่อหลีกเลี่ยงปัญหาจากระบบการขนส่งมวลชน",ยังไม่มีแนวโน้มที่จะซื้อ,รถยนต์สันดาป (ดีเซล / เบนซิน),ความสะดวกในการใช้งาน,5,5,3,4,3,4,5,5,5,4,5,4,5,5,5,4,5,4,4,3,5
"26/7/2026, 17:19:45",หญิง,มากกว่า 60 ปี,1 คน,ม.3,ค้าขาย,3-4 คน,บ้านเดี่ยว / บ้านแฝด,เช่า,มีที่จอดรถส่วนกลาง / เช่า,"50,001-75,000 บาท","ไม่มี (หากตอบ ""ไม่มี"" ให้ข้ามไปตอบตอนที่ 3)",,,,,,ค่าซ่อมบำรุง,"ต่ำกว่า 500,000 บาท","เพื่อความสะดวกในการเดินทาง, เพื่อหลีกเลี่ยงปัญหาจากระบบการขนส่งมวลชน",ยังไม่มีแนวโน้มที่จะซื้อ,รถยนต์ไฟฟ้า (EV),ความสะดวกในการใช้งาน,4,5,5,3,5,3,4,5,5,5,5,5,5,5,5,5,5,5,5,4,5
"26/7/2026, 17:19:46",หญิง,27-30 ปี,ไม่มีบุตร,ปริญญาตรี,อาชีพอิสระ,3-4 คน,บ้านเดี่ยว / บ้านแฝด,พักอาศัยกับครอบครัว / ผู้อื่น,มีที่จอดรถส่วนกลาง / เช่า,"15,001-25,000 บาท","ไม่มี (หากตอบ ""ไม่มี"" ให้ข้ามไปตอบตอนที่ 3)",,,,,,สมรรถนะในการขับขี่,"800,001-1,200,000 บาท",เพื่อใช้ในการเดินทางท่องเที่ยว,ยังไม่มีแนวโน้มที่จะซื้อ,รถยนต์ไฟฟ้า (EV),ความสะดวกในการใช้งาน,3,5,5,4,4,5,5,5,4,5,4,5,4,5,5,4,5,5,5,4,5
"26/7/2026, 17:19:47",หญิง,24-26 ปี,1 คน,ปริญญาตรี,พนักงานเอกชน,1-2 คน,บ้านเดี่ยว / บ้านแฝด,พักอาศัยกับครอบครัว / ผู้อื่น,ไม่มีที่จอดรถ,"35,001-50,000 บาท",มี,ขับทั้งในเมืองและนอกเมือง,3-4 วัน / สัปดาห์,มากกว่า 90 กิโลเมตร,ราคาน้ำมัน,รถยนต์สันดาป (ดีเซล / เบนซิน),ราคา,"800,001-1,200,000 บาท","เพื่อใช้ในการเดินทางไปทำงาน, เพื่อความสะดวกในการเดินทาง, เพื่อหลีกเลี่ยงปัญหาจากระบบการขนส่งมวลชน",ยังไม่มีแนวโน้มที่จะซื้อ,รถยนต์ไฮบริด (Hybrid),"ราคาซื้อเริ่มต้น, ค่าบำรุงรักษา, เทคโนโลยีและความทันสมัย",4,5,5,5,5,5,3,4,5,5,4,5,4,4,4,5,4,3,5,5,5
"26/7/2026, 17:19:49",หญิง,24-26 ปี,1 คน,ปริญญาตรี,พนักงานเอกชน,1-2 คน,บ้านเดี่ยว / บ้านแฝด,เช่า,ไม่มีที่จอดรถ,"35,001-50,000 บาท",มี,ขับนอกเมือง,5-6 วัน / สัปดาห์,51-70 กิโลเมตร,ราคาน้ำมัน,รถยนต์สันดาป (ดีเซล / เบนซิน),ราคา,"1,200,000-1,500,000 บาท",เพื่อความสะดวกในการเดินทาง,ยังไม่มีแนวโน้มที่จะซื้อ,รถยนต์ไฮบริด (Hybrid),ความสะดวกในการใช้งาน,5,5,5,5,3,4,5,5,4,5,5,5,4,3,5,5,4,5,4,4,5
"26/7/2026, 17:19:51",หญิง,51-60 ปี,1 คน,ม.6,เจ้าของกิจการ,3-4 คน,บ้านเดี่ยว / บ้านแฝด,เช่า,มีที่จอดรถส่วนกลาง / เช่า,"50,001-75,000 บาท",มี,ขับทั้งในเมืองและนอกเมือง,ใช้งานทุกวัน,51-70 กิโลเมตร,ราคาน้ำมัน,รถยนต์สันดาป (ดีเซล / เบนซิน),ค่าซ่อมบำรุง,"500,001-800,000 บาท",เพื่อความสะดวกในการเดินทาง,ยังไม่มีแนวโน้มที่จะซื้อ,รถยนต์ไฮบริด (Hybrid),"ประหยัดค่าเชื้อเพลิง, ความสะดวกในการใช้งาน",5,5,4,5,5,4,5,3,5,5,5,3,5,5,5,5,5,3,4,4,5
"26/7/2026, 17:19:53",ชาย,51-60 ปี,2 คน,ม.3,ค้าขาย,5 คนขึ้นไป,บ้านเดี่ยว / บ้านแฝด,เช่า,มีที่จอดรถส่วนกลาง / เช่า,"50,001-75,000 บาท",มี,ขับทั้งในเมืองและนอกเมือง,1-2 วัน / สัปดาห์,10-30 กิโลเมตร,ปั๊มน้ำมัน / สถานีชาร์จ,รถยนต์สันดาป (ดีเซล / เบนซิน),ราคา,"ต่ำกว่า 500,000 บาท","เพื่อใช้ในการค้าขาย, เพื่อหลีกเลี่ยงปัญหาจากระบบการขนส่งมวลชน",ยังไม่มีแนวโน้มที่จะซื้อ,รถยนต์สันดาป (ดีเซล / เบนซิน),ความสะดวกในการใช้งาน,5,4,5,3,4,5,5,4,4,5,5,5,5,4,5,5,4,5,5,5,3
"26/7/2026, 17:19:55",ชาย,20-23 ปี,1 คน,ปริญญาโท,นักเรียน / นักศึกษา,3-4 คน,บ้านเดี่ยว / บ้านแฝด,เช่า,ไม่มีที่จอดรถ,"ต่ำกว่า 15,000 บาท",มี,ขับนอกเมือง,ใช้งานทุกวัน,น้อยกว่า 10 กิโลเมตร,ปั๊มน้ำมัน / สถานีชาร์จ,รถยนต์สันดาป (ดีเซล / เบนซิน),"ค่าน้ำมัน, ค่าซ่อมบำรุง","มากกว่า 1,500,000 บาท",เพื่อความสะดวกในการเดินทาง,ยังไม่มีแนวโน้มที่จะซื้อ,รถยนต์สันดาป (ดีเซล / เบนซิน),ความสะดวกในการใช้งาน,3,4,4,5,5,5,5,5,5,5,5,5,5,5,4,5,5,5,5,5,4
"26/7/2026, 17:19:56",หญิง,20-23 ปี,ไม่มีบุตร,ปริญญาตรี,นักเรียน / นักศึกษา,1-2 คน,บ้านเดี่ยว / บ้านแฝด,พักอาศัยกับครอบครัว / ผู้อื่น,ไม่มีที่จอดรถ,"15,001-25,000 บาท","ไม่มี (หากตอบ ""ไม่มี"" ให้ข้ามไปตอบตอนที่ 3)",,,,,,ราคา,"500,001-800,000 บาท",เพื่อความสะดวกในการเดินทาง,ยังไม่มีแนวโน้มที่จะซื้อ,รถยนต์ไฟฟ้า (EV),ความสะดวกในการใช้งาน,4,5,5,4,5,4,3,3,4,4,5,5,4,4,4,5,4,4,5,5,4
"26/7/2026, 17:19:57",หญิง,31-40 ปี,3 คน,ม.6,ข้าราชการ,1-2 คน,บ้านเดี่ยว / บ้านแฝด,พักอาศัยกับครอบครัว / ผู้อื่น,มีที่จอดรถส่วนกลาง / เช่า,"50,001-75,000 บาท",มี,ขับในเมือง,1-2 วัน / สัปดาห์,มากกว่า 90 กิโลเมตร,ราคาน้ำมัน,รถยนต์สันดาป (ดีเซล / เบนซิน),ราคา,"มากกว่า 1,500,000 บาท",เพื่อความสะดวกในการเดินทาง,ยังไม่มีแนวโน้มที่จะซื้อ,รถยนต์สันดาป (ดีเซล / เบนซิน),ความสะดวกในการใช้งาน,4,5,5,4,5,5,4,5,5,5,5,4,4,5,5,5,5,3,3,5,5
"26/7/2026, 17:19:59",ชาย,41-50 ปี,1 คน,ปริญญาโท,รัฐวิสาหกิจ,1-2 คน,บ้านเดี่ยว / บ้านแฝด,เป็นเจ้าของ,ไม่มีที่จอดรถ,"มากกว่า 75,000",มี,ขับในเมือง,ใช้เป็นครั้งคราว,51-70 กิโลเมตร,อายุการใช้งาน,รถยนต์สันดาป (ดีเซล / เบนซิน),ราคา,"ต่ำกว่า 500,000 บาท",เพื่อความสะดวกในการเดินทาง,ยังไม่มีแนวโน้มที่จะซื้อ,รถยนต์ไฟฟ้า (EV),ความสะดวกในการใช้งาน,5,4,4,5,4,4,5,5,4,5,4,4,5,4,5,4,4,4,5,4,5
"26/7/2026, 17:20:00",ชาย,24-26 ปี,ไม่มีบุตร,ปริญญาตรี,พนักงานเอกชน,1-2 คน,บ้านเดี่ยว / บ้านแฝด,พักอาศัยกับครอบครัว / ผู้อื่น,ไม่มีที่จอดรถ,"35,001-50,000 บาท",มี,ขับทั้งในเมืองและนอกเมือง,ใช้เป็นครั้งคราว,น้อยกว่า 10 กิโลเมตร,ราคาน้ำมัน,"รถยนต์สันดาป (ดีเซล / เบนซิน), รถยนต์ไฮบริด (Hybrid)","ราคา, ค่าไฟฟ้า","1,200,000-1,500,000 บาท",เพื่อใช้ในการเดินทางไปทำงาน,ยังไม่มีแนวโน้มที่จะซื้อ,รถยนต์ไฟฟ้า (EV),ความสะดวกในการใช้งาน,4,4,5,4,5,4,3,4,5,5,5,5,4,4,5,3,5,5,5,4,5
"26/7/2026, 17:20:02",ชาย,27-30 ปี,ไม่มีบุตร,ปริญญาตรี,รัฐวิสาหกิจ,3-4 คน,บ้านเดี่ยว / บ้านแฝด,เป็นเจ้าของ,มีที่จอดรถส่วนตัว,"50,001-75,000 บาท","ไม่มี (หากตอบ ""ไม่มี"" ให้ข้ามไปตอบตอนที่ 3)",,,,,,ราคา,"800,001-1,200,000 บาท",เพื่อใช้ในการเดินทางท่องเที่ยว,ยังไม่มีแนวโน้มที่จะซื้อ,รถยนต์ไฮบริด (Hybrid),ความสะดวกในการใช้งาน,5,5,4,4,3,4,5,5,5,5,5,5,5,4,5,5,3,5,5,5,5
"26/7/2026, 17:20:04",หญิง,มากกว่า 60 ปี,2 คน,ม.6,เจ้าของกิจการ,1-2 คน,บ้านเดี่ยว / บ้านแฝด,พักอาศัยกับครอบครัว / ผู้อื่น,มีที่จอดรถส่วนกลาง / เช่า,"35,001-50,000 บาท","ไม่มี (หากตอบ ""ไม่มี"" ให้ข้ามไปตอบตอนที่ 3)",,,,,,ราคา,"มากกว่า 1,500,000 บาท","เพื่อใช้ในการค้าขาย, เพื่อหลีกเลี่ยงปัญหาจากระบบการขนส่งมวลชน",ยังไม่มีแนวโน้มที่จะซื้อ,รถยนต์สันดาป (ดีเซล / เบนซิน),ความสะดวกในการใช้งาน,5,4,2,5,5,4,5,5,4,5,5,3,3,3,5,5,3,5,4,5,4
"26/7/2026, 17:20:06",หญิง,31-40 ปี,ไม่มีบุตร,ปริญญาโท,รัฐวิสาหกิจ,5 คนขึ้นไป,บ้านเดี่ยว / บ้านแฝด,เช่า,มีที่จอดรถส่วนกลาง / เช่า,"50,001-75,000 บาท","ไม่มี (หากตอบ ""ไม่มี"" ให้ข้ามไปตอบตอนที่ 3)",,,,,,ราคา,"ต่ำกว่า 500,000 บาท",เพื่อความสะดวกในการเดินทาง,ยังไม่มีแนวโน้มที่จะซื้อ,รถยนต์ไฮบริด (Hybrid),ความสะดวกในการใช้งาน,4,4,4,3,4,5,5,4,5,5,4,5,5,5,4,5,5,4,4,4,5
"26/7/2026, 17:20:07",หญิง,27-30 ปี,ไม่มีบุตร,ปริญญาตรี,พนักงานเอกชน,5 คนขึ้นไป,บ้านเดี่ยว / บ้านแฝด,เช่า,ไม่มีที่จอดรถ,"35,001-50,000 บาท","ไม่มี (หากตอบ ""ไม่มี"" ให้ข้ามไปตอบตอนที่ 3)",,,,,,ราคา,"มากกว่า 1,500,000 บาท","เพื่อใช้ในการค้าขาย, เพื่อความสะดวกในการเดินทาง",มีแนวโน้มที่จะซื้อ,รถยนต์ไฮบริด (Hybrid),ความสะดวกในการใช้งาน,4,5,5,4,5,5,5,4,4,4,5,5,5,5,5,4,4,5,5,4,4
"26/7/2026, 17:20:09",ชาย,24-26 ปี,1 คน,ปริญญาตรี,พนักงานเอกชน,3-4 คน,บ้านเดี่ยว / บ้านแฝด,พักอาศัยกับครอบครัว / ผู้อื่น,ไม่มีที่จอดรถ,"35,001-50,000 บาท",มี,ขับทั้งในเมืองและนอกเมือง,ใช้เป็นครั้งคราว,น้อยกว่า 10 กิโลเมตร,"ราคาน้ำมัน, ค่าไฟฟ้า",รถยนต์สันดาป (ดีเซล / เบนซิน),ราคา,"มากกว่า 1,500,000 บาท",เพื่อใช้ในการเดินทางท่องเที่ยว,ยังไม่มีแนวโน้มที่จะซื้อ,รถยนต์ไฮบริด (Hybrid),ความสะดวกในการใช้งาน,5,4,4,4,4,5,4,5,4,5,4,4,4,4,4,5,5,5,4,4,5
"26/7/2026, 17:20:11",ชาย,24-26 ปี,ไม่มีบุตร,ปริญญาเอก,อาชีพอิสระ,3-4 คน,บ้านเดี่ยว / บ้านแฝด,พักอาศัยกับครอบครัว / ผู้อื่น,มีที่จอดรถส่วนกลาง / เช่า,"15,001-25,000 บาท",มี,ขับทั้งในเมืองและนอกเมือง,3-4 วัน / สัปดาห์,71-90 กิโลเมตร,ราคาน้ำมัน,รถยนต์สันดาป (ดีเซล / เบนซิน),"ราคา, ค่าไฟฟ้า","มากกว่า 1,500,000 บาท",เพื่อความสะดวกในการเดินทาง,ยังไม่มีแนวโน้มที่จะซื้อ,รถยนต์ไฮบริด (Hybrid),ความสะดวกในการใช้งาน,2,5,3,4,5,5,4,5,5,5,4,3,4,4,5,5,4,5,5,5,4
"26/7/2026, 17:20:13",ชาย,51-60 ปี,1 คน,ปริญญาโท,เจ้าของกิจการ,3-4 คน,บ้านเดี่ยว / บ้านแฝด,เช่า,ไม่มีที่จอดรถ,"15,001-25,000 บาท","ไม่มี (หากตอบ ""ไม่มี"" ให้ข้ามไปตอบตอนที่ 3)",,,,,,เทคโนโลยีและฟังก์ชันภายในรถ,"มากกว่า 1,500,000 บาท",เพื่อความสะดวกในการเดินทาง,ยังไม่มีแนวโน้มที่จะซื้อ,รถยนต์สันดาป (ดีเซล / เบนซิน),ความสะดวกในการใช้งาน,3,4,4,5,4,4,4,4,5,5,3,5,4,4,4,3,4,4,5,4,5
"26/7/2026, 17:20:15",ชาย,24-26 ปี,ไม่มีบุตร,ปริญญาโท,อาชีพอิสระ,3-4 คน,บ้านเดี่ยว / บ้านแฝด,พักอาศัยกับครอบครัว / ผู้อื่น,มีที่จอดรถส่วนกลาง / เช่า,"35,001-50,000 บาท","ไม่มี (หากตอบ ""ไม่มี"" ให้ข้ามไปตอบตอนที่ 3)",,,,,,ราคา,"มากกว่า 1,500,000 บาท",เพื่อความสะดวกในการเดินทาง,ยังไม่มีแนวโน้มที่จะซื้อ,รถยนต์สันดาป (ดีเซล / เบนซิน),"ประหยัดค่าเชื้อเพลิง, ความสะดวกในการใช้งาน",3,4,4,5,4,5,5,5,5,3,4,5,5,5,5,4,4,5,4,5,5
"26/7/2026, 17:20:16",หญิง,31-40 ปี,2 คน,ปริญญาโท,ข้าราชการ,3-4 คน,บ้านเดี่ยว / บ้านแฝด,พักอาศัยกับครอบครัว / ผู้อื่น,มีที่จอดรถส่วนกลาง / เช่า,"25,001-35,000 บาท",มี,ขับในเมือง,ใช้เป็นครั้งคราว,10-30 กิโลเมตร,"ปั๊มน้ำมัน / สถานีชาร์จ, มูลค่าการขายต่อ",รถยนต์สันดาป (ดีเซล / เบนซิน),ราคา,"800,001-1,200,000 บาท",เพื่อความสะดวกในการเดินทาง,ยังไม่มีแนวโน้มที่จะซื้อ,รถยนต์ไฟฟ้า (EV),ความสะดวกในการใช้งาน,5,5,4,3,3,4,4,4,4,4,5,4,5,2,4,5,2,3,5,5,4
"26/7/2026, 17:20:18",หญิง,41-50 ปี,ไม่มีบุตร,ปริญญาโท,รัฐวิสาหกิจ,3-4 คน,บ้านเดี่ยว / บ้านแฝด,เช่า,มีที่จอดรถส่วนกลาง / เช่า,"25,001-35,000 บาท",มี,ขับในเมือง,ใช้เป็นครั้งคราว,น้อยกว่า 10 กิโลเมตร,ราคาน้ำมัน,รถยนต์สันดาป (ดีเซล / เบนซิน),"ราคา, ค่าไฟฟ้า","800,001-1,200,000 บาท",เพื่อหลีกเลี่ยงปัญหาจากระบบการขนส่งมวลชน,ยังไม่มีแนวโน้มที่จะซื้อ,รถยนต์สันดาป (ดีเซล / เบนซิน),"ราคาซื้อเริ่มต้น, ความสะดวกในการใช้งาน",5,5,5,4,5,3,5,5,4,3,3,4,5,5,5,2,4,4,4,4,5
"26/7/2026, 17:20:20",หญิง,20-23 ปี,ไม่มีบุตร,ปริญญาตรี,อาชีพอิสระ,3-4 คน,บ้านเดี่ยว / บ้านแฝด,พักอาศัยกับครอบครัว / ผู้อื่น,มีที่จอดรถส่วนกลาง / เช่า,"15,001-25,000 บาท","ไม่มี (หากตอบ ""ไม่มี"" ให้ข้ามไปตอบตอนที่ 3)",,,,,,ราคา,"1,200,000-1,500,000 บาท",เพื่อความสะดวกในการเดินทาง,ยังไม่มีแนวโน้มที่จะซื้อ,รถยนต์สันดาป (ดีเซล / เบนซิน),ราคาซื้อเริ่มต้น,4,4,5,5,4,4,5,5,5,5,5,4,5,3,5,4,5,5,4,5,5
"26/7/2026, 17:20:22",หญิง,20-23 ปี,1 คน,ปริญญาตรี,นักเรียน / นักศึกษา,1-2 คน,บ้านเดี่ยว / บ้านแฝด,พักอาศัยกับครอบครัว / ผู้อื่น,มีที่จอดรถส่วนตัว,"ต่ำกว่า 15,000 บาท",มี,ขับในเมือง,3-4 วัน / สัปดาห์,10-30 กิโลเมตร,ราคาน้ำมัน,รถยนต์สันดาป (ดีเซล / เบนซิน),"ค่าซ่อมบำรุง, ความคุ้มค่าโดยรวม","800,001-1,200,000 บาท","เพื่อใช้ในการค้าขาย, เพื่อใช้ในการเดินทางท่องเที่ยว, เพื่อหลีกเลี่ยงปัญหาจากระบบการขนส่งมวลชน",ยังไม่มีแนวโน้มที่จะซื้อ,รถยนต์ไฟฟ้า (EV),"ราคาซื้อเริ่มต้น, ความสะดวกในการใช้งาน, เทคโนโลยีและความทันสมัย",5,5,5,5,5,4,5,3,5,5,5,4,4,4,4,5,4,3,5,5,3
"26/7/2026, 17:20:24",ชาย,20-23 ปี,3 คน,ปริญญาตรี,นักเรียน / นักศึกษา,5 คนขึ้นไป,ทาวน์โฮม / ทาวเฮาท์,เช่า,มีที่จอดรถส่วนกลาง / เช่า,"15,001-25,000 บาท","ไม่มี (หากตอบ ""ไม่มี"" ให้ข้ามไปตอบตอนที่ 3)",,,,,,ค่าน้ำมัน,"มากกว่า 1,500,000 บาท","เพื่อใช้ในการค้าขาย, เพื่อใช้ในการเดินทางท่องเที่ยว",มีแนวโน้มที่จะซื้อ,รถยนต์สันดาป (ดีเซล / เบนซิน),ความสะดวกในการใช้งาน,5,5,4,5,5,4,5,5,5,4,5,5,5,4,4,5,5,5,5,3,5
"26/7/2026, 17:20:26",หญิง,20-23 ปี,ไม่มีบุตร,ปริญญาตรี,นักเรียน / นักศึกษา,5 คนขึ้นไป,บ้านเดี่ยว / บ้านแฝด,พักอาศัยกับครอบครัว / ผู้อื่น,มีที่จอดรถส่วนตัว,"35,001-50,000 บาท",มี,ขับในเมือง,ใช้เป็นครั้งคราว,31-50 กิโลเมตร,ปั๊มน้ำมัน / สถานีชาร์จ,"รถยนต์สันดาป (ดีเซล / เบนซิน), รถยนต์ไฟฟ้า (EV)",ค่าซ่อมบำรุง,"1,200,000-1,500,000 บาท",เพื่อหลีกเลี่ยงปัญหาจากระบบการขนส่งมวลชน,ยังไม่มีแนวโน้มที่จะซื้อ,รถยนต์สันดาป (ดีเซล / เบนซิน),"ความสะดวกในการใช้งาน, เทคโนโลยีและความทันสมัย",3,4,5,5,4,5,4,5,5,5,4,5,4,5,4,5,5,4,5,4,4
"26/7/2026, 17:20:27",ชาย,20-23 ปี,1 คน,ปริญญาตรี,นักเรียน / นักศึกษา,5 คนขึ้นไป,บ้านเดี่ยว / บ้านแฝด,พักอาศัยกับครอบครัว / ผู้อื่น,มีที่จอดรถส่วนตัว,"15,001-25,000 บาท",มี,ขับนอกเมือง,ใช้เป็นครั้งคราว,51-70 กิโลเมตร,ราคาน้ำมัน,รถยนต์สันดาป (ดีเซล / เบนซิน),ค่าซ่อมบำรุง,"500,001-800,000 บาท",เพื่อความสะดวกในการเดินทาง,ยังไม่มีแนวโน้มที่จะซื้อ,รถยนต์ไฟฟ้า (EV),เทคโนโลยีและความทันสมัย,4,4,4,3,5,4,5,5,5,5,5,5,5,4,4,5,4,5,5,4,2
"26/7/2026, 17:20:28",หญิง,31-40 ปี,1 คน,ปริญญาตรี,พนักงานเอกชน,3-4 คน,บ้านเดี่ยว / บ้านแฝด,พักอาศัยกับครอบครัว / ผู้อื่น,ไม่มีที่จอดรถ,"25,001-35,000 บาท","ไม่มี (หากตอบ ""ไม่มี"" ให้ข้ามไปตอบตอนที่ 3)",,,,,,ค่าน้ำมัน,"800,001-1,200,000 บาท",เพื่อใช้ในการเดินทางไปทำงาน,ยังไม่มีแนวโน้มที่จะซื้อ,รถยนต์ไฟฟ้า (EV),"ความสะดวกในการใช้งาน, เทคโนโลยีและความทันสมัย",3,4,3,4,5,3,5,3,3,4,5,4,5,5,5,4,5,4,5,5,5
"26/7/2026, 17:20:29",หญิง,31-40 ปี,1 คน,ปริญญาโท,เจ้าของกิจการ,3-4 คน,คอนโด / อพาร์ตเมนต์ / หอพัก,พักอาศัยกับครอบครัว / ผู้อื่น,มีที่จอดรถส่วนตัว,"ต่ำกว่า 15,000 บาท",มี,ขับนอกเมือง,5-6 วัน / สัปดาห์,10-30 กิโลเมตร,"ราคาน้ำมัน, ศูนย์บริการและอะไหล่",รถยนต์สันดาป (ดีเซล / เบนซิน),ราคา,"1,200,000-1,500,000 บาท",เพื่อความสะดวกในการเดินทาง,ยังไม่มีแนวโน้มที่จะซื้อ,รถยนต์ไฮบริด (Hybrid),เทคโนโลยีและความทันสมัย,5,5,5,5,5,5,4,5,5,5,5,4,5,3,5,4,5,5,5,5,5
"26/7/2026, 17:20:31",ชาย,31-40 ปี,1 คน,ปริญญาตรี,พนักงานเอกชน,1-2 คน,บ้านเดี่ยว / บ้านแฝด,พักอาศัยกับครอบครัว / ผู้อื่น,มีที่จอดรถส่วนกลาง / เช่า,"15,001-25,000 บาท",มี,ขับในเมือง,ใช้งานทุกวัน,31-50 กิโลเมตร,ปั๊มน้ำมัน / สถานีชาร์จ,รถยนต์สันดาป (ดีเซล / เบนซิน),ราคา,"มากกว่า 1,500,000 บาท","เพื่อใช้ในการเดินทางท่องเที่ยว, เพื่อหลีกเลี่ยงปัญหาจากระบบการขนส่งมวลชน",ยังไม่มีแนวโน้มที่จะซื้อ,รถยนต์ไฮบริด (Hybrid),ความสะดวกในการใช้งาน,4,5,5,4,5,4,2,5,5,3,5,4,5,5,5,3,4,5,3,5,5
"26/7/2026, 17:20:33",หญิง,27-30 ปี,1 คน,ปริญญาโท,นักเรียน / นักศึกษา,3-4 คน,บ้านเดี่ยว / บ้านแฝด,เช่า,มีที่จอดรถส่วนกลาง / เช่า,"15,001-25,000 บาท",มี,ขับในเมือง,1-2 วัน / สัปดาห์,51-70 กิโลเมตร,"ราคาน้ำมัน, ศูนย์บริการและอะไหล่",รถยนต์สันดาป (ดีเซล / เบนซิน),ค่าไฟฟ้า,"มากกว่า 1,500,000 บาท",เพื่อความสะดวกในการเดินทาง,มีแนวโน้มที่จะซื้อ,รถยนต์ไฮบริด (Hybrid),"ความสะดวกในการใช้งาน, เทคโนโลยีและความทันสมัย",5,5,5,4,4,4,5,5,5,4,5,5,5,4,5,4,5,3,5,5,4
"26/7/2026, 17:20:35",ชาย,20-23 ปี,ไม่มีบุตร,ปริญญาโท,รัฐวิสาหกิจ,1-2 คน,ทาวน์โฮม / ทาวเฮาท์,พักอาศัยกับครอบครัว / ผู้อื่น,ไม่มีที่จอดรถ,"15,001-25,000 บาท","ไม่มี (หากตอบ ""ไม่มี"" ให้ข้ามไปตอบตอนที่ 3)",,,,,,ค่าซ่อมบำรุง,"800,001-1,200,000 บาท",เพื่อความสะดวกในการเดินทาง,ยังไม่มีแนวโน้มที่จะซื้อ,รถยนต์สันดาป (ดีเซล / เบนซิน),ราคาซื้อเริ่มต้น,4,5,5,5,5,5,5,5,5,4,4,4,5,4,5,5,5,3,4,4,5
"26/7/2026, 17:20:36",ชาย,24-26 ปี,1 คน,ปริญญาตรี,รัฐวิสาหกิจ,5 คนขึ้นไป,บ้านเดี่ยว / บ้านแฝด,เช่า,ไม่มีที่จอดรถ,"50,001-75,000 บาท","ไม่มี (หากตอบ ""ไม่มี"" ให้ข้ามไปตอบตอนที่ 3)",,,,,,"ราคา, ความสามารถในการผ่อนชำระ, ค่าไฟฟ้า","500,001-800,000 บาท",เพื่อความสะดวกในการเดินทาง,มีแนวโน้มที่จะซื้อ,รถยนต์ไฮบริด (Hybrid),ความสะดวกในการใช้งาน,5,5,5,5,4,4,5,4,4,4,5,4,5,4,5,4,4,5,4,3,4
"26/7/2026, 17:20:38",หญิง,31-40 ปี,ไม่มีบุตร,ปริญญาตรี,พนักงานเอกชน,5 คนขึ้นไป,บ้านเดี่ยว / บ้านแฝด,เช่า,มีที่จอดรถส่วนตัว,"ต่ำกว่า 15,000 บาท",มี,ขับในเมือง,1-2 วัน / สัปดาห์,51-70 กิโลเมตร,ราคาน้ำมัน,รถยนต์สันดาป (ดีเซล / เบนซิน),ราคา,"ต่ำกว่า 500,000 บาท",เพื่อความสะดวกในการเดินทาง,ยังไม่มีแนวโน้มที่จะซื้อ,รถยนต์สันดาป (ดีเซล / เบนซิน),"ประหยัดค่าเชื้อเพลิง, ความสะดวกในการใช้งาน",5,4,5,5,4,4,4,5,5,5,5,5,4,3,5,4,4,5,4,5,4
"26/7/2026, 17:20:40",หญิง,20-23 ปี,ไม่มีบุตร,ปริญญาตรี,นักเรียน / นักศึกษา,3-4 คน,บ้านเดี่ยว / บ้านแฝด,พักอาศัยกับครอบครัว / ผู้อื่น,ไม่มีที่จอดรถ,"15,001-25,000 บาท","ไม่มี (หากตอบ ""ไม่มี"" ให้ข้ามไปตอบตอนที่ 3)",,,,,,ราคา,"800,001-1,200,000 บาท","เพื่อใช้ในการค้าขาย, เพื่อความสะดวกในการเดินทาง",ยังไม่มีแนวโน้มที่จะซื้อ,รถยนต์ไฟฟ้า (EV),"ประหยัดค่าเชื้อเพลิง, ความสะดวกในการใช้งาน",4,5,5,4,5,5,5,5,5,5,4,3,5,3,3,4,3,5,5,4,4
"26/7/2026, 17:20:41",ชาย,27-30 ปี,มากกว่า 3 คน,ปริญญาเอก,พนักงานเอกชน,1-2 คน,บ้านเดี่ยว / บ้านแฝด,พักอาศัยกับครอบครัว / ผู้อื่น,มีที่จอดรถส่วนกลาง / เช่า,"25,001-35,000 บาท",มี,ขับทั้งในเมืองและนอกเมือง,3-4 วัน / สัปดาห์,31-50 กิโลเมตร,ศูนย์บริการและอะไหล่,รถยนต์สันดาป (ดีเซล / เบนซิน),ราคา,"800,001-1,200,000 บาท",เพื่อความสะดวกในการเดินทาง,ยังไม่มีแนวโน้มที่จะซื้อ,รถยนต์ไฮบริด (Hybrid),"ราคาซื้อเริ่มต้น, ความสะดวกในการใช้งาน",5,4,5,5,4,4,5,4,3,3,4,5,4,4,4,5,5,3,3,2,5
"26/7/2026, 17:20:43",หญิง,มากกว่า 60 ปี,1 คน,ปริญญาโท,อาชีพอิสระ,1-2 คน,บ้านเดี่ยว / บ้านแฝด,พักอาศัยกับครอบครัว / ผู้อื่น,มีที่จอดรถส่วนตัว,"25,001-35,000 บาท","ไม่มี (หากตอบ ""ไม่มี"" ให้ข้ามไปตอบตอนที่ 3)",,,,,,ราคา,"มากกว่า 1,500,000 บาท",เพื่อความสะดวกในการเดินทาง,ยังไม่มีแนวโน้มที่จะซื้อ,รถยนต์ไฟฟ้า (EV),ความสะดวกในการใช้งาน,4,5,5,5,5,5,4,5,5,4,4,4,4,5,5,3,5,5,2,5,4
"26/7/2026, 17:20:44",ชาย,มากกว่า 60 ปี,1 คน,ปริญญาตรี,เจ้าของกิจการ,1-2 คน,คอนโด / อพาร์ตเมนต์ / หอพัก,พักอาศัยกับครอบครัว / ผู้อื่น,มีที่จอดรถส่วนตัว,"25,001-35,000 บาท","ไม่มี (หากตอบ ""ไม่มี"" ให้ข้ามไปตอบตอนที่ 3)",,,,,,"ค่าน้ำมัน, ค่าซ่อมบำรุง","800,001-1,200,000 บาท",เพื่อความสะดวกในการเดินทาง,ยังไม่มีแนวโน้มที่จะซื้อ,รถยนต์สันดาป (ดีเซล / เบนซิน),ความสะดวกในการใช้งาน,5,3,5,4,4,4,5,4,5,5,5,3,5,4,4,5,4,4,4,3,4
"26/7/2026, 17:20:45",หญิง,27-30 ปี,ไม่มีบุตร,ปริญญาเอก,ข้าราชการ,3-4 คน,คอนโด / อพาร์ตเมนต์ / หอพัก,เช่า,ไม่มีที่จอดรถ,"35,001-50,000 บาท","ไม่มี (หากตอบ ""ไม่มี"" ให้ข้ามไปตอบตอนที่ 3)",,,,,,ค่าซ่อมบำรุง,"มากกว่า 1,500,000 บาท",เพื่อความสะดวกในการเดินทาง,ยังไม่มีแนวโน้มที่จะซื้อ,รถยนต์สันดาป (ดีเซล / เบนซิน),ความสะดวกในการใช้งาน,1,4,5,5,5,2,4,5,4,5,4,5,4,4,4,5,4,5,3,5,5
"26/7/2026, 17:20:46",หญิง,27-30 ปี,2 คน,ปริญญาเอก,พนักงานเอกชน,5 คนขึ้นไป,บ้านเดี่ยว / บ้านแฝด,เช่า,มีที่จอดรถส่วนกลาง / เช่า,"50,001-75,000 บาท",มี,ขับนอกเมือง,1-2 วัน / สัปดาห์,10-30 กิโลเมตร,ราคาน้ำมัน,รถยนต์สันดาป (ดีเซล / เบนซิน),สมรรถนะในการขับขี่,"800,001-1,200,000 บาท",เพื่อใช้ในการเดินทางไปทำงาน,มีแนวโน้มที่จะซื้อ,รถยนต์สันดาป (ดีเซล / เบนซิน),"ความสะดวกในการใช้งาน, เทคโนโลยีและความทันสมัย",5,5,4,5,3,4,5,5,5,5,4,5,4,5,5,5,5,4,5,4,5
"26/7/2026, 17:20:48",หญิง,20-23 ปี,1 คน,ปริญญาตรี,นักเรียน / นักศึกษา,1-2 คน,บ้านเดี่ยว / บ้านแฝด,พักอาศัยกับครอบครัว / ผู้อื่น,ไม่มีที่จอดรถ,"ต่ำกว่า 15,000 บาท","ไม่มี (หากตอบ ""ไม่มี"" ให้ข้ามไปตอบตอนที่ 3)",,,,,,ราคา,"มากกว่า 1,500,000 บาท","เพื่อใช้ในการค้าขาย, เพื่อความสะดวกในการเดินทาง, เพื่อหลีกเลี่ยงปัญหาจากระบบการขนส่งมวลชน",มีแนวโน้มที่จะซื้อ,รถยนต์ไฮบริด (Hybrid),ความสะดวกในการใช้งาน,5,5,5,3,4,5,4,4,5,3,4,4,3,2,5,4,5,5,4,3,5
"26/7/2026, 17:20:49",ชาย,20-23 ปี,ไม่มีบุตร,ปริญญาตรี,นักเรียน / นักศึกษา,1-2 คน,ทาวน์โฮม / ทาวเฮาท์,พักอาศัยกับครอบครัว / ผู้อื่น,มีที่จอดรถส่วนกลาง / เช่า,"ต่ำกว่า 15,000 บาท","ไม่มี (หากตอบ ""ไม่มี"" ให้ข้ามไปตอบตอนที่ 3)",,,,,,"ค่าไฟฟ้า, ค่าซ่อมบำรุง, สมรรถนะในการขับขี่","1,200,000-1,500,000 บาท",เพื่อความสะดวกในการเดินทาง,ยังไม่มีแนวโน้มที่จะซื้อ,รถยนต์ไฮบริด (Hybrid),ความสะดวกในการใช้งาน,5,5,5,4,4,5,3,4,4,4,5,5,4,5,5,4,5,5,5,5,4
"26/7/2026, 17:20:51",หญิง,41-50 ปี,2 คน,ต่ำกว่า ม.3,พนักงานเอกชน,3-4 คน,บ้านเดี่ยว / บ้านแฝด,เช่า,ไม่มีที่จอดรถ,"15,001-25,000 บาท","ไม่มี (หากตอบ ""ไม่มี"" ให้ข้ามไปตอบตอนที่ 3)",,,,,,"ค่าไฟฟ้า, แบรนด์, การรับประกันและบริการหลังการขาย","500,001-800,000 บาท",เพื่อความสะดวกในการเดินทาง,มีแนวโน้มที่จะซื้อ,รถยนต์ไฟฟ้า (EV),ความสะดวกในการใช้งาน,4,4,5,5,4,5,4,4,5,5,4,5,5,3,4,5,5,4,4,4,4
"26/7/2026, 17:20:53",ชาย,24-26 ปี,ไม่มีบุตร,ปริญญาโท,พนักงานเอกชน,3-4 คน,บ้านเดี่ยว / บ้านแฝด,พักอาศัยกับครอบครัว / ผู้อื่น,ไม่มีที่จอดรถ,"25,001-35,000 บาท",มี,ขับทั้งในเมืองและนอกเมือง,5-6 วัน / สัปดาห์,51-70 กิโลเมตร,ราคาน้ำมัน,รถยนต์สันดาป (ดีเซล / เบนซิน),ราคา,"1,200,000-1,500,000 บาท",เพื่อความสะดวกในการเดินทาง,ยังไม่มีแนวโน้มที่จะซื้อ,รถยนต์ไฮบริด (Hybrid),"ราคาซื้อเริ่มต้น, ความสะดวกในการใช้งาน",4,4,5,2,5,4,5,5,5,5,4,4,5,5,5,3,4,5,4,5,5
"26/7/2026, 17:20:54",ชาย,31-40 ปี,1 คน,ปริญญาโท,พนักงานเอกชน,1-2 คน,บ้านเดี่ยว / บ้านแฝด,พักอาศัยกับครอบครัว / ผู้อื่น,ไม่มีที่จอดรถ,"25,001-35,000 บาท",มี,ขับทั้งในเมืองและนอกเมือง,1-2 วัน / สัปดาห์,51-70 กิโลเมตร,มูลค่าการขายต่อ,รถยนต์สันดาป (ดีเซล / เบนซิน),"ค่าน้ำมัน, สมรรถนะในการขับขี่","800,001-1,200,000 บาท","เพื่อใช้ในการเดินทางไปทำงาน, เพื่อหลีกเลี่ยงปัญหาจากระบบการขนส่งมวลชน",ยังไม่มีแนวโน้มที่จะซื้อ,รถยนต์ไฟฟ้า (EV),"ราคาซื้อเริ่มต้น, ประหยัดค่าเชื้อเพลิง",5,5,5,5,5,5,5,5,4,5,5,4,4,4,5,5,3,4,4,5,5
"26/7/2026, 17:20:56",หญิง,24-26 ปี,1 คน,ปริญญาโท,พนักงานเอกชน,3-4 คน,บ้านเดี่ยว / บ้านแฝด,พักอาศัยกับครอบครัว / ผู้อื่น,ไม่มีที่จอดรถ,"มากกว่า 75,000","ไม่มี (หากตอบ ""ไม่มี"" ให้ข้ามไปตอบตอนที่ 3)",,,,,,"ราคา, ค่าซ่อมบำรุง","800,001-1,200,000 บาท",เพื่อความสะดวกในการเดินทาง,ยังไม่มีแนวโน้มที่จะซื้อ,รถยนต์ไฟฟ้า (EV),ความสะดวกในการใช้งาน,5,4,5,4,4,4,4,5,4,4,5,5,5,4,4,4,3,4,3,5,5
"26/7/2026, 17:20:57",ชาย,มากกว่า 60 ปี,ไม่มีบุตร,ม.6,ข้าราชการ,3-4 คน,บ้านเดี่ยว / บ้านแฝด,พักอาศัยกับครอบครัว / ผู้อื่น,มีที่จอดรถส่วนตัว,"ต่ำกว่า 15,000 บาท",มี,ขับในเมือง,5-6 วัน / สัปดาห์,10-30 กิโลเมตร,"ราคาน้ำมัน, ปั๊มน้ำมัน / สถานีชาร์จ","รถยนต์สันดาป (ดีเซล / เบนซิน), รถยนต์ไฟฟ้า (EV)",ราคา,"500,001-800,000 บาท",เพื่อความสะดวกในการเดินทาง,ยังไม่มีแนวโน้มที่จะซื้อ,รถยนต์สันดาป (ดีเซล / เบนซิน),เทคโนโลยีและความทันสมัย,5,5,4,5,5,5,5,4,5,5,5,5,5,4,5,4,4,5,4,5,4
"26/7/2026, 17:20:58",ชาย,24-26 ปี,1 คน,ปริญญาโท,รัฐวิสาหกิจ,5 คนขึ้นไป,บ้านเดี่ยว / บ้านแฝด,เช่า,มีที่จอดรถส่วนกลาง / เช่า,"35,001-50,000 บาท","ไม่มี (หากตอบ ""ไม่มี"" ให้ข้ามไปตอบตอนที่ 3)",,,,,,"ค่าไฟฟ้า, ค่าซ่อมบำรุง","ต่ำกว่า 500,000 บาท",เพื่อใช้ในการค้าขาย,ยังไม่มีแนวโน้มที่จะซื้อ,รถยนต์ไฮบริด (Hybrid),ความสะดวกในการใช้งาน,5,5,4,3,5,4,4,4,4,5,5,5,4,4,4,4,5,5,5,5,5
"26/7/2026, 17:21:00",หญิง,24-26 ปี,ไม่มีบุตร,ปริญญาตรี,อาชีพอิสระ,3-4 คน,บ้านเดี่ยว / บ้านแฝด,พักอาศัยกับครอบครัว / ผู้อื่น,มีที่จอดรถส่วนกลาง / เช่า,"35,001-50,000 บาท","ไม่มี (หากตอบ ""ไม่มี"" ให้ข้ามไปตอบตอนที่ 3)",,,,,,ราคา,"1,200,000-1,500,000 บาท",เพื่อใช้ในการเดินทางไปทำงาน,ยังไม่มีแนวโน้มที่จะซื้อ,รถยนต์ไฟฟ้า (EV),ความสะดวกในการใช้งาน,5,3,4,5,4,3,2,4,5,5,5,5,5,5,5,4,4,2,4,3,5
"26/7/2026, 17:21:02",หญิง,41-50 ปี,1 คน,ปริญญาตรี,พนักงานเอกชน,5 คนขึ้นไป,ทาวน์โฮม / ทาวเฮาท์,เช่า,ไม่มีที่จอดรถ,"15,001-25,000 บาท","ไม่มี (หากตอบ ""ไม่มี"" ให้ข้ามไปตอบตอนที่ 3)",,,,,,ราคา,"1,200,000-1,500,000 บาท",เพื่อความสะดวกในการเดินทาง,ยังไม่มีแนวโน้มที่จะซื้อ,รถยนต์ไฮบริด (Hybrid),เทคโนโลยีและความทันสมัย,5,5,4,3,5,5,5,5,5,5,4,5,5,5,5,5,5,5,5,5,4
"26/7/2026, 17:21:03",ชาย,มากกว่า 60 ปี,ไม่มีบุตร,ต่ำกว่า ม.3,พนักงานเอกชน,3-4 คน,บ้านเดี่ยว / บ้านแฝด,พักอาศัยกับครอบครัว / ผู้อื่น,ไม่มีที่จอดรถ,"15,001-25,000 บาท","ไม่มี (หากตอบ ""ไม่มี"" ให้ข้ามไปตอบตอนที่ 3)",,,,,,ค่าน้ำมัน,"800,001-1,200,000 บาท",เพื่อความสะดวกในการเดินทาง,ยังไม่มีแนวโน้มที่จะซื้อ,รถยนต์สันดาป (ดีเซล / เบนซิน),ความสะดวกในการใช้งาน,4,5,3,4,4,4,3,4,5,5,4,5,3,4,3,5,4,5,5,4,5
"26/7/2026, 17:21:04",ชาย,20-23 ปี,2 คน,ม.6,นักเรียน / นักศึกษา,3-4 คน,บ้านเดี่ยว / บ้านแฝด,พักอาศัยกับครอบครัว / ผู้อื่น,มีที่จอดรถส่วนตัว,"15,001-25,000 บาท","ไม่มี (หากตอบ ""ไม่มี"" ให้ข้ามไปตอบตอนที่ 3)",,,,,,ราคา,"มากกว่า 1,500,000 บาท",เพื่อใช้ในการเดินทางไปทำงาน,ยังไม่มีแนวโน้มที่จะซื้อ,รถยนต์ไฮบริด (Hybrid),ความสะดวกในการใช้งาน,5,4,5,4,5,3,4,4,5,4,3,3,4,2,3,5,4,4,5,5,3
"26/7/2026, 17:21:06",หญิง,20-23 ปี,ไม่มีบุตร,ปริญญาตรี,นักเรียน / นักศึกษา,3-4 คน,บ้านเดี่ยว / บ้านแฝด,เช่า,มีที่จอดรถส่วนตัว,"25,001-35,000 บาท","ไม่มี (หากตอบ ""ไม่มี"" ให้ข้ามไปตอบตอนที่ 3)",,,,,,ค่าน้ำมัน,"800,001-1,200,000 บาท","เพื่อความสะดวกในการเดินทาง, เพื่อหลีกเลี่ยงปัญหาจากระบบการขนส่งมวลชน",ยังไม่มีแนวโน้มที่จะซื้อ,รถยนต์ไฟฟ้า (EV),ความสะดวกในการใช้งาน,5,4,3,5,4,3,3,4,5,4,4,4,4,5,4,5,4,5,5,3,5
"26/7/2026, 17:21:07",หญิง,27-30 ปี,2 คน,ปริญญาตรี,พนักงานเอกชน,1-2 คน,ทาวน์โฮม / ทาวเฮาท์,พักอาศัยกับครอบครัว / ผู้อื่น,มีที่จอดรถส่วนตัว,"มากกว่า 75,000","ไม่มี (หากตอบ ""ไม่มี"" ให้ข้ามไปตอบตอนที่ 3)",,,,,,ราคา,"500,001-800,000 บาท","เพื่อใช้ในการค้าขาย, เพื่อความสะดวกในการเดินทาง, เพื่อหลีกเลี่ยงปัญหาจากระบบการขนส่งมวลชน",ยังไม่มีแนวโน้มที่จะซื้อ,รถยนต์ไฟฟ้า (EV),ความสะดวกในการใช้งาน,3,5,5,5,4,3,3,3,5,4,5,5,5,4,4,4,4,3,5,4,4
"26/7/2026, 17:21:09",หญิง,27-30 ปี,1 คน,ปริญญาตรี,อาชีพอิสระ,3-4 คน,ทาวน์โฮม / ทาวเฮาท์,เช่า,มีที่จอดรถส่วนกลาง / เช่า,"15,001-25,000 บาท","ไม่มี (หากตอบ ""ไม่มี"" ให้ข้ามไปตอบตอนที่ 3)",,,,,,ราคา,"มากกว่า 1,500,000 บาท",เพื่อใช้ในการเดินทางท่องเที่ยว,ยังไม่มีแนวโน้มที่จะซื้อ,รถยนต์สันดาป (ดีเซล / เบนซิน),ความสะดวกในการใช้งาน,5,5,3,5,4,5,5,3,4,5,5,5,4,3,5,5,4,4,5,4,5
"26/7/2026, 17:21:10",ชาย,20-23 ปี,1 คน,ปริญญาตรี,พนักงานเอกชน,5 คนขึ้นไป,คอนโด / อพาร์ตเมนต์ / หอพัก,พักอาศัยกับครอบครัว / ผู้อื่น,มีที่จอดรถส่วนตัว,"25,001-35,000 บาท","ไม่มี (หากตอบ ""ไม่มี"" ให้ข้ามไปตอบตอนที่ 3)",,,,,,"ความสามารถในการผ่อนชำระ, ค่าซ่อมบำรุง","800,001-1,200,000 บาท","เพื่อใช้ในการค้าขาย, เพื่อความสะดวกในการเดินทาง",ยังไม่มีแนวโน้มที่จะซื้อ,รถยนต์สันดาป (ดีเซล / เบนซิน),"ประหยัดค่าเชื้อเพลิง, ความสะดวกในการใช้งาน",1,2,5,5,5,5,4,5,4,5,5,3,3,3,5,5,5,5,4,4,4
"26/7/2026, 17:21:11",หญิง,20-23 ปี,ไม่มีบุตร,ปริญญาตรี,พนักงานเอกชน,1-2 คน,บ้านเดี่ยว / บ้านแฝด,เช่า,ไม่มีที่จอดรถ,"ต่ำกว่า 15,000 บาท","ไม่มี (หากตอบ ""ไม่มี"" ให้ข้ามไปตอบตอนที่ 3)",,,,,,"ความสามารถในการผ่อนชำระ, ค่าซ่อมบำรุง","800,001-1,200,000 บาท",เพื่อความสะดวกในการเดินทาง,ยังไม่มีแนวโน้มที่จะซื้อ,รถยนต์ไฮบริด (Hybrid),ความสะดวกในการใช้งาน,4,5,4,4,3,3,4,5,5,5,3,4,4,5,5,5,5,5,3,4,4
"26/7/2026, 17:21:12",หญิง,31-40 ปี,ไม่มีบุตร,ปริญญาตรี,ข้าราชการ,3-4 คน,บ้านเดี่ยว / บ้านแฝด,เช่า,มีที่จอดรถส่วนกลาง / เช่า,"25,001-35,000 บาท",มี,ขับทั้งในเมืองและนอกเมือง,1-2 วัน / สัปดาห์,51-70 กิโลเมตร,"ค่าไฟฟ้า, ปั๊มน้ำมัน / สถานีชาร์จ","รถยนต์สันดาป (ดีเซล / เบนซิน), รถยนต์ไฮบริด (Hybrid)",ราคา,"ต่ำกว่า 500,000 บาท",เพื่อใช้ในการค้าขาย,ยังไม่มีแนวโน้มที่จะซื้อ,รถยนต์สันดาป (ดีเซล / เบนซิน),ความสะดวกในการใช้งาน,5,5,5,4,4,5,5,3,5,4,5,4,4,5,5,5,5,4,5,5,4
"26/7/2026, 17:21:14",หญิง,31-40 ปี,3 คน,ปริญญาโท,พนักงานเอกชน,1-2 คน,บ้านเดี่ยว / บ้านแฝด,เช่า,มีที่จอดรถส่วนกลาง / เช่า,"35,001-50,000 บาท","ไม่มี (หากตอบ ""ไม่มี"" ให้ข้ามไปตอบตอนที่ 3)",,,,,,ราคา,"มากกว่า 1,500,000 บาท","เพื่อความสะดวกในการเดินทาง, เพื่อหลีกเลี่ยงปัญหาจากระบบการขนส่งมวลชน",ยังไม่มีแนวโน้มที่จะซื้อ,รถยนต์สันดาป (ดีเซล / เบนซิน),ความสะดวกในการใช้งาน,4,3,5,3,5,5,5,5,4,4,4,4,5,5,4,4,4,4,3,4,5
"26/7/2026, 17:21:16",หญิง,มากกว่า 60 ปี,1 คน,ม.3,เจ้าของกิจการ,1-2 คน,คอนโด / อพาร์ตเมนต์ / หอพัก,พักอาศัยกับครอบครัว / ผู้อื่น,มีที่จอดรถส่วนกลาง / เช่า,"มากกว่า 75,000",มี,ขับทั้งในเมืองและนอกเมือง,ใช้เป็นครั้งคราว,10-30 กิโลเมตร,ปั๊มน้ำมัน / สถานีชาร์จ,รถยนต์สันดาป (ดีเซล / เบนซิน),ค่าไฟฟ้า,"มากกว่า 1,500,000 บาท",เพื่อหลีกเลี่ยงปัญหาจากระบบการขนส่งมวลชน,ยังไม่มีแนวโน้มที่จะซื้อ,รถยนต์ไฟฟ้า (EV),ความสะดวกในการใช้งาน,5,5,4,4,4,4,4,5,5,5,4,5,5,4,4,5,3,5,4,5,4
"26/7/2026, 17:21:17",หญิง,20-23 ปี,ไม่มีบุตร,ปวช. / ปวส.,นักเรียน / นักศึกษา,1-2 คน,ทาวน์โฮม / ทาวเฮาท์,พักอาศัยกับครอบครัว / ผู้อื่น,ไม่มีที่จอดรถ,"ต่ำกว่า 15,000 บาท",มี,ขับทั้งในเมืองและนอกเมือง,ใช้งานทุกวัน,10-30 กิโลเมตร,"ราคาน้ำมัน, ปั๊มน้ำมัน / สถานีชาร์จ","รถยนต์สันดาป (ดีเซล / เบนซิน), รถยนต์ไฮบริด (Hybrid), รถยนต์ไฟฟ้า (EV)","ความสามารถในการผ่อนชำระ, ค่าไฟฟ้า","มากกว่า 1,500,000 บาท",เพื่อความสะดวกในการเดินทาง,ยังไม่มีแนวโน้มที่จะซื้อ,รถยนต์ไฟฟ้า (EV),"ราคาซื้อเริ่มต้น, ความสะดวกในการใช้งาน, เทคโนโลยีและความทันสมัย",5,4,5,5,5,5,5,5,3,3,3,4,3,4,4,4,5,5,3,4,5
"26/7/2026, 17:21:19",ชาย,27-30 ปี,ไม่มีบุตร,ปริญญาเอก,พนักงานเอกชน,1-2 คน,บ้านเดี่ยว / บ้านแฝด,พักอาศัยกับครอบครัว / ผู้อื่น,มีที่จอดรถส่วนตัว,"25,001-35,000 บาท",มี,ขับทั้งในเมืองและนอกเมือง,5-6 วัน / สัปดาห์,10-30 กิโลเมตร,ราคาน้ำมัน,รถยนต์สันดาป (ดีเซล / เบนซิน),ราคา,"มากกว่า 1,500,000 บาท",เพื่อหลีกเลี่ยงปัญหาจากระบบการขนส่งมวลชน,ยังไม่มีแนวโน้มที่จะซื้อ,รถยนต์ไฮบริด (Hybrid),ความสะดวกในการใช้งาน,4,4,5,4,3,4,5,5,3,5,5,5,3,5,4,4,4,5,5,3,5
"26/7/2026, 17:21:20",หญิง,มากกว่า 60 ปี,1 คน,ต่ำกว่า ม.3,พนักงานเอกชน,3-4 คน,บ้านเดี่ยว / บ้านแฝด,พักอาศัยกับครอบครัว / ผู้อื่น,มีที่จอดรถส่วนกลาง / เช่า,"ต่ำกว่า 15,000 บาท",มี,ขับทั้งในเมืองและนอกเมือง,ใช้เป็นครั้งคราว,น้อยกว่า 10 กิโลเมตร,ราคาน้ำมัน,"รถยนต์สันดาป (ดีเซล / เบนซิน), รถยนต์ไฮบริด (Hybrid)","ความสามารถในการผ่อนชำระ, ค่าน้ำมัน","มากกว่า 1,500,000 บาท",เพื่อความสะดวกในการเดินทาง,ยังไม่มีแนวโน้มที่จะซื้อ,รถยนต์ไฮบริด (Hybrid),ความสะดวกในการใช้งาน,4,4,5,4,4,5,4,5,4,5,4,4,5,5,4,4,4,4,4,5,2
"26/7/2026, 17:21:21",ชาย,27-30 ปี,2 คน,ปริญญาโท,รัฐวิสาหกิจ,5 คนขึ้นไป,บ้านเดี่ยว / บ้านแฝด,เช่า,มีที่จอดรถส่วนตัว,"15,001-25,000 บาท",มี,ขับในเมือง,3-4 วัน / สัปดาห์,มากกว่า 90 กิโลเมตร,"ปั๊มน้ำมัน / สถานีชาร์จ, มูลค่าการขายต่อ",รถยนต์ไฮบริด (Hybrid),ราคา,"มากกว่า 1,500,000 บาท","เพื่อใช้ในการค้าขาย, เพื่อความสะดวกในการเดินทาง",ยังไม่มีแนวโน้มที่จะซื้อ,รถยนต์ไฟฟ้า (EV),ความสะดวกในการใช้งาน,5,5,5,5,3,4,5,5,3,5,4,5,4,4,5,4,5,5,4,5,5
"26/7/2026, 17:21:22",ชาย,31-40 ปี,ไม่มีบุตร,ปริญญาตรี,พนักงานเอกชน,3-4 คน,บ้านเดี่ยว / บ้านแฝด,เช่า,มีที่จอดรถส่วนตัว,"25,001-35,000 บาท","ไม่มี (หากตอบ ""ไม่มี"" ให้ข้ามไปตอบตอนที่ 3)",,,,,,"ราคา, ค่าไฟฟ้า, ค่าซ่อมบำรุง","800,001-1,200,000 บาท","เพื่อใช้ในการเดินทางไปทำงาน, เพื่อใช้ในการเดินทางท่องเที่ยว, เพื่อความสะดวกในการเดินทาง",ยังไม่มีแนวโน้มที่จะซื้อ,รถยนต์ไฮบริด (Hybrid),ความสะดวกในการใช้งาน,4,4,4,5,4,5,5,3,4,5,4,5,5,4,4,3,3,5,5,5,3
"26/7/2026, 17:21:23",หญิง,20-23 ปี,ไม่มีบุตร,ปวช. / ปวส.,นักเรียน / นักศึกษา,3-4 คน,บ้านเดี่ยว / บ้านแฝด,เป็นเจ้าของ,มีที่จอดรถส่วนตัว,"ต่ำกว่า 15,000 บาท","ไม่มี (หากตอบ ""ไม่มี"" ให้ข้ามไปตอบตอนที่ 3)",,,,,,"ราคา, ค่าไฟฟ้า, ความคุ้มค่าโดยรวม","800,001-1,200,000 บาท",เพื่อหลีกเลี่ยงปัญหาจากระบบการขนส่งมวลชน,ยังไม่มีแนวโน้มที่จะซื้อ,รถยนต์สันดาป (ดีเซล / เบนซิน),ความสะดวกในการใช้งาน,5,5,5,2,5,5,4,5,4,5,3,4,4,5,5,3,5,5,5,2,3
"26/7/2026, 17:21:24",ชาย,31-40 ปี,ไม่มีบุตร,ปริญญาโท,ค้าขาย,1-2 คน,คอนโด / อพาร์ตเมนต์ / หอพัก,เช่า,มีที่จอดรถส่วนกลาง / เช่า,"50,001-75,000 บาท",มี,ขับนอกเมือง,3-4 วัน / สัปดาห์,น้อยกว่า 10 กิโลเมตร,ปั๊มน้ำมัน / สถานีชาร์จ,รถยนต์สันดาป (ดีเซล / เบนซิน),ราคา,"800,001-1,200,000 บาท","เพื่อใช้ในการเดินทางท่องเที่ยว, เพื่อความสะดวกในการเดินทาง, เพื่อหลีกเลี่ยงปัญหาจากระบบการขนส่งมวลชน",ยังไม่มีแนวโน้มที่จะซื้อ,รถยนต์ไฮบริด (Hybrid),ความสะดวกในการใช้งาน,4,5,3,4,4,4,5,4,5,4,5,4,5,4,4,3,3,4,5,3,4
"26/7/2026, 17:21:25",หญิง,27-30 ปี,1 คน,ปริญญาโท,พนักงานเอกชน,3-4 คน,บ้านเดี่ยว / บ้านแฝด,เป็นเจ้าของ,มีที่จอดรถส่วนตัว,"ต่ำกว่า 15,000 บาท",มี,ขับทั้งในเมืองและนอกเมือง,ใช้เป็นครั้งคราว,51-70 กิโลเมตร,ปั๊มน้ำมัน / สถานีชาร์จ,"รถยนต์สันดาป (ดีเซล / เบนซิน), รถยนต์ไฮบริด (Hybrid)",ราคา,"มากกว่า 1,500,000 บาท","เพื่อใช้ในการเดินทางท่องเที่ยว, เพื่อความสะดวกในการเดินทาง, เพื่อหลีกเลี่ยงปัญหาจากระบบการขนส่งมวลชน",มีแนวโน้มที่จะซื้อ,รถยนต์สันดาป (ดีเซล / เบนซิน),ความสะดวกในการใช้งาน,5,4,4,4,4,4,5,4,5,4,5,5,5,4,4,5,4,5,4,4,5
"26/7/2026, 17:21:25",ชาย,24-26 ปี,1 คน,ปริญญาตรี,พนักงานเอกชน,3-4 คน,บ้านเดี่ยว / บ้านแฝด,พักอาศัยกับครอบครัว / ผู้อื่น,ไม่มีที่จอดรถ,"25,001-35,000 บาท","ไม่มี (หากตอบ ""ไม่มี"" ให้ข้ามไปตอบตอนที่ 3)",,,,,,"ค่าซ่อมบำรุง, สมรรถนะในการขับขี่","1,200,000-1,500,000 บาท",เพื่อความสะดวกในการเดินทาง,ยังไม่มีแนวโน้มที่จะซื้อ,รถยนต์สันดาป (ดีเซล / เบนซิน),ความสะดวกในการใช้งาน,5,5,5,5,5,4,5,5,5,4,5,5,5,5,5,4,3,5,4,4,3
"26/7/2026, 17:21:26",หญิง,24-26 ปี,2 คน,ปริญญาโท,พนักงานเอกชน,1-2 คน,บ้านเดี่ยว / บ้านแฝด,พักอาศัยกับครอบครัว / ผู้อื่น,ไม่มีที่จอดรถ,"15,001-25,000 บาท","ไม่มี (หากตอบ ""ไม่มี"" ให้ข้ามไปตอบตอนที่ 3)",,,,,,ราคา,"มากกว่า 1,500,000 บาท",เพื่อความสะดวกในการเดินทาง,ยังไม่มีแนวโน้มที่จะซื้อ,รถยนต์ไฮบริด (Hybrid),ความสะดวกในการใช้งาน,5,4,5,5,5,2,4,5,5,5,3,5,4,4,4,4,2,5,4,5,5
"26/7/2026, 17:21:27",ชาย,24-26 ปี,1 คน,ปริญญาตรี,พนักงานเอกชน,1-2 คน,บ้านเดี่ยว / บ้านแฝด,เช่า,ไม่มีที่จอดรถ,"25,001-35,000 บาท",มี,ขับนอกเมือง,3-4 วัน / สัปดาห์,น้อยกว่า 10 กิโลเมตร,ราคาน้ำมัน,รถยนต์สันดาป (ดีเซล / เบนซิน),"ค่าน้ำมัน, ค่าซ่อมบำรุง","มากกว่า 1,500,000 บาท",เพื่อความสะดวกในการเดินทาง,มีแนวโน้มที่จะซื้อ,รถยนต์ไฟฟ้า (EV),ความสะดวกในการใช้งาน,4,5,5,5,4,4,5,5,5,5,5,4,5,5,5,5,4,5,3,5,4
"26/7/2026, 17:21:28",หญิง,24-26 ปี,1 คน,ปริญญาโท,เจ้าของกิจการ,3-4 คน,บ้านเดี่ยว / บ้านแฝด,พักอาศัยกับครอบครัว / ผู้อื่น,มีที่จอดรถส่วนตัว,"50,001-75,000 บาท",มี,ขับในเมือง,5-6 วัน / สัปดาห์,10-30 กิโลเมตร,"ราคาน้ำมัน, ศูนย์บริการและอะไหล่",รถยนต์สันดาป (ดีเซล / เบนซิน),ราคา,"มากกว่า 1,500,000 บาท",เพื่อความสะดวกในการเดินทาง,ยังไม่มีแนวโน้มที่จะซื้อ,รถยนต์ไฮบริด (Hybrid),ความสะดวกในการใช้งาน,5,5,5,5,5,4,5,5,5,5,5,3,4,5,5,3,4,4,4,4,3