ประทับเวลา,1. เพศ,2. อายุ,จำนวนบุตรที่มีทั้งหมด,3. ระดับการศึกษา,4. อาชีพ,5. จำนวนสมาชิกในครอบครัวมีจำนวนทั้งหมดกี่คน โดยนับรวมผู้ตอบแบบสอบถามด้วย  ,6. ลักษณะที่พักอาศัย,สถานะการครอบครองที่พักอาศัย,7. พื้นที่จอดรถ,8. รายได้เฉลี่ยต่อเดือน,1. ปัจจุบันท่านมีรถยนต์หรือไม่,2. ลักษณะการใช้งานรถยนต์,3. ความถี่ในการใช้รถยนต์,4. ระยะทางในการใช้งานรถยนต์โดยเฉลี่ยต่อวัน,5. ข้อกังวลหรือปัญหาในการใช้รถยนต์,6. ประสบการณ์ประเภทรถยนต์ที่เคยใช้,1. สิ่งสำคัญในการเลือกซื้อรถยนต์ ,2. งบประมาณที่มีในการซื้อรถยนต์,  3. วัตถุประสงค์ในการตัดสินใจเลือกซื้อรถยนต์ ,4. ท่านมีแนวโน้มจะซื้อรถยนต์ตามประเภทเชื้อเพลิงที่ท่านสนใจหรือไม่,5. หากต้องเลือกซื้อรถยนต์ ท่านสนใจรถประเภทใดมากที่สุด,6. เหตุผลในการเลือกประเภทรถยนต์ดังกล่าว  ,ปัจจัยด้านผลิตภัณฑ์ [ประเภทพลังงานของรถยนต์มีความเหมาะสมกับการใช้งาน],ปัจจัยด้านผลิตภัณฑ์ [การเติมพลังงานสำหรับรถยนต์ ไม่ว่าจะเป็นการเติมเชื้อเพลิงหรือการชาร์จไฟฟ้า มีความสะดวกต่อการใช้งาน],ปัจจัยด้านผลิตภัณฑ์ [การออกแบบรูปลักษณ์ภายนอกมีความล้ำสมัย สวยงาม],ปัจจัยด้านผลิตภัณฑ์ [ระบบภายในรถยนต์มีความทันสมัย มีสิ่งอำนวยความสะดวกที่เหมาะสม],ปัจจัยด้านผลิตภัณฑ์ [แบรนด์รถยนต์เป็นที่รู้จักและมีความน่าเชื่อถือ],ปัจจัยด้านราคา [ค่าใช้จ่ายในการบำรุงรักษาซ่อมแซมรถยนต์อยู่ในระดับที่เหมาะสม],"ปัจจัยด้านราคา [ค่าใช้จ่ายในการครอบครองรถยนต์ (ผ่อนชำระ, พลังงาน, ภาษี) ยอมรับได้]",ปัจจัยด้านราคา [มูลค่าการขายต่อของรถยนต์อยู่ในระดับที่เหมาะสม],ปัจจัยด้านราคา [ค่าเบี้ยประกันภัยอยู่ในระดับที่เหมาะสม],ปัจจัยด้านช่องทางการจัดจำหน่าย [จำนวนศูนย์บริการในเขตพื้นที่มีเพียงพอและเข้าถึงได้สะดวก],ปัจจัยด้านช่องทางการจัดจำหน่าย [จำนวนศูนย์บริการทั่วประเทศมีเพียงพอรองรับการใช้งาน],ปัจจัยด้านช่องทางการจัดจำหน่าย [ตัวแทนจำหน่ายและศูนย์บริการมีความน่าเชื่อถือ],ปัจจัยด้านการส่งเสริมการตลาด [มีบริการหลังการขายและการรับประกันที่คุ้มค่า],ปัจจัยด้านการส่งเสริมการตลาด [โปรโมชั่นและเงื่อนไขการผ่อนชำระช่วยให้การตัดสินใจซื้อรถง่ายขึ้น],ปัจจัยด้านการส่งเสริมการตลาด [ข้อมูลรีวิวจากสื่อออนไลน์ช่วยให้การตัดสินใจซื้อรถง่ายขึ้น],ปัจจัยด้านพนักงานและกระบวนการ [พนักงานมีมนุษยสัมพันธ์ที่ดี สุภาพ และสร้างความเชื่อมั่นให้แก่ลูกค้า],ปัจจัยด้านพนักงานและกระบวนการ [พนักงานสามารถให้คำแนะนำเกี่ยวกับรถยนต์ได้อย่างเหมาะสม],ปัจจัยด้านพนักงานและกระบวนการ [พนักงานมีความรู้ความเชี่ยวชาญเกี่ยวกับรถยนต์เป็นอย่างดี],ปัจจัยด้านพนักงานและกระบวนการ [ขั้นตอนการซื้อและการให้บริการมีความสะดวกไม่ซับซ้อน],ปัจจัยด้านสภาพแวดล้อมทางกายภาพ [ศูนย์บริการมีความสะอาด เป็นระเบียบ และมีความน่าเชื่อถือ],ปัจจัยด้านสภาพแวดล้อมทางกายภาพ [สภาพแวดล้อมของศูนย์บริการเอื้อต่อการใช้บริการ]
"23/7/2026, 20:17:33",ชาย,27-30 ปี,ไม่มีบุตร,ม.3,นักเรียน / นักศึกษา,5 คนขึ้นไป,ทาวน์โฮม / ทาวเฮาท์,เป็นเจ้าของ,ไม่มีที่จอดรถ,"50,001-75,000 บาท","ไม่มี (หากตอบ ""ไม่มี"" ให้ข้ามไปตอบตอนที่ 3)",,,,,,"ค่าไฟฟ้า, การรับประกันและบริการหลังการขาย","1,200,000-1,500,000 บาท",เพื่อใช้ในการเดินทางท่องเที่ยว,มีแนวโน้มที่จะซื้อ,รถยนต์สันดาป (ดีเซล / เบนซิน),เป็นมิตรต่อสิ่งแวดล้อม,5,5,3,5,5,3,3,5,2,4,5,5,3,5,5,5,3,3,5,5,5
"23/7/2026, 20:17:34",หญิง,41-50 ปี,2 คน,ปวช. / ปวส.,ข้าราชการ,1-2 คน,ทาวน์โฮม / ทาวเฮาท์,เป็นเจ้าของ,มีที่จอดรถส่วนกลาง / เช่า,"15,001-25,000 บาท","ไม่มี (หากตอบ ""ไม่มี"" ให้ข้ามไปตอบตอนที่ 3)",,,,,,สมรรถนะในการขับขี่,"500,001-800,000 บาท",เพื่อใช้ในการเดินทางท่องเที่ยว,มีแนวโน้มที่จะซื้อ,รถยนต์สันดาป (ดีเซล / เบนซิน),ประหยัดค่าเชื้อเพลิง,5,4,4,4,4,5,3,3,5,5,5,5,5,5,5,4,4,4,4,5,3
"23/7/2026, 20:17:36",หญิง,20-23 ปี,2 คน,ปวช. / ปวส.,รัฐวิสาหกิจ,5 คนขึ้นไป,บ้านเดี่ยว / บ้านแฝด,เป็นเจ้าของ,ไม่มีที่จอดรถ,"มากกว่า 75,000","ไม่มี (หากตอบ ""ไม่มี"" ให้ข้ามไปตอบตอนที่ 3)",,,,,,ค่าไฟฟ้า,"มากกว่า 1,500,000 บาท","เพื่อใช้ในการเดินทางไปทำงาน, เพื่อใช้ในการค้าขาย, เพื่อใช้ในการเดินทางท่องเที่ยว",ยังไม่มีแนวโน้มที่จะซื้อ,รถยนต์ไฟฟ้า (EV),"ประหยัดค่าเชื้อเพลิง, เป็นมิตรต่อสิ่งแวดล้อม",4,2,5,4,5,4,5,5,4,3,3,4,4,5,5,4,4,4,4,3,4
"23/7/2026, 20:17:37",ชาย,20-23 ปี,ไม่มีบุตร,ม.6,พนักงานเอกชน,5 คนขึ้นไป,บ้านเดี่ยว / บ้านแฝด,เป็นเจ้าของ,มีที่จอดรถส่วนกลาง / เช่า,"25,001-35,000 บาท",มี,ขับทั้งในเมืองและนอกเมือง,ใช้เป็นครั้งคราว,71-90 กิโลเมตร,ปั๊มน้ำมัน / สถานีชาร์จ,รถยนต์ไฮบริด (Hybrid),"ความสามารถในการผ่อนชำระ, เทคโนโลยีและฟังก์ชันภายในรถ","500,001-800,000 บาท",เพื่อใช้ในการเดินทางท่องเที่ยว,ยังไม่มีแนวโน้มที่จะซื้อ,รถยนต์ไฟฟ้า (EV),"ค่าบำรุงรักษา, เป็นมิตรต่อสิ่งแวดล้อม",3,5,3,4,4,4,4,4,4,5,4,4,5,4,5,5,4,4,5,4,5
"23/7/2026, 20:17:39",ชาย,มากกว่า 60 ปี,2 คน,ปวช. / ปวส.,ค้าขาย,5 คนขึ้นไป,คอนโด / อพาร์ตเมนต์ / หอพัก,เป็นเจ้าของ,ไม่มีที่จอดรถ,"25,001-35,000 บาท","ไม่มี (หากตอบ ""ไม่มี"" ให้ข้ามไปตอบตอนที่ 3)",,,,,,ค่าไฟฟ้า,"500,001-800,000 บาท","เพื่อใช้ในการเดินทางท่องเที่ยว, เพื่อความสะดวกในการเดินทาง",ยังไม่มีแนวโน้มที่จะซื้อ,รถยนต์ไฮบริด (Hybrid),เป็นมิตรต่อสิ่งแวดล้อม,5,3,3,4,3,4,3,4,3,5,5,4,4,5,2,5,5,5,5,3,4
"23/7/2026, 20:17:39",ชาย,41-50 ปี,มากกว่า 3 คน,ปวช. / ปวส.,รัฐวิสาหกิจ,5 คนขึ้นไป,ทาวน์โฮม / ทาวเฮาท์,เป็นเจ้าของ,มีที่จอดรถส่วนตัว,"25,001-35,000 บาท","ไม่มี (หากตอบ ""ไม่มี"" ให้ข้ามไปตอบตอนที่ 3)",,,,,,ค่าไฟฟ้า,"800,001-1,200,000 บาท",เพื่อหลีกเลี่ยงปัญหาจากระบบการขนส่งมวลชน,ยังไม่มีแนวโน้มที่จะซื้อ,รถยนต์ไฮบริด (Hybrid),เป็นมิตรต่อสิ่งแวดล้อม,4,5,5,5,4,4,5,2,5,5,5,4,5,5,5,5,5,4,4,4,4
"23/7/2026, 20:39:03",หญิง,24-26 ปี,2 คน,ปวช. / ปวส.,พนักงานเอกชน,1-2 คน,คอนโด / อพาร์ตเมนต์ / หอพัก,เช่า,มีที่จอดรถส่วนตัว,"35,001-50,000 บาท",มี,ขับนอกเมือง,ใช้เป็นครั้งคราว,น้อยกว่า 10 กิโลเมตร,"ศูนย์บริการและอะไหล่, อายุการใช้งาน, ค่าใช้จ่ายในการซ่อมบำรุง","รถยนต์สันดาป (ดีเซล / เบนซิน), รถยนต์ไฟฟ้า (EV)","ความสามารถในการผ่อนชำระ, ค่าน้ำมัน, ค่าซ่อมบำรุง, แบรนด์, ความคุ้มค่าโดยรวม, การรับประกันและบริการหลังการขาย","500,001-800,000 บาท","เพื่อใช้ในการเดินทางท่องเที่ยว, เพื่อความสะดวกในการเดินทาง",มีแนวโน้มที่จะซื้อ,รถยนต์ไฮบริด (Hybrid),"ราคาซื้อเริ่มต้น, ประหยัดค่าเชื้อเพลิง, เป็นมิตรต่อสิ่งแวดล้อม, เทคโนโลยีและความทันสมัย",5,5,2,5,4,5,3,4,5,5,5,3,4,4,4,5,4,5,4,5,5
"23/7/2026, 20:39:04",ชาย,31-40 ปี,ไม่มีบุตร,ปริญญาตรี,ข้าราชการ,5 คนขึ้นไป,บ้านเดี่ยว / บ้านแฝด,เช่า,มีที่จอดรถส่วนกลาง / เช่า,"25,001-35,000 บาท",มี,ขับทั้งในเมืองและนอกเมือง,ใช้เป็นครั้งคราว,51-70 กิโลเมตร,"อายุการใช้งาน, ค่าใช้จ่ายในการซ่อมบำรุง","รถยนต์สันดาป (ดีเซล / เบนซิน), รถยนต์ไฮบริด (Hybrid)","ค่าน้ำมัน, สมรรถนะในการขับขี่, ความคุ้มค่าโดยรวม","500,001-800,000 บาท","เพื่อใช้ในการค้าขาย, เพื่อใช้ในการเดินทางท่องเที่ยว, เพื่อความสะดวกในการเดินทาง",ยังไม่มีแนวโน้มที่จะซื้อ,รถยนต์ไฮบริด (Hybrid),"ประหยัดค่าเชื้อเพลิง, เป็นมิตรต่อสิ่งแวดล้อม, เทคโนโลยีและความทันสมัย",5,5,5,4,3,5,4,4,4,4,5,5,5,4,4,5,5,4,5,4,4
"23/7/2026, 20:39:04",หญิง,24-26 ปี,1 คน,ปริญญาตรี,ข้าราชการ,1-2 คน,บ้านเดี่ยว / บ้านแฝด,เช่า,มีที่จอดรถส่วนตัว,"25,001-35,000 บาท",มี,ขับนอกเมือง,5-6 วัน / สัปดาห์,31-50 กิโลเมตร,"ราคาน้ำมัน, ศูนย์บริการและอะไหล่, ค่าใช้จ่ายในการซ่อมบำรุง","รถยนต์สันดาป (ดีเซล / เบนซิน), รถยนต์ไฮบริด (Hybrid)","ราคา, ค่าน้ำมัน, ค่าซ่อมบำรุง, ความคุ้มค่าโดยรวม, การรับประกันและบริการหลังการขาย","500,001-800,000 บาท","เพื่อใช้ในการค้าขาย, เพื่อความสะดวกในการเดินทาง, เพื่อหลีกเลี่ยงปัญหาจากระบบการขนส่งมวลชน",มีแนวโน้มที่จะซื้อ,รถยนต์ไฟฟ้า (EV),"ราคาซื้อเริ่มต้น, เป็นมิตรต่อสิ่งแวดล้อม",4,5,4,5,3,5,5,4,5,5,4,5,4,3,5,4,5,4,5,3,5
"23/7/2026, 20:39:05",ชาย,51-60 ปี,ไม่มีบุตร,ม.3,ค้าขาย,5 คนขึ้นไป,คอนโด / อพาร์ตเมนต์ / หอพัก,พักอาศัยกับครอบครัว / ผู้อื่น,มีที่จอดรถส่วนกลาง / เช่า,"35,001-50,000 บาท","ไม่มี (หากตอบ ""ไม่มี"" ให้ข้ามไปตอบตอนที่ 3)",,,,,,"รูปลักษณ์ / ดีไซน์, เทคโนโลยีและฟังก์ชันภายในรถ, ความคุ้มค่าโดยรวม, การรับประกันและบริการหลังการขาย","500,001-800,000 บาท","เพื่อใช้ในการค้าขาย, เพื่อความสะดวกในการเดินทาง",มีแนวโน้มที่จะซื้อ,รถยนต์ไฟฟ้า (EV),"ราคาซื้อเริ่มต้น, ประหยัดค่าเชื้อเพลิง, เทคโนโลยีและความทันสมัย",5,5,4,5,5,5,4,4,5,5,4,4,5,5,5,5,5,5,4,5,5
"23/7/2026, 20:39:14",ชาย,27-30 ปี,3 คน,ปวช. / ปวส.,รัฐวิสาหกิจ,1-2 คน,บ้านเดี่ยว / บ้านแฝด,เป็นเจ้าของ,มีที่จอดรถส่วนกลาง / เช่า,"ต่ำกว่า 15,000 บาท","ไม่มี (หากตอบ ""ไม่มี"" ให้ข้ามไปตอบตอนที่ 3)",,,,,,"ราคา, ความสามารถในการผ่อนชำระ, ค่าน้ำมัน, รูปลักษณ์ / ดีไซน์","800,001-1,200,000 บาท","เพื่อใช้ในการเดินทางท่องเที่ยว, เพื่อหลีกเลี่ยงปัญหาจากระบบการขนส่งมวลชน",มีแนวโน้มที่จะซื้อ,รถยนต์ไฮบริด (Hybrid),ประหยัดค่าเชื้อเพลิง,5,4,4,5,4,4,5,4,5,3,4,3,3,5,3,3,5,4,3,5,4
"23/7/2026, 20:39:15",หญิง,20-23 ปี,1 คน,ปวช. / ปวส.,พนักงานเอกชน,1-2 คน,ทาวน์โฮม / ทาวเฮาท์,เช่า,มีที่จอดรถส่วนตัว,"50,001-75,000 บาท",มี,ขับทั้งในเมืองและนอกเมือง,ใช้งานทุกวัน,น้อยกว่า 10 กิโลเมตร,"ปั๊มน้ำมัน / สถานีชาร์จ, อายุการใช้งาน","รถยนต์สันดาป (ดีเซล / เบนซิน), รถยนต์ไฮบริด (Hybrid)","ค่าซ่อมบำรุง, ความคุ้มค่าโดยรวม","1,200,000-1,500,000 บาท","เพื่อใช้ในการเดินทางไปทำงาน, เพื่อใช้ในการค้าขาย",มีแนวโน้มที่จะซื้อ,รถยนต์ไฟฟ้า (EV),ประหยัดค่าเชื้อเพลิง,4,4,5,4,5,4,4,5,3,5,5,3,4,4,5,5,3,5,5,5,4
"23/7/2026, 20:39:16",ชาย,24-26 ปี,ไม่มีบุตร,ปริญญาเอก,นักเรียน / นักศึกษา,3-4 คน,ทาวน์โฮม / ทาวเฮาท์,พักอาศัยกับครอบครัว / ผู้อื่น,มีที่จอดรถส่วนกลาง / เช่า,"35,001-50,000 บาท",มี,ขับนอกเมือง,1-2 วัน / สัปดาห์,น้อยกว่า 10 กิโลเมตร,"ศูนย์บริการและอะไหล่, อายุการใช้งาน, ค่าใช้จ่ายในการซ่อมบำรุง",รถยนต์ไฮบริด (Hybrid),"ราคา, การรับประกันและบริการหลังการขาย","500,001-800,000 บาท",เพื่อความสะดวกในการเดินทาง,มีแนวโน้มที่จะซื้อ,รถยนต์ไฮบริด (Hybrid),"ประหยัดค่าเชื้อเพลิง, เทคโนโลยีและความทันสมัย",3,4,5,5,4,3,5,5,5,5,4,5,5,5,5,4,5,5,4,4,4
"23/7/2026, 20:39:17",หญิง,41-50 ปี,ไม่มีบุตร,ม.3,ข้าราชการ,3-4 คน,ทาวน์โฮม / ทาวเฮาท์,เช่า,ไม่มีที่จอดรถ,"25,001-35,000 บาท",มี,ขับนอกเมือง,ใช้เป็นครั้งคราว,31-50 กิโลเมตร,"ราคาน้ำมัน, ค่าใช้จ่ายในการซ่อมบำรุง",รถยนต์ไฮบริด (Hybrid),"ราคา, ความคุ้มค่าโดยรวม","ต่ำกว่า 500,000 บาท",เพื่อใช้ในการเดินทางไปทำงาน,มีแนวโน้มที่จะซื้อ,รถยนต์ไฮบริด (Hybrid),"ประหยัดค่าเชื้อเพลิง, ค่าบำรุงรักษา",3,5,4,3,3,5,5,5,5,4,5,4,5,3,5,5,4,5,3,5,5
"23/7/2026, 20:39:18",หญิง,31-40 ปี,ไม่มีบุตร,ปริญญาตรี,ข้าราชการ,1-2 คน,บ้านเดี่ยว / บ้านแฝด,เป็นเจ้าของ,มีที่จอดรถส่วนตัว,"25,001-35,000 บาท","ไม่มี (หากตอบ ""ไม่มี"" ให้ข้ามไปตอบตอนที่ 3)",,,,,,"ค่าน้ำมัน, ค่าซ่อมบำรุง, สมรรถนะในการขับขี่, เทคโนโลยีและฟังก์ชันภายในรถ, ความคุ้มค่าโดยรวม, การรับประกันและบริการหลังการขาย","500,001-800,000 บาท",เพื่อความสะดวกในการเดินทาง,มีแนวโน้มที่จะซื้อ,รถยนต์ไฟฟ้า (EV),"ราคาซื้อเริ่มต้น, เทคโนโลยีและความทันสมัย",3,5,5,5,4,3,5,2,5,3,4,4,4,4,3,4,4,5,4,4,5
"23/7/2026, 20:39:19",ชาย,31-40 ปี,1 คน,ปวช. / ปวส.,ค้าขาย,1-2 คน,ทาวน์โฮม / ทาวเฮาท์,พักอาศัยกับครอบครัว / ผู้อื่น,มีที่จอดรถส่วนกลาง / เช่า,"25,001-35,000 บาท",มี,ขับนอกเมือง,ใช้งานทุกวัน,มากกว่า 90 กิโลเมตร,"ค่าไฟฟ้า, ศูนย์บริการและอะไหล่, ค่าใช้จ่ายในการซ่อมบำรุง","รถยนต์สันดาป (ดีเซล / เบนซิน), รถยนต์ไฮบริด (Hybrid)","เทคโนโลยีและฟังก์ชันภายในรถ, การรับประกันและบริการหลังการขาย","500,001-800,000 บาท","เพื่อใช้ในการค้าขาย, เพื่อหลีกเลี่ยงปัญหาจากระบบการขนส่งมวลชน",มีแนวโน้มที่จะซื้อ,รถยนต์ไฮบริด (Hybrid),"ราคาซื้อเริ่มต้น, ประหยัดค่าเชื้อเพลิง, ค่าบำรุงรักษา",3,4,5,5,4,5,3,5,3,4,4,4,4,3,4,5,3,5,4,4,4
"23/7/2026, 20:39:22",ชาย,24-26 ปี,3 คน,ปริญญาโท,รัฐวิสาหกิจ,1-2 คน,ทาวน์โฮม / ทาวเฮาท์,เป็นเจ้าของ,มีที่จอดรถส่วนตัว,"35,001-50,000 บาท","ไม่มี (หากตอบ ""ไม่มี"" ให้ข้ามไปตอบตอนที่ 3)",,,,,,"ราคา, ค่าน้ำมัน, ความคุ้มค่าโดยรวม","800,001-1,200,000 บาท","เพื่อใช้ในการค้าขาย, เพื่อหลีกเลี่ยงปัญหาจากระบบการขนส่งมวลชน",มีแนวโน้มที่จะซื้อ,รถยนต์ไฮบริด (Hybrid),"ราคาซื้อเริ่มต้น, ประหยัดค่าเชื้อเพลิง, เทคโนโลยีและความทันสมัย",5,4,3,5,4,3,5,5,4,4,3,5,5,5,5,4,4,5,5,4,5
"23/7/2026, 20:39:23",ชาย,41-50 ปี,2 คน,ปริญญาตรี,พนักงานเอกชน,3-4 คน,ทาวน์โฮม / ทาวเฮาท์,เป็นเจ้าของ,มีที่จอดรถส่วนตัว,"15,001-25,000 บาท","ไม่มี (หากตอบ ""ไม่มี"" ให้ข้ามไปตอบตอนที่ 3)",,,,,,"ความสามารถในการผ่อนชำระ, สมรรถนะในการขับขี่, แบรนด์, ความคุ้มค่าโดยรวม, การรับประกันและบริการหลังการขาย","500,001-800,000 บาท","เพื่อใช้ในการเดินทางไปทำงาน, เพื่อใช้ในการค้าขาย",มีแนวโน้มที่จะซื้อ,รถยนต์ไฟฟ้า (EV),"ราคาซื้อเริ่มต้น, ประหยัดค่าเชื้อเพลิง, เป็นมิตรต่อสิ่งแวดล้อม, เทคโนโลยีและความทันสมัย",4,4,4,4,5,4,4,5,2,5,5,5,4,4,4,2,5,5,4,4,4
"23/7/2026, 20:39:24",ชาย,51-60 ปี,ไม่มีบุตร,ม.3,เจ้าของกิจการ,5 คนขึ้นไป,ทาวน์โฮม / ทาวเฮาท์,เป็นเจ้าของ,มีที่จอดรถส่วนตัว,"25,001-35,000 บาท",มี,ขับทั้งในเมืองและนอกเมือง,5-6 วัน / สัปดาห์,น้อยกว่า 10 กิโลเมตร,"ศูนย์บริการและอะไหล่, อายุการใช้งาน, ค่าใช้จ่ายในการซ่อมบำรุง, มูลค่าการขายต่อ",รถยนต์ไฮบริด (Hybrid),"ราคา, ค่าน้ำมัน, ค่าไฟฟ้า, ค่าซ่อมบำรุง, สมรรถนะในการขับขี่, แบรนด์, ความคุ้มค่าโดยรวม","500,001-800,000 บาท","เพื่อใช้ในการเดินทางไปทำงาน, เพื่อความสะดวกในการเดินทาง, เพื่อหลีกเลี่ยงปัญหาจากระบบการขนส่งมวลชน",มีแนวโน้มที่จะซื้อ,รถยนต์ไฮบริด (Hybrid),"ราคาซื้อเริ่มต้น, ประหยัดค่าเชื้อเพลิง",3,5,3,5,5,5,5,4,4,4,5,5,5,4,4,4,5,4,5,3,5
"23/7/2026, 20:39:25",ชาย,51-60 ปี,2 คน,ปวช. / ปวส.,เจ้าของกิจการ,5 คนขึ้นไป,บ้านเดี่ยว / บ้านแฝด,พักอาศัยกับครอบครัว / ผู้อื่น,ไม่มีที่จอดรถ,"35,001-50,000 บาท",มี,ขับนอกเมือง,ใช้งานทุกวัน,10-30 กิโลเมตร,"ราคาน้ำมัน, ศูนย์บริการและอะไหล่, อายุการใช้งาน, ค่าใช้จ่ายในการซ่อมบำรุง, มูลค่าการขายต่อ",รถยนต์สันดาป (ดีเซล / เบนซิน),"ค่าซ่อมบำรุง, สมรรถนะในการขับขี่, ความคุ้มค่าโดยรวม, การรับประกันและบริการหลังการขาย","ต่ำกว่า 500,000 บาท","เพื่อใช้ในการเดินทางท่องเที่ยว, เพื่อความสะดวกในการเดินทาง, เพื่อหลีกเลี่ยงปัญหาจากระบบการขนส่งมวลชน",มีแนวโน้มที่จะซื้อ,รถยนต์ไฮบริด (Hybrid),"ราคาซื้อเริ่มต้น, ความสะดวกในการใช้งาน, เป็นมิตรต่อสิ่งแวดล้อม",5,5,4,4,4,5,4,4,4,4,5,4,5,4,4,2,3,4,4,5,5
"23/7/2026, 20:39:26",หญิง,31-40 ปี,2 คน,ปวช. / ปวส.,อาชีพอิสระ,1-2 คน,บ้านเดี่ยว / บ้านแฝด,พักอาศัยกับครอบครัว / ผู้อื่น,มีที่จอดรถส่วนกลาง / เช่า,"15,001-25,000 บาท",มี,ขับในเมือง,ใช้เป็นครั้งคราว,น้อยกว่า 10 กิโลเมตร,"ศูนย์บริการและอะไหล่, อายุการใช้งาน",รถยนต์สันดาป (ดีเซล / เบนซิน),"สมรรถนะในการขับขี่, ความคุ้มค่าโดยรวม, การรับประกันและบริการหลังการขาย","800,001-1,200,000 บาท",เพื่อใช้ในการค้าขาย,มีแนวโน้มที่จะซื้อ,รถยนต์สันดาป (ดีเซล / เบนซิน),"ประหยัดค่าเชื้อเพลิง, ความสะดวกในการใช้งาน",4,4,5,5,5,5,4,5,4,5,4,3,5,5,5,5,4,4,3,4,4
"23/7/2026, 20:39:27",ชาย,51-60 ปี,ไม่มีบุตร,ปริญญาตรี,ข้าราชการ,3-4 คน,บ้านเดี่ยว / บ้านแฝด,เช่า,มีที่จอดรถส่วนกลาง / เช่า,"มากกว่า 75,000",มี,ขับนอกเมือง,ใช้เป็นครั้งคราว,10-30 กิโลเมตร,"ศูนย์บริการและอะไหล่, ค่าใช้จ่ายในการซ่อมบำรุง",รถยนต์สันดาป (ดีเซล / เบนซิน),"ค่าซ่อมบำรุง, การรับประกันและบริการหลังการขาย","500,001-800,000 บาท",เพื่อหลีกเลี่ยงปัญหาจากระบบการขนส่งมวลชน,มีแนวโน้มที่จะซื้อ,รถยนต์ไฟฟ้า (EV),ความสะดวกในการใช้งาน,4,3,4,5,4,3,4,4,4,5,3,5,5,4,4,3,5,4,5,4,4
"23/7/2026, 20:39:28",ชาย,24-26 ปี,2 คน,ปวช. / ปวส.,ข้าราชการ,1-2 คน,บ้านเดี่ยว / บ้านแฝด,พักอาศัยกับครอบครัว / ผู้อื่น,ไม่มีที่จอดรถ,"35,001-50,000 บาท","ไม่มี (หากตอบ ""ไม่มี"" ให้ข้ามไปตอบตอนที่ 3)",,,,,,"ราคา, เทคโนโลยีและฟังก์ชันภายในรถ, ความคุ้มค่าโดยรวม","500,001-800,000 บาท",เพื่อความสะดวกในการเดินทาง,ยังไม่มีแนวโน้มที่จะซื้อ,รถยนต์ไฟฟ้า (EV),"ราคาซื้อเริ่มต้น, เทคโนโลยีและความทันสมัย",4,5,4,5,3,4,4,4,4,5,5,5,2,4,5,3,5,4,5,3,3
"23/7/2026, 20:39:29",ชาย,20-23 ปี,ไม่มีบุตร,ปริญญาตรี,ข้าราชการ,3-4 คน,บ้านเดี่ยว / บ้านแฝด,เช่า,มีที่จอดรถส่วนกลาง / เช่า,"50,001-75,000 บาท",มี,ขับทั้งในเมืองและนอกเมือง,3-4 วัน / สัปดาห์,น้อยกว่า 10 กิโลเมตร,"อายุการใช้งาน, ค่าใช้จ่ายในการซ่อมบำรุง",รถยนต์ไฟฟ้า (EV),"ราคา, ความสามารถในการผ่อนชำระ, ค่าน้ำมัน, ความคุ้มค่าโดยรวม, การรับประกันและบริการหลังการขาย","1,200,000-1,500,000 บาท","เพื่อใช้ในการค้าขาย, เพื่อหลีกเลี่ยงปัญหาจากระบบการขนส่งมวลชน",มีแนวโน้มที่จะซื้อ,รถยนต์ไฮบริด (Hybrid),"ประหยัดค่าเชื้อเพลิง, ค่าบำรุงรักษา, ความสะดวกในการใช้งาน, เป็นมิตรต่อสิ่งแวดล้อม, เทคโนโลยีและความทันสมัย",3,4,5,5,4,2,5,2,3,5,5,5,4,5,4,3,4,5,4,4,5
"23/7/2026, 20:39:29",ชาย,31-40 ปี,1 คน,ม.6,ค้าขาย,1-2 คน,คอนโด / อพาร์ตเมนต์ / หอพัก,เช่า,มีที่จอดรถส่วนตัว,"35,001-50,000 บาท",มี,ขับในเมือง,ใช้งานทุกวัน,51-70 กิโลเมตร,"ปั๊มน้ำมัน / สถานีชาร์จ, ศูนย์บริการและอะไหล่, อายุการใช้งาน, มูลค่าการขายต่อ",รถยนต์สันดาป (ดีเซล / เบนซิน),"ค่าซ่อมบำรุง, แบรนด์, เทคโนโลยีและฟังก์ชันภายในรถ","800,001-1,200,000 บาท","เพื่อใช้ในการเดินทางไปทำงาน, เพื่อใช้ในการเดินทางท่องเที่ยว, เพื่อความสะดวกในการเดินทาง",ยังไม่มีแนวโน้มที่จะซื้อ,รถยนต์สันดาป (ดีเซล / เบนซิน),"ประหยัดค่าเชื้อเพลิง, เป็นมิตรต่อสิ่งแวดล้อม",4,4,5,3,5,3,5,3,4,5,5,5,4,4,4,5,4,5,4,4,5
"23/7/2026, 20:39:30",ชาย,31-40 ปี,1 คน,ปริญญาตรี,พนักงานเอกชน,1-2 คน,ทาวน์โฮม / ทาวเฮาท์,เช่า,มีที่จอดรถส่วนตัว,"ต่ำกว่า 15,000 บาท",มี,ขับทั้งในเมืองและนอกเมือง,ใช้เป็นครั้งคราว,51-70 กิโลเมตร,"ศูนย์บริการและอะไหล่, ค่าใช้จ่ายในการซ่อมบำรุง",รถยนต์สันดาป (ดีเซล / เบนซิน),"ราคา, เทคโนโลยีและฟังก์ชันภายในรถ","500,001-800,000 บาท",เพื่อหลีกเลี่ยงปัญหาจากระบบการขนส่งมวลชน,มีแนวโน้มที่จะซื้อ,รถยนต์ไฮบริด (Hybrid),"ประหยัดค่าเชื้อเพลิง, ความสะดวกในการใช้งาน, เป็นมิตรต่อสิ่งแวดล้อม, เทคโนโลยีและความทันสมัย",3,4,5,4,3,4,4,5,4,3,5,4,5,5,5,4,4,4,5,4,5
"23/7/2026, 20:39:31",ชาย,27-30 ปี,ไม่มีบุตร,ต่ำกว่า ม.3,อาชีพอิสระ,1-2 คน,ทาวน์โฮม / ทาวเฮาท์,เช่า,มีที่จอดรถส่วนกลาง / เช่า,"15,001-25,000 บาท",มี,ขับนอกเมือง,ใช้งานทุกวัน,มากกว่า 90 กิโลเมตร,"ศูนย์บริการและอะไหล่, อายุการใช้งาน, มูลค่าการขายต่อ","รถยนต์สันดาป (ดีเซล / เบนซิน), รถยนต์ไฮบริด (Hybrid)","ราคา, ความสามารถในการผ่อนชำระ, ค่าน้ำมัน, ค่าซ่อมบำรุง","500,001-800,000 บาท","เพื่อใช้ในการค้าขาย, เพื่อความสะดวกในการเดินทาง, เพื่อหลีกเลี่ยงปัญหาจากระบบการขนส่งมวลชน",มีแนวโน้มที่จะซื้อ,รถยนต์ไฟฟ้า (EV),"ประหยัดค่าเชื้อเพลิง, ความสะดวกในการใช้งาน, เป็นมิตรต่อสิ่งแวดล้อม, เทคโนโลยีและความทันสมัย",5,2,4,5,4,5,5,4,5,5,5,5,3,4,2,5,5,3,3,4,5
"23/7/2026, 20:39:31",ชาย,27-30 ปี,3 คน,ปวช. / ปวส.,ข้าราชการ,1-2 คน,ทาวน์โฮม / ทาวเฮาท์,เช่า,มีที่จอดรถส่วนกลาง / เช่า,"ต่ำกว่า 15,000 บาท",มี,ขับในเมือง,5-6 วัน / สัปดาห์,10-30 กิโลเมตร,"ราคาน้ำมัน, อายุการใช้งาน",รถยนต์สันดาป (ดีเซล / เบนซิน),"ราคา, ค่าน้ำมัน, แบรนด์","500,001-800,000 บาท","เพื่อใช้ในการเดินทางไปทำงาน, เพื่อใช้ในการเดินทางท่องเที่ยว",มีแนวโน้มที่จะซื้อ,รถยนต์สันดาป (ดีเซล / เบนซิน),"ประหยัดค่าเชื้อเพลิง, ความสะดวกในการใช้งาน, เทคโนโลยีและความทันสมัย",5,4,3,4,4,5,5,4,5,5,2,3,2,4,5,4,4,5,5,2,4
"23/7/2026, 20:39:32",ชาย,20-23 ปี,1 คน,ม.3,อาชีพอิสระ,1-2 คน,ทาวน์โฮม / ทาวเฮาท์,เช่า,มีที่จอดรถส่วนกลาง / เช่า,"50,001-75,000 บาท",มี,ขับในเมือง,ใช้งานทุกวัน,10-30 กิโลเมตร,"ราคาน้ำมัน, ศูนย์บริการและอะไหล่, อายุการใช้งาน","รถยนต์สันดาป (ดีเซล / เบนซิน), รถยนต์ไฮบริด (Hybrid)","ราคา, ค่าน้ำมัน, สมรรถนะในการขับขี่, เทคโนโลยีและฟังก์ชันภายในรถ","500,001-800,000 บาท","เพื่อใช้ในการเดินทางไปทำงาน, เพื่อใช้ในการค้าขาย, เพื่อความสะดวกในการเดินทาง",มีแนวโน้มที่จะซื้อ,รถยนต์ไฮบริด (Hybrid),"ราคาซื้อเริ่มต้น, ประหยัดค่าเชื้อเพลิง, ความสะดวกในการใช้งาน, เทคโนโลยีและความทันสมัย",5,4,5,5,4,5,5,4,5,5,3,4,4,2,5,5,4,5,3,5,5
"23/7/2026, 20:39:32",ชาย,20-23 ปี,1 คน,ปริญญาตรี,ข้าราชการ,1-2 คน,คอนโด / อพาร์ตเมนต์ / หอพัก,เช่า,มีที่จอดรถส่วนตัว,"25,001-35,000 บาท",มี,ขับทั้งในเมืองและนอกเมือง,5-6 วัน / สัปดาห์,51-70 กิโลเมตร,"ราคาน้ำมัน, ศูนย์บริการและอะไหล่, อายุการใช้งาน, มูลค่าการขายต่อ",รถยนต์สันดาป (ดีเซล / เบนซิน),"ราคา, รูปลักษณ์ / ดีไซน์, ความคุ้มค่าโดยรวม","800,001-1,200,000 บาท","เพื่อใช้ในการค้าขาย, เพื่อความสะดวกในการเดินทาง",ยังไม่มีแนวโน้มที่จะซื้อ,รถยนต์ไฟฟ้า (EV),"ประหยัดค่าเชื้อเพลิง, เป็นมิตรต่อสิ่งแวดล้อม, เทคโนโลยีและความทันสมัย",4,4,4,5,3,5,5,5,3,5,5,5,5,5,5,4,5,5,5,4,5
"23/7/2026, 20:39:33",ชาย,24-26 ปี,1 คน,ปวช. / ปวส.,ข้าราชการ,1-2 คน,คอนโด / อพาร์ตเมนต์ / หอพัก,เช่า,มีที่จอดรถส่วนกลาง / เช่า,"15,001-25,000 บาท","ไม่มี (หากตอบ ""ไม่มี"" ให้ข้ามไปตอบตอนที่ 3)",,,,,,"ราคา, ความสามารถในการผ่อนชำระ, ค่าน้ำมัน, รูปลักษณ์ / ดีไซน์, ความคุ้มค่าโดยรวม","800,001-1,200,000 บาท","เพื่อใช้ในการค้าขาย, เพื่อหลีกเลี่ยงปัญหาจากระบบการขนส่งมวลชน",มีแนวโน้มที่จะซื้อ,รถยนต์ไฮบริด (Hybrid),"ราคาซื้อเริ่มต้น, ประหยัดค่าเชื้อเพลิง, ความสะดวกในการใช้งาน",5,5,3,5,3,4,5,4,4,4,4,5,5,4,4,4,5,5,4,4,4
"23/7/2026, 20:39:34",หญิง,20-23 ปี,ไม่มีบุตร,ปริญญาโท,เจ้าของกิจการ,5 คนขึ้นไป,ทาวน์โฮม / ทาวเฮาท์,เป็นเจ้าของ,มีที่จอดรถส่วนกลาง / เช่า,"15,001-25,000 บาท",มี,ขับนอกเมือง,ใช้เป็นครั้งคราว,น้อยกว่า 10 กิโลเมตร,"ราคาน้ำมัน, ปั๊มน้ำมัน / สถานีชาร์จ, ศูนย์บริการและอะไหล่, อายุการใช้งาน, ค่าใช้จ่ายในการซ่อมบำรุง","รถยนต์ไฮบริด (Hybrid), รถยนต์ไฟฟ้า (EV)","ราคา, ค่าซ่อมบำรุง, เทคโนโลยีและฟังก์ชันภายในรถ, ความคุ้มค่าโดยรวม, การรับประกันและบริการหลังการขาย","800,001-1,200,000 บาท","เพื่อใช้ในการค้าขาย, เพื่อความสะดวกในการเดินทาง",มีแนวโน้มที่จะซื้อ,รถยนต์สันดาป (ดีเซล / เบนซิน),"ราคาซื้อเริ่มต้น, ประหยัดค่าเชื้อเพลิง, เทคโนโลยีและความทันสมัย",5,5,4,4,5,5,5,5,5,5,3,5,5,4,5,5,3,5,3,5,4
"23/7/2026, 20:39:35",ชาย,27-30 ปี,ไม่มีบุตร,ปริญญาตรี,เจ้าของกิจการ,1-2 คน,ทาวน์โฮม / ทาวเฮาท์,เป็นเจ้าของ,มีที่จอดรถส่วนกลาง / เช่า,"50,001-75,000 บาท",มี,ขับทั้งในเมืองและนอกเมือง,5-6 วัน / สัปดาห์,31-50 กิโลเมตร,"ศูนย์บริการและอะไหล่, อายุการใช้งาน, มูลค่าการขายต่อ",รถยนต์สันดาป (ดีเซล / เบนซิน),"ราคา, ค่าน้ำมัน, ค่าซ่อมบำรุง, ความคุ้มค่าโดยรวม, การรับประกันและบริการหลังการขาย","ต่ำกว่า 500,000 บาท","เพื่อใช้ในการเดินทางท่องเที่ยว, เพื่อความสะดวกในการเดินทาง, เพื่อหลีกเลี่ยงปัญหาจากระบบการขนส่งมวลชน",มีแนวโน้มที่จะซื้อ,รถยนต์ไฮบริด (Hybrid),"ราคาซื้อเริ่มต้น, ค่าบำรุงรักษา, เทคโนโลยีและความทันสมัย",3,3,5,5,4,5,5,5,4,5,5,3,5,4,4,4,4,5,5,5,5
"23/7/2026, 20:39:35",ชาย,27-30 ปี,ไม่มีบุตร,ปวช. / ปวส.,ข้าราชการ,1-2 คน,ทาวน์โฮม / ทาวเฮาท์,เช่า,มีที่จอดรถส่วนกลาง / เช่า,"25,001-35,000 บาท",มี,ขับทั้งในเมืองและนอกเมือง,ใช้งานทุกวัน,น้อยกว่า 10 กิโลเมตร,ปั๊มน้ำมัน / สถานีชาร์จ,รถยนต์สันดาป (ดีเซล / เบนซิน),"ราคา, ความสามารถในการผ่อนชำระ, ความคุ้มค่าโดยรวม, การรับประกันและบริการหลังการขาย","800,001-1,200,000 บาท","เพื่อใช้ในการค้าขาย, เพื่อหลีกเลี่ยงปัญหาจากระบบการขนส่งมวลชน",มีแนวโน้มที่จะซื้อ,รถยนต์ไฮบริด (Hybrid),"ประหยัดค่าเชื้อเพลิง, ค่าบำรุงรักษา",5,4,5,4,5,4,2,5,5,5,4,4,5,5,5,4,5,5,5,5,4
"23/7/2026, 20:39:36",หญิง,41-50 ปี,ไม่มีบุตร,ปริญญาตรี,ข้าราชการ,1-2 คน,ทาวน์โฮม / ทาวเฮาท์,เช่า,มีที่จอดรถส่วนกลาง / เช่า,"50,001-75,000 บาท","ไม่มี (หากตอบ ""ไม่มี"" ให้ข้ามไปตอบตอนที่ 3)",,,,,,"ราคา, ความสามารถในการผ่อนชำระ, ค่าน้ำมัน, สมรรถนะในการขับขี่, แบรนด์, ความคุ้มค่าโดยรวม","800,001-1,200,000 บาท",เพื่อความสะดวกในการเดินทาง,มีแนวโน้มที่จะซื้อ,รถยนต์ไฟฟ้า (EV),"ประหยัดค่าเชื้อเพลิง, เทคโนโลยีและความทันสมัย",4,5,4,4,3,5,2,4,3,5,4,5,5,5,5,3,4,5,5,4,4
"23/7/2026, 20:39:37",ชาย,20-23 ปี,1 คน,ต่ำกว่า ม.3,เจ้าของกิจการ,5 คนขึ้นไป,ทาวน์โฮม / ทาวเฮาท์,เช่า,มีที่จอดรถส่วนตัว,"25,001-35,000 บาท",มี,ขับในเมือง,ใช้เป็นครั้งคราว,น้อยกว่า 10 กิโลเมตร,"ราคาน้ำมัน, ค่าใช้จ่ายในการซ่อมบำรุง","รถยนต์สันดาป (ดีเซล / เบนซิน), รถยนต์ไฮบริด (Hybrid), รถยนต์ไฟฟ้า (EV)","ราคา, แบรนด์, ความคุ้มค่าโดยรวม","800,001-1,200,000 บาท",เพื่อความสะดวกในการเดินทาง,มีแนวโน้มที่จะซื้อ,รถยนต์ไฮบริด (Hybrid),"ราคาซื้อเริ่มต้น, ประหยัดค่าเชื้อเพลิง, ความสะดวกในการใช้งาน, เทคโนโลยีและความทันสมัย",5,5,5,5,5,5,2,4,5,5,5,4,5,4,5,3,4,5,5,3,3
"23/7/2026, 20:39:37",หญิง,20-23 ปี,2 คน,ปริญญาตรี,ค้าขาย,1-2 คน,ทาวน์โฮม / ทาวเฮาท์,พักอาศัยกับครอบครัว / ผู้อื่น,ไม่มีที่จอดรถ,"25,001-35,000 บาท",มี,ขับนอกเมือง,5-6 วัน / สัปดาห์,น้อยกว่า 10 กิโลเมตร,"ราคาน้ำมัน, ค่าใช้จ่ายในการซ่อมบำรุง","รถยนต์สันดาป (ดีเซล / เบนซิน), รถยนต์ไฮบริด (Hybrid), รถยนต์ไฟฟ้า (EV)","สมรรถนะในการขับขี่, ความคุ้มค่าโดยรวม","500,001-800,000 บาท",เพื่อใช้ในการค้าขาย,มีแนวโน้มที่จะซื้อ,รถยนต์ไฮบริด (Hybrid),"ราคาซื้อเริ่มต้น, ประหยัดค่าเชื้อเพลิง, เป็นมิตรต่อสิ่งแวดล้อม",5,5,4,4,5,4,3,5,4,5,3,5,4,4,4,4,5,3,5,4,5
"23/7/2026, 20:39:38",หญิง,20-23 ปี,2 คน,ปวช. / ปวส.,เจ้าของกิจการ,5 คนขึ้นไป,ทาวน์โฮม / ทาวเฮาท์,เช่า,ไม่มีที่จอดรถ,"35,001-50,000 บาท","ไม่มี (หากตอบ ""ไม่มี"" ให้ข้ามไปตอบตอนที่ 3)",,,,,,"รูปลักษณ์ / ดีไซน์, แบรนด์","500,001-800,000 บาท","เพื่อใช้ในการค้าขาย, เพื่อความสะดวกในการเดินทาง",ยังไม่มีแนวโน้มที่จะซื้อ,รถยนต์ไฟฟ้า (EV),"ประหยัดค่าเชื้อเพลิง, ความสะดวกในการใช้งาน, เทคโนโลยีและความทันสมัย",3,4,4,3,3,3,5,4,4,5,4,5,3,5,5,3,4,4,3,3,4
"23/7/2026, 20:39:38",ชาย,20-23 ปี,1 คน,ปริญญาตรี,ข้าราชการ,1-2 คน,คอนโด / อพาร์ตเมนต์ / หอพัก,เป็นเจ้าของ,มีที่จอดรถส่วนกลาง / เช่า,"35,001-50,000 บาท","ไม่มี (หากตอบ ""ไม่มี"" ให้ข้ามไปตอบตอนที่ 3)",,,,,,"ราคา, ค่าน้ำมัน, ค่าซ่อมบำรุง, แบรนด์, ความคุ้มค่าโดยรวม, การรับประกันและบริการหลังการขาย","500,001-800,000 บาท",เพื่อใช้ในการค้าขาย,มีแนวโน้มที่จะซื้อ,รถยนต์ไฮบริด (Hybrid),"ค่าบำรุงรักษา, เทคโนโลยีและความทันสมัย",4,5,4,4,4,5,4,4,2,4,5,4,5,5,2,3,5,4,2,4,4
"23/7/2026, 20:39:39",ชาย,51-60 ปี,ไม่มีบุตร,ม.6,ค้าขาย,1-2 คน,ทาวน์โฮม / ทาวเฮาท์,เช่า,มีที่จอดรถส่วนตัว,"50,001-75,000 บาท","ไม่มี (หากตอบ ""ไม่มี"" ให้ข้ามไปตอบตอนที่ 3)",,,,,,"ราคา, ความสามารถในการผ่อนชำระ, ค่าน้ำมัน, ค่าซ่อมบำรุง, แบรนด์, เทคโนโลยีและฟังก์ชันภายในรถ, ความคุ้มค่าโดยรวม, การรับประกันและบริการหลังการขาย","1,200,000-1,500,000 บาท",เพื่อความสะดวกในการเดินทาง,ยังไม่มีแนวโน้มที่จะซื้อ,รถยนต์ไฮบริด (Hybrid),ราคาซื้อเริ่มต้น,5,3,4,5,4,3,4,5,5,4,4,4,5,5,5,4,4,3,5,4,3
"23/7/2026, 20:39:40",ชาย,31-40 ปี,1 คน,ต่ำกว่า ม.3,ค้าขาย,1-2 คน,ทาวน์โฮม / ทาวเฮาท์,พักอาศัยกับครอบครัว / ผู้อื่น,มีที่จอดรถส่วนตัว,"25,001-35,000 บาท","ไม่มี (หากตอบ ""ไม่มี"" ให้ข้ามไปตอบตอนที่ 3)",,,,,,"ราคา, ความสามารถในการผ่อนชำระ, รูปลักษณ์ / ดีไซน์, แบรนด์","500,001-800,000 บาท","เพื่อใช้ในการค้าขาย, เพื่อใช้ในการเดินทางท่องเที่ยว, เพื่อความสะดวกในการเดินทาง",มีแนวโน้มที่จะซื้อ,รถยนต์ไฮบริด (Hybrid),"ราคาซื้อเริ่มต้น, เทคโนโลยีและความทันสมัย",4,5,5,5,4,5,5,4,5,4,4,2,4,5,5,3,4,5,4,4,4
"23/7/2026, 20:39:40",ชาย,มากกว่า 60 ปี,ไม่มีบุตร,ปริญญาตรี,ข้าราชการ,1-2 คน,คอนโด / อพาร์ตเมนต์ / หอพัก,เป็นเจ้าของ,มีที่จอดรถส่วนกลาง / เช่า,"ต่ำกว่า 15,000 บาท",มี,ขับในเมือง,5-6 วัน / สัปดาห์,31-50 กิโลเมตร,"ราคาน้ำมัน, ค่าไฟฟ้า, ศูนย์บริการและอะไหล่, อายุการใช้งาน, ค่าใช้จ่ายในการซ่อมบำรุง",รถยนต์สันดาป (ดีเซล / เบนซิน),"ราคา, ค่าน้ำมัน, เทคโนโลยีและฟังก์ชันภายในรถ","800,001-1,200,000 บาท",เพื่อความสะดวกในการเดินทาง,มีแนวโน้มที่จะซื้อ,รถยนต์สันดาป (ดีเซล / เบนซิน),"ประหยัดค่าเชื้อเพลิง, เป็นมิตรต่อสิ่งแวดล้อม, เทคโนโลยีและความทันสมัย",5,5,5,5,5,4,5,2,4,4,4,4,3,5,3,3,4,4,3,4,3
"23/7/2026, 20:39:41",ชาย,20-23 ปี,ไม่มีบุตร,ปวช. / ปวส.,ข้าราชการ,1-2 คน,ทาวน์โฮม / ทาวเฮาท์,เช่า,ไม่มีที่จอดรถ,"ต่ำกว่า 15,000 บาท",มี,ขับนอกเมือง,ใช้เป็นครั้งคราว,71-90 กิโลเมตร,"ราคาน้ำมัน, ศูนย์บริการและอะไหล่, อายุการใช้งาน",รถยนต์สันดาป (ดีเซล / เบนซิน),"ราคา, สมรรถนะในการขับขี่, การรับประกันและบริการหลังการขาย","800,001-1,200,000 บาท","เพื่อใช้ในการค้าขาย, เพื่อใช้ในการเดินทางท่องเที่ยว, เพื่อความสะดวกในการเดินทาง",มีแนวโน้มที่จะซื้อ,รถยนต์ไฮบริด (Hybrid),"ราคาซื้อเริ่มต้น, ประหยัดค่าเชื้อเพลิง",5,5,5,5,5,4,4,3,4,5,5,3,4,5,4,4,4,5,4,4,4
"23/7/2026, 20:39:42",หญิง,27-30 ปี,1 คน,ปวช. / ปวส.,รัฐวิสาหกิจ,1-2 คน,คอนโด / อพาร์ตเมนต์ / หอพัก,เป็นเจ้าของ,มีที่จอดรถส่วนกลาง / เช่า,"ต่ำกว่า 15,000 บาท","ไม่มี (หากตอบ ""ไม่มี"" ให้ข้ามไปตอบตอนที่ 3)",,,,,,"สมรรถนะในการขับขี่, รูปลักษณ์ / ดีไซน์, แบรนด์, ความคุ้มค่าโดยรวม, การรับประกันและบริการหลังการขาย","800,001-1,200,000 บาท",เพื่อใช้ในการเดินทางไปทำงาน,ยังไม่มีแนวโน้มที่จะซื้อ,รถยนต์สันดาป (ดีเซล / เบนซิน),"ความสะดวกในการใช้งาน, เป็นมิตรต่อสิ่งแวดล้อม, เทคโนโลยีและความทันสมัย",4,3,5,4,5,5,3,3,4,4,4,4,4,5,4,4,4,5,4,5,4
"23/7/2026, 20:39:42",ชาย,27-30 ปี,ไม่มีบุตร,ปริญญาตรี,รัฐวิสาหกิจ,1-2 คน,บ้านเดี่ยว / บ้านแฝด,เช่า,มีที่จอดรถส่วนกลาง / เช่า,"25,001-35,000 บาท","ไม่มี (หากตอบ ""ไม่มี"" ให้ข้ามไปตอบตอนที่ 3)",,,,,,"ราคา, ค่าซ่อมบำรุง, สมรรถนะในการขับขี่, แบรนด์, ความคุ้มค่าโดยรวม, การรับประกันและบริการหลังการขาย","ต่ำกว่า 500,000 บาท","เพื่อใช้ในการค้าขาย, เพื่อใช้ในการเดินทางท่องเที่ยว, เพื่อความสะดวกในการเดินทาง",ยังไม่มีแนวโน้มที่จะซื้อ,รถยนต์ไฮบริด (Hybrid),"ค่าบำรุงรักษา, เทคโนโลยีและความทันสมัย",5,5,4,3,4,4,5,4,4,3,4,5,5,3,5,5,3,4,4,4,5
"23/7/2026, 20:39:43",ชาย,41-50 ปี,2 คน,ปริญญาตรี,รัฐวิสาหกิจ,1-2 คน,บ้านเดี่ยว / บ้านแฝด,เช่า,มีที่จอดรถส่วนกลาง / เช่า,"25,001-35,000 บาท",มี,ขับทั้งในเมืองและนอกเมือง,1-2 วัน / สัปดาห์,น้อยกว่า 10 กิโลเมตร,"ราคาน้ำมัน, ศูนย์บริการและอะไหล่, อายุการใช้งาน, ค่าใช้จ่ายในการซ่อมบำรุง, มูลค่าการขายต่อ",รถยนต์สันดาป (ดีเซล / เบนซิน),"ค่าน้ำมัน, ค่าซ่อมบำรุง, รูปลักษณ์ / ดีไซน์, แบรนด์","ต่ำกว่า 500,000 บาท",เพื่อความสะดวกในการเดินทาง,มีแนวโน้มที่จะซื้อ,รถยนต์ไฮบริด (Hybrid),ราคาซื้อเริ่มต้น,5,5,5,3,4,5,5,5,4,5,5,4,4,4,5,5,3,4,5,5,4
"23/7/2026, 20:39:44",ชาย,31-40 ปี,1 คน,ปริญญาตรี,รัฐวิสาหกิจ,1-2 คน,บ้านเดี่ยว / บ้านแฝด,เป็นเจ้าของ,มีที่จอดรถส่วนกลาง / เช่า,"50,001-75,000 บาท",มี,ขับในเมือง,ใช้งานทุกวัน,น้อยกว่า 10 กิโลเมตร,"อายุการใช้งาน, ค่าใช้จ่ายในการซ่อมบำรุง","รถยนต์สันดาป (ดีเซล / เบนซิน), รถยนต์ไฮบริด (Hybrid)","ค่าน้ำมัน, รูปลักษณ์ / ดีไซน์, เทคโนโลยีและฟังก์ชันภายในรถ, ความคุ้มค่าโดยรวม, การรับประกันและบริการหลังการขาย","500,001-800,000 บาท",เพื่อความสะดวกในการเดินทาง,มีแนวโน้มที่จะซื้อ,รถยนต์ไฟฟ้า (EV),"ราคาซื้อเริ่มต้น, ประหยัดค่าเชื้อเพลิง",4,5,5,4,5,4,5,5,4,4,4,5,3,4,4,4,4,3,4,5,3
"23/7/2026, 20:39:44",ชาย,51-60 ปี,1 คน,ปริญญาเอก,ค้าขาย,1-2 คน,ทาวน์โฮม / ทาวเฮาท์,เช่า,มีที่จอดรถส่วนกลาง / เช่า,"ต่ำกว่า 15,000 บาท",มี,ขับในเมือง,ใช้งานทุกวัน,10-30 กิโลเมตร,"ราคาน้ำมัน, ปั๊มน้ำมัน / สถานีชาร์จ, ศูนย์บริการและอะไหล่",รถยนต์สันดาป (ดีเซล / เบนซิน),"ความสามารถในการผ่อนชำระ, ค่าซ่อมบำรุง, รูปลักษณ์ / ดีไซน์, แบรนด์, เทคโนโลยีและฟังก์ชันภายในรถ","ต่ำกว่า 500,000 บาท","เพื่อใช้ในการเดินทางไปทำงาน, เพื่อใช้ในการค้าขาย, เพื่อความสะดวกในการเดินทาง",มีแนวโน้มที่จะซื้อ,รถยนต์สันดาป (ดีเซล / เบนซิน),"ราคาซื้อเริ่มต้น, ประหยัดค่าเชื้อเพลิง, ค่าบำรุงรักษา, ความสะดวกในการใช้งาน, เทคโนโลยีและความทันสมัย",5,3,5,4,3,3,4,4,4,3,5,4,5,5,3,5,5,5,4,4,5
"23/7/2026, 20:39:45",หญิง,31-40 ปี,ไม่มีบุตร,ปวช. / ปวส.,อาชีพอิสระ,1-2 คน,ทาวน์โฮม / ทาวเฮาท์,พักอาศัยกับครอบครัว / ผู้อื่น,มีที่จอดรถส่วนกลาง / เช่า,"25,001-35,000 บาท","ไม่มี (หากตอบ ""ไม่มี"" ให้ข้ามไปตอบตอนที่ 3)",,,,,,"ราคา, แบรนด์, ความคุ้มค่าโดยรวม, การรับประกันและบริการหลังการขาย","500,001-800,000 บาท",เพื่อความสะดวกในการเดินทาง,มีแนวโน้มที่จะซื้อ,รถยนต์ไฮบริด (Hybrid),"ราคาซื้อเริ่มต้น, ค่าบำรุงรักษา",4,4,4,5,5,4,2,5,4,5,5,4,3,4,5,2,5,5,4,5,5
"23/7/2026, 20:39:46",หญิง,27-30 ปี,ไม่มีบุตร,ปริญญาตรี,พนักงานเอกชน,1-2 คน,ทาวน์โฮม / ทาวเฮาท์,เช่า,มีที่จอดรถส่วนกลาง / เช่า,"15,001-25,000 บาท",มี,ขับทั้งในเมืองและนอกเมือง,5-6 วัน / สัปดาห์,31-50 กิโลเมตร,"ราคาน้ำมัน, มูลค่าการขายต่อ",รถยนต์ไฮบริด (Hybrid),"ค่าซ่อมบำรุง, แบรนด์","800,001-1,200,000 บาท","เพื่อใช้ในการเดินทางไปทำงาน, เพื่อใช้ในการค้าขาย, เพื่อความสะดวกในการเดินทาง, เพื่อหลีกเลี่ยงปัญหาจากระบบการขนส่งมวลชน",มีแนวโน้มที่จะซื้อ,รถยนต์ไฮบริด (Hybrid),"ราคาซื้อเริ่มต้น, ความสะดวกในการใช้งาน",5,5,4,5,5,4,5,4,5,5,4,5,4,5,5,4,5,5,4,5,5
"23/7/2026, 20:39:46",ชาย,27-30 ปี,1 คน,ปริญญาตรี,พนักงานเอกชน,1-2 คน,บ้านเดี่ยว / บ้านแฝด,พักอาศัยกับครอบครัว / ผู้อื่น,ไม่มีที่จอดรถ,"25,001-35,000 บาท","ไม่มี (หากตอบ ""ไม่มี"" ให้ข้ามไปตอบตอนที่ 3)",,,,,,"ความสามารถในการผ่อนชำระ, แบรนด์, เทคโนโลยีและฟังก์ชันภายในรถ, การรับประกันและบริการหลังการขาย","800,001-1,200,000 บาท",เพื่อความสะดวกในการเดินทาง,มีแนวโน้มที่จะซื้อ,รถยนต์ไฮบริด (Hybrid),ความสะดวกในการใช้งาน,2,5,5,4,5,5,5,3,3,4,5,5,5,5,5,5,5,4,4,4,5
"23/7/2026, 20:39:47",หญิง,41-50 ปี,2 คน,ปริญญาเอก,ค้าขาย,1-2 คน,ทาวน์โฮม / ทาวเฮาท์,พักอาศัยกับครอบครัว / ผู้อื่น,มีที่จอดรถส่วนกลาง / เช่า,"25,001-35,000 บาท",มี,ขับในเมือง,5-6 วัน / สัปดาห์,51-70 กิโลเมตร,"ศูนย์บริการและอะไหล่, อายุการใช้งาน",รถยนต์สันดาป (ดีเซล / เบนซิน),"ราคา, ความสามารถในการผ่อนชำระ, ค่าน้ำมัน, แบรนด์, การรับประกันและบริการหลังการขาย","500,001-800,000 บาท",เพื่อหลีกเลี่ยงปัญหาจากระบบการขนส่งมวลชน,มีแนวโน้มที่จะซื้อ,รถยนต์ไฮบริด (Hybrid),ประหยัดค่าเชื้อเพลิง,4,5,4,4,5,4,3,4,3,5,4,4,5,5,4,5,4,4,4,4,5
"23/7/2026, 20:39:48",หญิง,51-60 ปี,1 คน,ม.3,อาชีพอิสระ,1-2 คน,ทาวน์โฮม / ทาวเฮาท์,พักอาศัยกับครอบครัว / ผู้อื่น,มีที่จอดรถส่วนกลาง / เช่า,"15,001-25,000 บาท","ไม่มี (หากตอบ ""ไม่มี"" ให้ข้ามไปตอบตอนที่ 3)",,,,,,"ราคา, สมรรถนะในการขับขี่, ความคุ้มค่าโดยรวม, การรับประกันและบริการหลังการขาย","500,001-800,000 บาท",เพื่อความสะดวกในการเดินทาง,มีแนวโน้มที่จะซื้อ,รถยนต์ไฮบริด (Hybrid),"ราคาซื้อเริ่มต้น, ประหยัดค่าเชื้อเพลิง, เป็นมิตรต่อสิ่งแวดล้อม",4,5,3,5,5,5,5,5,5,5,5,4,4,5,4,5,4,5,4,4,3
"23/7/2026, 20:39:49",หญิง,มากกว่า 60 ปี,1 คน,ปริญญาตรี,รัฐวิสาหกิจ,1-2 คน,ทาวน์โฮม / ทาวเฮาท์,พักอาศัยกับครอบครัว / ผู้อื่น,มีที่จอดรถส่วนตัว,"ต่ำกว่า 15,000 บาท",มี,ขับทั้งในเมืองและนอกเมือง,ใช้งานทุกวัน,31-50 กิโลเมตร,"ราคาน้ำมัน, อายุการใช้งาน, ค่าใช้จ่ายในการซ่อมบำรุง","รถยนต์สันดาป (ดีเซล / เบนซิน), รถยนต์ไฮบริด (Hybrid), รถยนต์ไฟฟ้า (EV)","ราคา, ค่าน้ำมัน, รูปลักษณ์ / ดีไซน์, เทคโนโลยีและฟังก์ชันภายในรถ","ต่ำกว่า 500,000 บาท","เพื่อใช้ในการเดินทางไปทำงาน, เพื่อความสะดวกในการเดินทาง, เพื่อหลีกเลี่ยงปัญหาจากระบบการขนส่งมวลชน",ยังไม่มีแนวโน้มที่จะซื้อ,รถยนต์สันดาป (ดีเซล / เบนซิน),"ราคาซื้อเริ่มต้น, ประหยัดค่าเชื้อเพลิง, ความสะดวกในการใช้งาน, เป็นมิตรต่อสิ่งแวดล้อม",5,5,4,4,5,5,5,4,4,4,5,5,5,5,4,5,4,4,4,5,3
"23/7/2026, 20:39:50",ชาย,20-23 ปี,ไม่มีบุตร,ปวช. / ปวส.,ข้าราชการ,1-2 คน,ทาวน์โฮม / ทาวเฮาท์,เช่า,มีที่จอดรถส่วนตัว,"15,001-25,000 บาท","ไม่มี (หากตอบ ""ไม่มี"" ให้ข้ามไปตอบตอนที่ 3)",,,,,,"ราคา, ค่าน้ำมัน, เทคโนโลยีและฟังก์ชันภายในรถ, ความคุ้มค่าโดยรวม, การรับประกันและบริการหลังการขาย","500,001-800,000 บาท",เพื่อความสะดวกในการเดินทาง,มีแนวโน้มที่จะซื้อ,รถยนต์ไฮบริด (Hybrid),"ประหยัดค่าเชื้อเพลิง, เป็นมิตรต่อสิ่งแวดล้อม, เทคโนโลยีและความทันสมัย",5,4,3,4,5,4,5,5,3,5,4,5,4,5,5,4,5,5,5,5,4
"23/7/2026, 20:39:50",ชาย,24-26 ปี,2 คน,ปริญญาตรี,พนักงานเอกชน,1-2 คน,คอนโด / อพาร์ตเมนต์ / หอพัก,เช่า,มีที่จอดรถส่วนกลาง / เช่า,"15,001-25,000 บาท",มี,ขับทั้งในเมืองและนอกเมือง,5-6 วัน / สัปดาห์,71-90 กิโลเมตร,อายุการใช้งาน,รถยนต์สันดาป (ดีเซล / เบนซิน),ค่าน้ำมัน,"1,200,000-1,500,000 บาท",เพื่อความสะดวกในการเดินทาง,ยังไม่มีแนวโน้มที่จะซื้อ,รถยนต์ไฮบริด (Hybrid),"ราคาซื้อเริ่มต้น, ประหยัดค่าเชื้อเพลิง",5,4,4,5,5,4,5,3,4,5,4,5,5,4,4,5,5,5,4,4,5
"23/7/2026, 20:39:51",หญิง,24-26 ปี,ไม่มีบุตร,ต่ำกว่า ม.3,ข้าราชการ,1-2 คน,บ้านเดี่ยว / บ้านแฝด,เป็นเจ้าของ,มีที่จอดรถส่วนกลาง / เช่า,"50,001-75,000 บาท",มี,ขับนอกเมือง,5-6 วัน / สัปดาห์,51-70 กิโลเมตร,"ศูนย์บริการและอะไหล่, อายุการใช้งาน",รถยนต์สันดาป (ดีเซล / เบนซิน),"ราคา, ค่าน้ำมัน, การรับประกันและบริการหลังการขาย","500,001-800,000 บาท","เพื่อความสะดวกในการเดินทาง, เพื่อหลีกเลี่ยงปัญหาจากระบบการขนส่งมวลชน",ยังไม่มีแนวโน้มที่จะซื้อ,รถยนต์ไฮบริด (Hybrid),"ประหยัดค่าเชื้อเพลิง, เทคโนโลยีและความทันสมัย",4,3,5,4,5,5,5,4,5,3,5,4,4,3,5,4,4,4,4,3,3
"23/7/2026, 20:39:52",ชาย,20-23 ปี,ไม่มีบุตร,ปริญญาตรี,นักเรียน / นักศึกษา,1-2 คน,บ้านเดี่ยว / บ้านแฝด,เป็นเจ้าของ,ไม่มีที่จอดรถ,"25,001-35,000 บาท",มี,ขับทั้งในเมืองและนอกเมือง,ใช้งานทุกวัน,10-30 กิโลเมตร,"ศูนย์บริการและอะไหล่, อายุการใช้งาน",รถยนต์สันดาป (ดีเซล / เบนซิน),ค่าน้ำมัน,"800,001-1,200,000 บาท",เพื่อหลีกเลี่ยงปัญหาจากระบบการขนส่งมวลชน,มีแนวโน้มที่จะซื้อ,รถยนต์สันดาป (ดีเซล / เบนซิน),"ประหยัดค่าเชื้อเพลิง, เทคโนโลยีและความทันสมัย",3,4,4,5,5,3,5,5,4,4,3,5,4,3,5,4,5,5,4,5,4
"23/7/2026, 20:39:52",หญิง,31-40 ปี,1 คน,ปริญญาโท,พนักงานเอกชน,1-2 คน,บ้านเดี่ยว / บ้านแฝด,เช่า,มีที่จอดรถส่วนกลาง / เช่า,"35,001-50,000 บาท",มี,ขับนอกเมือง,ใช้เป็นครั้งคราว,31-50 กิโลเมตร,"ศูนย์บริการและอะไหล่, อายุการใช้งาน, ค่าใช้จ่ายในการซ่อมบำรุง",รถยนต์ไฮบริด (Hybrid),"ความสามารถในการผ่อนชำระ, ค่าน้ำมัน, เทคโนโลยีและฟังก์ชันภายในรถ, ความคุ้มค่าโดยรวม, การรับประกันและบริการหลังการขาย","800,001-1,200,000 บาท","เพื่อใช้ในการค้าขาย, เพื่อความสะดวกในการเดินทาง, เพื่อหลีกเลี่ยงปัญหาจากระบบการขนส่งมวลชน",มีแนวโน้มที่จะซื้อ,รถยนต์ไฟฟ้า (EV),"ราคาซื้อเริ่มต้น, ค่าบำรุงรักษา, เทคโนโลยีและความทันสมัย",5,4,5,4,4,3,5,3,5,5,4,5,5,4,5,4,5,5,5,4,2
"23/7/2026, 20:39:53",หญิง,20-23 ปี,3 คน,ปวช. / ปวส.,เจ้าของกิจการ,3-4 คน,ทาวน์โฮม / ทาวเฮาท์,พักอาศัยกับครอบครัว / ผู้อื่น,มีที่จอดรถส่วนตัว,"มากกว่า 75,000","ไม่มี (หากตอบ ""ไม่มี"" ให้ข้ามไปตอบตอนที่ 3)",,,,,,"ราคา, ค่าน้ำมัน, ค่าซ่อมบำรุง, สมรรถนะในการขับขี่, ความคุ้มค่าโดยรวม, การรับประกันและบริการหลังการขาย","500,001-800,000 บาท",เพื่อความสะดวกในการเดินทาง,มีแนวโน้มที่จะซื้อ,รถยนต์ไฮบริด (Hybrid),"ราคาซื้อเริ่มต้น, ประหยัดค่าเชื้อเพลิง, ค่าบำรุงรักษา",5,5,2,5,5,4,5,4,5,5,4,4,5,5,4,5,4,4,4,5,5
"23/7/2026, 20:39:53",ชาย,41-50 ปี,ไม่มีบุตร,ต่ำกว่า ม.3,เจ้าของกิจการ,3-4 คน,บ้านเดี่ยว / บ้านแฝด,เช่า,มีที่จอดรถส่วนกลาง / เช่า,"ต่ำกว่า 15,000 บาท",มี,ขับนอกเมือง,ใช้งานทุกวัน,น้อยกว่า 10 กิโลเมตร,"ค่าไฟฟ้า, ปั๊มน้ำมัน / สถานีชาร์จ, ศูนย์บริการและอะไหล่","รถยนต์สันดาป (ดีเซล / เบนซิน), รถยนต์ไฮบริด (Hybrid), รถยนต์ไฟฟ้า (EV)","ราคา, ความสามารถในการผ่อนชำระ, ค่าซ่อมบำรุง, รูปลักษณ์ / ดีไซน์","800,001-1,200,000 บาท",เพื่อความสะดวกในการเดินทาง,ยังไม่มีแนวโน้มที่จะซื้อ,รถยนต์ไฟฟ้า (EV),"ประหยัดค่าเชื้อเพลิง, ค่าบำรุงรักษา, เทคโนโลยีและความทันสมัย",5,4,5,4,5,3,4,5,5,4,4,4,5,4,4,3,3,5,3,5,5
"23/7/2026, 20:39:54",ชาย,27-30 ปี,3 คน,ปวช. / ปวส.,ข้าราชการ,3-4 คน,ทาวน์โฮม / ทาวเฮาท์,เช่า,มีที่จอดรถส่วนกลาง / เช่า,"35,001-50,000 บาท",มี,ขับทั้งในเมืองและนอกเมือง,ใช้เป็นครั้งคราว,71-90 กิโลเมตร,"อายุการใช้งาน, ค่าใช้จ่ายในการซ่อมบำรุง",รถยนต์สันดาป (ดีเซล / เบนซิน),"ค่าซ่อมบำรุง, สมรรถนะในการขับขี่, รูปลักษณ์ / ดีไซน์, เทคโนโลยีและฟังก์ชันภายในรถ, การรับประกันและบริการหลังการขาย","500,001-800,000 บาท","เพื่อใช้ในการเดินทางไปทำงาน, เพื่อใช้ในการค้าขาย, เพื่อความสะดวกในการเดินทาง, เพื่อหลีกเลี่ยงปัญหาจากระบบการขนส่งมวลชน",มีแนวโน้มที่จะซื้อ,รถยนต์สันดาป (ดีเซล / เบนซิน),"ประหยัดค่าเชื้อเพลิง, ค่าบำรุงรักษา, ความสะดวกในการใช้งาน",3,5,3,4,5,4,4,5,5,5,3,4,4,5,5,4,5,5,3,4,3
"23/7/2026, 20:39:55",ชาย,20-23 ปี,2 คน,ม.6,เจ้าของกิจการ,1-2 คน,บ้านเดี่ยว / บ้านแฝด,พักอาศัยกับครอบครัว / ผู้อื่น,มีที่จอดรถส่วนตัว,"25,001-35,000 บาท",มี,ขับนอกเมือง,1-2 วัน / สัปดาห์,10-30 กิโลเมตร,"ราคาน้ำมัน, ศูนย์บริการและอะไหล่, อายุการใช้งาน, ค่าใช้จ่ายในการซ่อมบำรุง","รถยนต์สันดาป (ดีเซล / เบนซิน), รถยนต์ไฮบริด (Hybrid)","ราคา, ความสามารถในการผ่อนชำระ, เทคโนโลยีและฟังก์ชันภายในรถ, การรับประกันและบริการหลังการขาย","1,200,000-1,500,000 บาท",เพื่อความสะดวกในการเดินทาง,ยังไม่มีแนวโน้มที่จะซื้อ,รถยนต์ไฟฟ้า (EV),"ประหยัดค่าเชื้อเพลิง, เทคโนโลยีและความทันสมัย",4,4,3,3,5,5,4,3,5,5,3,5,5,4,3,4,5,4,5,4,5
"23/7/2026, 20:39:56",หญิง,20-23 ปี,2 คน,ปวช. / ปวส.,ค้าขาย,1-2 คน,บ้านเดี่ยว / บ้านแฝด,เป็นเจ้าของ,มีที่จอดรถส่วนกลาง / เช่า,"ต่ำกว่า 15,000 บาท","ไม่มี (หากตอบ ""ไม่มี"" ให้ข้ามไปตอบตอนที่ 3)",,,,,,"ราคา, ความสามารถในการผ่อนชำระ, ค่าน้ำมัน, ค่าซ่อมบำรุง, เทคโนโลยีและฟังก์ชันภายในรถ, การรับประกันและบริการหลังการขาย","500,001-800,000 บาท",เพื่อใช้ในการค้าขาย,มีแนวโน้มที่จะซื้อ,รถยนต์ไฮบริด (Hybrid),"ราคาซื้อเริ่มต้น, ประหยัดค่าเชื้อเพลิง, เทคโนโลยีและความทันสมัย",5,2,5,5,4,3,5,5,3,4,4,3,5,5,4,5,4,3,4,3,5
"23/7/2026, 20:39:56",หญิง,41-50 ปี,2 คน,ม.6,พนักงานเอกชน,1-2 คน,ทาวน์โฮม / ทาวเฮาท์,เช่า,มีที่จอดรถส่วนตัว,"15,001-25,000 บาท",มี,ขับนอกเมือง,ใช้งานทุกวัน,น้อยกว่า 10 กิโลเมตร,"ราคาน้ำมัน, ศูนย์บริการและอะไหล่",รถยนต์สันดาป (ดีเซล / เบนซิน),"ราคา, ค่าน้ำมัน, ค่าซ่อมบำรุง, แบรนด์, ความคุ้มค่าโดยรวม","ต่ำกว่า 500,000 บาท",เพื่อความสะดวกในการเดินทาง,มีแนวโน้มที่จะซื้อ,รถยนต์ไฮบริด (Hybrid),"ประหยัดค่าเชื้อเพลิง, เทคโนโลยีและความทันสมัย",4,4,5,5,5,5,5,4,5,5,5,5,4,5,5,4,4,4,4,4,4
"23/7/2026, 20:39:57",ชาย,20-23 ปี,ไม่มีบุตร,ม.6,รัฐวิสาหกิจ,1-2 คน,ทาวน์โฮม / ทาวเฮาท์,เป็นเจ้าของ,มีที่จอดรถส่วนตัว,"35,001-50,000 บาท","ไม่มี (หากตอบ ""ไม่มี"" ให้ข้ามไปตอบตอนที่ 3)",,,,,,"ราคา, ค่าน้ำมัน, สมรรถนะในการขับขี่, แบรนด์, ความคุ้มค่าโดยรวม, การรับประกันและบริการหลังการขาย","มากกว่า 1,500,000 บาท","เพื่อใช้ในการค้าขาย, เพื่อใช้ในการเดินทางท่องเที่ยว, เพื่อความสะดวกในการเดินทาง",มีแนวโน้มที่จะซื้อ,รถยนต์ไฮบริด (Hybrid),"ราคาซื้อเริ่มต้น, ประหยัดค่าเชื้อเพลิง, เป็นมิตรต่อสิ่งแวดล้อม",4,3,4,5,5,5,5,4,5,4,5,4,5,5,4,4,4,4,5,5,3
"23/7/2026, 20:39:58",ชาย,41-50 ปี,1 คน,ปริญญาโท,รัฐวิสาหกิจ,1-2 คน,บ้านเดี่ยว / บ้านแฝด,พักอาศัยกับครอบครัว / ผู้อื่น,มีที่จอดรถส่วนกลาง / เช่า,"25,001-35,000 บาท","ไม่มี (หากตอบ ""ไม่มี"" ให้ข้ามไปตอบตอนที่ 3)",,,,,,"ราคา, รูปลักษณ์ / ดีไซน์, การรับประกันและบริการหลังการขาย","ต่ำกว่า 500,000 บาท","เพื่อใช้ในการเดินทางท่องเที่ยว, เพื่อความสะดวกในการเดินทาง",ยังไม่มีแนวโน้มที่จะซื้อ,รถยนต์ไฮบริด (Hybrid),"ประหยัดค่าเชื้อเพลิง, ความสะดวกในการใช้งาน",5,3,5,5,5,5,3,5,5,5,4,5,4,4,4,4,5,5,4,4,4
"23/7/2026, 20:39:59",ชาย,20-23 ปี,ไม่มีบุตร,ม.6,ค้าขาย,1-2 คน,คอนโด / อพาร์ตเมนต์ / หอพัก,เช่า,มีที่จอดรถส่วนตัว,"15,001-25,000 บาท","ไม่มี (หากตอบ ""ไม่มี"" ให้ข้ามไปตอบตอนที่ 3)",,,,,,"ราคา, ความสามารถในการผ่อนชำระ, ค่าน้ำมัน, ความคุ้มค่าโดยรวม, การรับประกันและบริการหลังการขาย","500,001-800,000 บาท",เพื่อหลีกเลี่ยงปัญหาจากระบบการขนส่งมวลชน,มีแนวโน้มที่จะซื้อ,รถยนต์ไฟฟ้า (EV),"ราคาซื้อเริ่มต้น, ความสะดวกในการใช้งาน, เทคโนโลยีและความทันสมัย",4,3,5,5,4,5,5,5,5,3,4,4,4,5,5,5,5,4,3,3,5
"23/7/2026, 20:40:00",ชาย,มากกว่า 60 ปี,ไม่มีบุตร,ปริญญาตรี,เจ้าของกิจการ,1-2 คน,ทาวน์โฮม / ทาวเฮาท์,พักอาศัยกับครอบครัว / ผู้อื่น,มีที่จอดรถส่วนกลาง / เช่า,"15,001-25,000 บาท","ไม่มี (หากตอบ ""ไม่มี"" ให้ข้ามไปตอบตอนที่ 3)",,,,,,"ค่าซ่อมบำรุง, สมรรถนะในการขับขี่, แบรนด์, ความคุ้มค่าโดยรวม, การรับประกันและบริการหลังการขาย","ต่ำกว่า 500,000 บาท",เพื่อใช้ในการค้าขาย,มีแนวโน้มที่จะซื้อ,รถยนต์ไฮบริด (Hybrid),"ราคาซื้อเริ่มต้น, ประหยัดค่าเชื้อเพลิง, เทคโนโลยีและความทันสมัย",5,4,3,5,2,4,5,4,5,5,5,4,2,5,5,4,4,3,5,5,5
"23/7/2026, 20:40:01",ชาย,27-30 ปี,ไม่มีบุตร,ปริญญาตรี,เจ้าของกิจการ,1-2 คน,คอนโด / อพาร์ตเมนต์ / หอพัก,พักอาศัยกับครอบครัว / ผู้อื่น,ไม่มีที่จอดรถ,"25,001-35,000 บาท",มี,ขับทั้งในเมืองและนอกเมือง,ใช้เป็นครั้งคราว,31-50 กิโลเมตร,"ปั๊มน้ำมัน / สถานีชาร์จ, ศูนย์บริการและอะไหล่",รถยนต์ไฮบริด (Hybrid),"เทคโนโลยีและฟังก์ชันภายในรถ, ความคุ้มค่าโดยรวม","ต่ำกว่า 500,000 บาท","เพื่อใช้ในการเดินทางท่องเที่ยว, เพื่อความสะดวกในการเดินทาง",ยังไม่มีแนวโน้มที่จะซื้อ,รถยนต์ไฮบริด (Hybrid),"ประหยัดค่าเชื้อเพลิง, เป็นมิตรต่อสิ่งแวดล้อม, เทคโนโลยีและความทันสมัย",4,5,4,5,4,3,3,5,5,5,3,5,4,5,5,5,5,4,4,5,5
"23/7/2026, 20:40:02",ชาย,20-23 ปี,1 คน,ปริญญาตรี,พนักงานเอกชน,3-4 คน,คอนโด / อพาร์ตเมนต์ / หอพัก,พักอาศัยกับครอบครัว / ผู้อื่น,มีที่จอดรถส่วนกลาง / เช่า,"ต่ำกว่า 15,000 บาท",มี,ขับนอกเมือง,ใช้งานทุกวัน,น้อยกว่า 10 กิโลเมตร,"ค่าไฟฟ้า, ปั๊มน้ำมัน / สถานีชาร์จ, อายุการใช้งาน","รถยนต์สันดาป (ดีเซล / เบนซิน), รถยนต์ไฟฟ้า (EV)","ค่าน้ำมัน, เทคโนโลยีและฟังก์ชันภายในรถ","1,200,000-1,500,000 บาท",เพื่อความสะดวกในการเดินทาง,ยังไม่มีแนวโน้มที่จะซื้อ,รถยนต์ไฮบริด (Hybrid),"ประหยัดค่าเชื้อเพลิง, ค่าบำรุงรักษา, ความสะดวกในการใช้งาน",4,5,5,5,5,5,5,5,3,4,5,3,3,4,4,4,5,5,5,3,5
"23/7/2026, 20:40:03",ชาย,41-50 ปี,2 คน,ปริญญาตรี,เจ้าของกิจการ,1-2 คน,ทาวน์โฮม / ทาวเฮาท์,เช่า,มีที่จอดรถส่วนตัว,"ต่ำกว่า 15,000 บาท","ไม่มี (หากตอบ ""ไม่มี"" ให้ข้ามไปตอบตอนที่ 3)",,,,,,"ราคา, ค่าน้ำมัน, ค่าซ่อมบำรุง, ความคุ้มค่าโดยรวม","800,001-1,200,000 บาท",เพื่อหลีกเลี่ยงปัญหาจากระบบการขนส่งมวลชน,ยังไม่มีแนวโน้มที่จะซื้อ,รถยนต์ไฮบริด (Hybrid),"ราคาซื้อเริ่มต้น, ประหยัดค่าเชื้อเพลิง, ความสะดวกในการใช้งาน, เทคโนโลยีและความทันสมัย",5,5,4,5,5,5,3,3,4,5,5,5,4,5,3,4,4,5,5,5,4
"23/7/2026, 20:40:04",ชาย,มากกว่า 60 ปี,1 คน,ปริญญาตรี,อาชีพอิสระ,1-2 คน,บ้านเดี่ยว / บ้านแฝด,พักอาศัยกับครอบครัว / ผู้อื่น,มีที่จอดรถส่วนตัว,"ต่ำกว่า 15,000 บาท","ไม่มี (หากตอบ ""ไม่มี"" ให้ข้ามไปตอบตอนที่ 3)",,,,,,"ราคา, รูปลักษณ์ / ดีไซน์, แบรนด์, ความคุ้มค่าโดยรวม","800,001-1,200,000 บาท","เพื่อใช้ในการเดินทางท่องเที่ยว, เพื่อหลีกเลี่ยงปัญหาจากระบบการขนส่งมวลชน",ยังไม่มีแนวโน้มที่จะซื้อ,รถยนต์ไฮบริด (Hybrid),"ราคาซื้อเริ่มต้น, ประหยัดค่าเชื้อเพลิง",5,5,3,5,5,5,3,4,5,3,5,5,5,5,5,5,4,4,4,4,4
"23/7/2026, 20:40:05",หญิง,41-50 ปี,ไม่มีบุตร,ปริญญาตรี,รัฐวิสาหกิจ,1-2 คน,ทาวน์โฮม / ทาวเฮาท์,พักอาศัยกับครอบครัว / ผู้อื่น,มีที่จอดรถส่วนตัว,"50,001-75,000 บาท",มี,ขับทั้งในเมืองและนอกเมือง,ใช้งานทุกวัน,น้อยกว่า 10 กิโลเมตร,"ศูนย์บริการและอะไหล่, อายุการใช้งาน, ค่าใช้จ่ายในการซ่อมบำรุง",รถยนต์ไฟฟ้า (EV),"ราคา, ความสามารถในการผ่อนชำระ, สมรรถนะในการขับขี่, เทคโนโลยีและฟังก์ชันภายในรถ","500,001-800,000 บาท","เพื่อใช้ในการค้าขาย, เพื่อความสะดวกในการเดินทาง",ยังไม่มีแนวโน้มที่จะซื้อ,รถยนต์สันดาป (ดีเซล / เบนซิน),"ประหยัดค่าเชื้อเพลิง, ค่าบำรุงรักษา, เป็นมิตรต่อสิ่งแวดล้อม",3,4,4,4,3,4,4,5,4,5,3,5,4,5,4,3,5,4,4,5,5
"23/7/2026, 20:40:06",หญิง,20-23 ปี,ไม่มีบุตร,ปริญญาตรี,พนักงานเอกชน,1-2 คน,ทาวน์โฮม / ทาวเฮาท์,เช่า,มีที่จอดรถส่วนตัว,"25,001-35,000 บาท",มี,ขับนอกเมือง,5-6 วัน / สัปดาห์,51-70 กิโลเมตร,ศูนย์บริการและอะไหล่,"รถยนต์สันดาป (ดีเซล / เบนซิน), รถยนต์ไฮบริด (Hybrid)","ราคา, ความสามารถในการผ่อนชำระ, ค่าน้ำมัน, แบรนด์","500,001-800,000 บาท","เพื่อใช้ในการค้าขาย, เพื่อความสะดวกในการเดินทาง",มีแนวโน้มที่จะซื้อ,รถยนต์ไฟฟ้า (EV),"ประหยัดค่าเชื้อเพลิง, ค่าบำรุงรักษา",4,5,3,3,5,4,5,5,2,3,5,3,4,5,4,5,4,4,5,3,5
"23/7/2026, 20:40:07",ชาย,20-23 ปี,1 คน,ปริญญาตรี,ข้าราชการ,5 คนขึ้นไป,ทาวน์โฮม / ทาวเฮาท์,พักอาศัยกับครอบครัว / ผู้อื่น,มีที่จอดรถส่วนตัว,"15,001-25,000 บาท",มี,ขับทั้งในเมืองและนอกเมือง,ใช้งานทุกวัน,31-50 กิโลเมตร,"ราคาน้ำมัน, ปั๊มน้ำมัน / สถานีชาร์จ, อายุการใช้งาน, ค่าใช้จ่ายในการซ่อมบำรุง",รถยนต์ไฮบริด (Hybrid),"ความสามารถในการผ่อนชำระ, ค่าซ่อมบำรุง, สมรรถนะในการขับขี่, เทคโนโลยีและฟังก์ชันภายในรถ","800,001-1,200,000 บาท","เพื่อใช้ในการค้าขาย, เพื่อความสะดวกในการเดินทาง",มีแนวโน้มที่จะซื้อ,รถยนต์ไฟฟ้า (EV),"ประหยัดค่าเชื้อเพลิง, เทคโนโลยีและความทันสมัย",4,5,5,5,5,4,5,3,4,5,4,5,4,2,5,4,4,4,5,4,3
"23/7/2026, 20:40:08",ชาย,20-23 ปี,ไม่มีบุตร,ปริญญาตรี,ข้าราชการ,1-2 คน,ทาวน์โฮม / ทาวเฮาท์,เป็นเจ้าของ,มีที่จอดรถส่วนกลาง / เช่า,"25,001-35,000 บาท",มี,ขับนอกเมือง,ใช้งานทุกวัน,31-50 กิโลเมตร,"ราคาน้ำมัน, ศูนย์บริการและอะไหล่",รถยนต์สันดาป (ดีเซล / เบนซิน),"ค่าน้ำมัน, ความคุ้มค่าโดยรวม","ต่ำกว่า 500,000 บาท",เพื่อความสะดวกในการเดินทาง,ยังไม่มีแนวโน้มที่จะซื้อ,รถยนต์ไฮบริด (Hybrid),"ราคาซื้อเริ่มต้น, ประหยัดค่าเชื้อเพลิง, เทคโนโลยีและความทันสมัย",4,5,5,5,4,4,3,4,5,5,5,4,3,5,3,4,3,3,4,3,4
"23/7/2026, 20:40:09",หญิง,20-23 ปี,3 คน,ปริญญาตรี,พนักงานเอกชน,1-2 คน,ทาวน์โฮม / ทาวเฮาท์,พักอาศัยกับครอบครัว / ผู้อื่น,มีที่จอดรถส่วนกลาง / เช่า,"35,001-50,000 บาท","ไม่มี (หากตอบ ""ไม่มี"" ให้ข้ามไปตอบตอนที่ 3)",,,,,,"ราคา, ค่าน้ำมัน, ค่าซ่อมบำรุง, เทคโนโลยีและฟังก์ชันภายในรถ, ความคุ้มค่าโดยรวม, การรับประกันและบริการหลังการขาย","1,200,000-1,500,000 บาท",เพื่อหลีกเลี่ยงปัญหาจากระบบการขนส่งมวลชน,มีแนวโน้มที่จะซื้อ,รถยนต์ไฮบริด (Hybrid),"ราคาซื้อเริ่มต้น, ความสะดวกในการใช้งาน",3,4,4,5,4,3,4,4,5,5,5,5,5,3,4,5,4,4,3,5,5
"23/7/2026, 20:40:10",ชาย,20-23 ปี,2 คน,ต่ำกว่า ม.3,อาชีพอิสระ,1-2 คน,ทาวน์โฮม / ทาวเฮาท์,พักอาศัยกับครอบครัว / ผู้อื่น,มีที่จอดรถส่วนตัว,"ต่ำกว่า 15,000 บาท",มี,ขับนอกเมือง,1-2 วัน / สัปดาห์,น้อยกว่า 10 กิโลเมตร,"ราคาน้ำมัน, อายุการใช้งาน",รถยนต์สันดาป (ดีเซล / เบนซิน),"ราคา, ความสามารถในการผ่อนชำระ, รูปลักษณ์ / ดีไซน์, เทคโนโลยีและฟังก์ชันภายในรถ, ความคุ้มค่าโดยรวม","800,001-1,200,000 บาท","เพื่อใช้ในการเดินทางไปทำงาน, เพื่อความสะดวกในการเดินทาง",มีแนวโน้มที่จะซื้อ,รถยนต์ไฮบริด (Hybrid),ประหยัดค่าเชื้อเพลิง,4,4,5,4,4,4,5,4,4,5,5,3,4,4,4,5,5,3,5,5,5
"23/7/2026, 20:40:11",ชาย,41-50 ปี,ไม่มีบุตร,ม.3,เจ้าของกิจการ,1-2 คน,บ้านเดี่ยว / บ้านแฝด,เช่า,มีที่จอดรถส่วนตัว,"35,001-50,000 บาท","ไม่มี (หากตอบ ""ไม่มี"" ให้ข้ามไปตอบตอนที่ 3)",,,,,,"ค่าไฟฟ้า, เทคโนโลยีและฟังก์ชันภายในรถ, ความคุ้มค่าโดยรวม, การรับประกันและบริการหลังการขาย","800,001-1,200,000 บาท",เพื่อความสะดวกในการเดินทาง,ยังไม่มีแนวโน้มที่จะซื้อ,รถยนต์ไฮบริด (Hybrid),"ประหยัดค่าเชื้อเพลิง, เทคโนโลยีและความทันสมัย",5,5,5,5,5,5,3,3,3,3,5,4,4,5,4,4,3,5,5,5,5
"23/7/2026, 20:40:12",หญิง,มากกว่า 60 ปี,ไม่มีบุตร,ม.6,รัฐวิสาหกิจ,1-2 คน,บ้านเดี่ยว / บ้านแฝด,พักอาศัยกับครอบครัว / ผู้อื่น,มีที่จอดรถส่วนตัว,"25,001-35,000 บาท","ไม่มี (หากตอบ ""ไม่มี"" ให้ข้ามไปตอบตอนที่ 3)",,,,,,"ราคา, ความสามารถในการผ่อนชำระ, ค่าน้ำมัน, ค่าซ่อมบำรุง","ต่ำกว่า 500,000 บาท",เพื่อความสะดวกในการเดินทาง,มีแนวโน้มที่จะซื้อ,รถยนต์สันดาป (ดีเซล / เบนซิน),"ราคาซื้อเริ่มต้น, ประหยัดค่าเชื้อเพลิง",5,4,4,4,4,4,5,4,4,5,3,4,5,5,5,4,5,4,5,5,5
"23/7/2026, 20:40:13",ชาย,41-50 ปี,ไม่มีบุตร,ปริญญาตรี,อาชีพอิสระ,1-2 คน,บ้านเดี่ยว / บ้านแฝด,พักอาศัยกับครอบครัว / ผู้อื่น,มีที่จอดรถส่วนกลาง / เช่า,"25,001-35,000 บาท","ไม่มี (หากตอบ ""ไม่มี"" ให้ข้ามไปตอบตอนที่ 3)",,,,,,"ราคา, แบรนด์, เทคโนโลยีและฟังก์ชันภายในรถ, การรับประกันและบริการหลังการขาย","1,200,000-1,500,000 บาท",เพื่อหลีกเลี่ยงปัญหาจากระบบการขนส่งมวลชน,มีแนวโน้มที่จะซื้อ,รถยนต์ไฟฟ้า (EV),"ราคาซื้อเริ่มต้น, ค่าบำรุงรักษา, ความสะดวกในการใช้งาน, เทคโนโลยีและความทันสมัย",4,3,3,4,4,5,5,4,4,3,4,3,4,5,5,5,3,3,4,5,5
"23/7/2026, 20:40:14",หญิง,20-23 ปี,2 คน,ม.3,ข้าราชการ,1-2 คน,ทาวน์โฮม / ทาวเฮาท์,เช่า,ไม่มีที่จอดรถ,"25,001-35,000 บาท",มี,ขับในเมือง,ใช้งานทุกวัน,51-70 กิโลเมตร,"ศูนย์บริการและอะไหล่, อายุการใช้งาน, ค่าใช้จ่ายในการซ่อมบำรุง","รถยนต์สันดาป (ดีเซล / เบนซิน), รถยนต์ไฮบริด (Hybrid)","ราคา, ค่าน้ำมัน, สมรรถนะในการขับขี่, แบรนด์, ความคุ้มค่าโดยรวม, การรับประกันและบริการหลังการขาย","1,200,000-1,500,000 บาท",เพื่อความสะดวกในการเดินทาง,ยังไม่มีแนวโน้มที่จะซื้อ,รถยนต์สันดาป (ดีเซล / เบนซิน),"ประหยัดค่าเชื้อเพลิง, ความสะดวกในการใช้งาน, เทคโนโลยีและความทันสมัย",5,4,5,4,4,3,4,5,4,2,5,2,4,3,2,3,3,5,5,4,5
"23/7/2026, 20:40:15",ชาย,51-60 ปี,ไม่มีบุตร,ปริญญาตรี,ข้าราชการ,1-2 คน,ทาวน์โฮม / ทาวเฮาท์,พักอาศัยกับครอบครัว / ผู้อื่น,มีที่จอดรถส่วนกลาง / เช่า,"25,001-35,000 บาท",มี,ขับทั้งในเมืองและนอกเมือง,ใช้งานทุกวัน,10-30 กิโลเมตร,"ศูนย์บริการและอะไหล่, อายุการใช้งาน, ค่าใช้จ่ายในการซ่อมบำรุง",รถยนต์ไฟฟ้า (EV),"ความสามารถในการผ่อนชำระ, ค่าน้ำมัน, แบรนด์, ความคุ้มค่าโดยรวม, การรับประกันและบริการหลังการขาย","800,001-1,200,000 บาท",เพื่อความสะดวกในการเดินทาง,มีแนวโน้มที่จะซื้อ,รถยนต์ไฮบริด (Hybrid),"ประหยัดค่าเชื้อเพลิง, ความสะดวกในการใช้งาน, เทคโนโลยีและความทันสมัย",3,4,3,4,4,4,5,5,5,3,2,4,5,4,4,5,5,5,5,5,5
"23/7/2026, 20:40:16",ชาย,51-60 ปี,1 คน,ม.6,อาชีพอิสระ,5 คนขึ้นไป,บ้านเดี่ยว / บ้านแฝด,พักอาศัยกับครอบครัว / ผู้อื่น,มีที่จอดรถส่วนกลาง / เช่า,"ต่ำกว่า 15,000 บาท","ไม่มี (หากตอบ ""ไม่มี"" ให้ข้ามไปตอบตอนที่ 3)",,,,,,"ราคา, แบรนด์","500,001-800,000 บาท",เพื่อใช้ในการเดินทางท่องเที่ยว,มีแนวโน้มที่จะซื้อ,รถยนต์สันดาป (ดีเซล / เบนซิน),"ราคาซื้อเริ่มต้น, ประหยัดค่าเชื้อเพลิง, เป็นมิตรต่อสิ่งแวดล้อม, เทคโนโลยีและความทันสมัย",4,5,5,4,3,4,3,3,5,3,5,4,4,5,5,4,5,5,3,5,5
"23/7/2026, 20:40:17",ชาย,51-60 ปี,1 คน,ปริญญาตรี,ค้าขาย,1-2 คน,คอนโด / อพาร์ตเมนต์ / หอพัก,เป็นเจ้าของ,มีที่จอดรถส่วนกลาง / เช่า,"ต่ำกว่า 15,000 บาท",มี,ขับในเมือง,5-6 วัน / สัปดาห์,น้อยกว่า 10 กิโลเมตร,"ศูนย์บริการและอะไหล่, อายุการใช้งาน, ค่าใช้จ่ายในการซ่อมบำรุง",รถยนต์สันดาป (ดีเซล / เบนซิน),"ความสามารถในการผ่อนชำระ, ค่าน้ำมัน, สมรรถนะในการขับขี่, เทคโนโลยีและฟังก์ชันภายในรถ, ความคุ้มค่าโดยรวม, การรับประกันและบริการหลังการขาย","500,001-800,000 บาท","เพื่อใช้ในการเดินทางไปทำงาน, เพื่อความสะดวกในการเดินทาง",มีแนวโน้มที่จะซื้อ,รถยนต์ไฟฟ้า (EV),"ราคาซื้อเริ่มต้น, ประหยัดค่าเชื้อเพลิง, ความสะดวกในการใช้งาน",5,5,3,4,5,5,4,4,4,4,4,3,5,4,5,4,5,5,3,4,4
"23/7/2026, 20:40:18",หญิง,31-40 ปี,1 คน,ปริญญาตรี,พนักงานเอกชน,1-2 คน,บ้านเดี่ยว / บ้านแฝด,พักอาศัยกับครอบครัว / ผู้อื่น,มีที่จอดรถส่วนตัว,"50,001-75,000 บาท",มี,ขับทั้งในเมืองและนอกเมือง,ใช้งานทุกวัน,10-30 กิโลเมตร,"ราคาน้ำมัน, ศูนย์บริการและอะไหล่, มูลค่าการขายต่อ",รถยนต์ไฮบริด (Hybrid),"ราคา, ความสามารถในการผ่อนชำระ, ค่าน้ำมัน, รูปลักษณ์ / ดีไซน์, ความคุ้มค่าโดยรวม","500,001-800,000 บาท","เพื่อใช้ในการค้าขาย, เพื่อใช้ในการเดินทางท่องเที่ยว",มีแนวโน้มที่จะซื้อ,รถยนต์สันดาป (ดีเซล / เบนซิน),"ราคาซื้อเริ่มต้น, ค่าบำรุงรักษา, ความสะดวกในการใช้งาน, เป็นมิตรต่อสิ่งแวดล้อม",4,4,5,4,4,5,5,3,3,4,4,5,5,3,5,3,4,5,4,5,5
"23/7/2026, 20:40:19",หญิง,51-60 ปี,ไม่มีบุตร,ปวช. / ปวส.,เจ้าของกิจการ,5 คนขึ้นไป,ทาวน์โฮม / ทาวเฮาท์,เป็นเจ้าของ,ไม่มีที่จอดรถ,"ต่ำกว่า 15,000 บาท","ไม่มี (หากตอบ ""ไม่มี"" ให้ข้ามไปตอบตอนที่ 3)",,,,,,"ราคา, ค่าน้ำมัน, เทคโนโลยีและฟังก์ชันภายในรถ","มากกว่า 1,500,000 บาท","เพื่อใช้ในการค้าขาย, เพื่อใช้ในการเดินทางท่องเที่ยว",มีแนวโน้มที่จะซื้อ,รถยนต์ไฟฟ้า (EV),เทคโนโลยีและความทันสมัย,4,5,4,5,4,3,3,3,5,5,3,5,5,4,4,5,4,3,4,5,5
"23/7/2026, 20:40:20",หญิง,มากกว่า 60 ปี,1 คน,ม.6,นักเรียน / นักศึกษา,5 คนขึ้นไป,บ้านเดี่ยว / บ้านแฝด,เช่า,มีที่จอดรถส่วนกลาง / เช่า,"25,001-35,000 บาท",มี,ขับนอกเมือง,1-2 วัน / สัปดาห์,71-90 กิโลเมตร,"ศูนย์บริการและอะไหล่, อายุการใช้งาน",รถยนต์ไฮบริด (Hybrid),"ราคา, ความสามารถในการผ่อนชำระ, ค่าน้ำมัน","800,001-1,200,000 บาท",เพื่อความสะดวกในการเดินทาง,มีแนวโน้มที่จะซื้อ,รถยนต์ไฟฟ้า (EV),"ประหยัดค่าเชื้อเพลิง, ความสะดวกในการใช้งาน",4,5,4,4,5,5,4,4,4,3,5,3,4,5,5,5,5,3,5,5,5
"23/7/2026, 20:40:21",ชาย,24-26 ปี,ไม่มีบุตร,ม.6,เจ้าของกิจการ,5 คนขึ้นไป,ทาวน์โฮม / ทาวเฮาท์,เช่า,มีที่จอดรถส่วนกลาง / เช่า,"35,001-50,000 บาท","ไม่มี (หากตอบ ""ไม่มี"" ให้ข้ามไปตอบตอนที่ 3)",,,,,,"ความคุ้มค่าโดยรวม, การรับประกันและบริการหลังการขาย","มากกว่า 1,500,000 บาท",เพื่อความสะดวกในการเดินทาง,มีแนวโน้มที่จะซื้อ,รถยนต์ไฮบริด (Hybrid),"ราคาซื้อเริ่มต้น, ประหยัดค่าเชื้อเพลิง, ค่าบำรุงรักษา",4,5,5,5,4,5,5,4,5,4,5,4,4,4,4,5,5,4,5,5,4
"23/7/2026, 20:40:22",หญิง,31-40 ปี,3 คน,ปริญญาโท,พนักงานเอกชน,1-2 คน,บ้านเดี่ยว / บ้านแฝด,พักอาศัยกับครอบครัว / ผู้อื่น,มีที่จอดรถส่วนกลาง / เช่า,"15,001-25,000 บาท","ไม่มี (หากตอบ ""ไม่มี"" ให้ข้ามไปตอบตอนที่ 3)",,,,,,"ราคา, ความสามารถในการผ่อนชำระ, ค่าน้ำมัน, ความคุ้มค่าโดยรวม","1,200,000-1,500,000 บาท","เพื่อใช้ในการค้าขาย, เพื่อความสะดวกในการเดินทาง",ยังไม่มีแนวโน้มที่จะซื้อ,รถยนต์ไฟฟ้า (EV),"ราคาซื้อเริ่มต้น, เทคโนโลยีและความทันสมัย",4,4,4,5,5,5,3,5,5,5,4,5,5,4,5,5,5,4,5,5,5
"23/7/2026, 20:40:23",ชาย,51-60 ปี,ไม่มีบุตร,ปริญญาตรี,ข้าราชการ,1-2 คน,ทาวน์โฮม / ทาวเฮาท์,เป็นเจ้าของ,มีที่จอดรถส่วนกลาง / เช่า,"15,001-25,000 บาท","ไม่มี (หากตอบ ""ไม่มี"" ให้ข้ามไปตอบตอนที่ 3)",,,,,,"รูปลักษณ์ / ดีไซน์, แบรนด์","800,001-1,200,000 บาท",เพื่อความสะดวกในการเดินทาง,ยังไม่มีแนวโน้มที่จะซื้อ,รถยนต์สันดาป (ดีเซล / เบนซิน),"ประหยัดค่าเชื้อเพลิง, ค่าบำรุงรักษา, ความสะดวกในการใช้งาน, เทคโนโลยีและความทันสมัย",5,5,5,4,5,5,4,5,5,5,4,4,4,5,5,3,5,4,3,5,5
"23/7/2026, 20:40:24",ชาย,มากกว่า 60 ปี,ไม่มีบุตร,ปริญญาโท,พนักงานเอกชน,1-2 คน,ทาวน์โฮม / ทาวเฮาท์,เป็นเจ้าของ,ไม่มีที่จอดรถ,"50,001-75,000 บาท",มี,ขับทั้งในเมืองและนอกเมือง,5-6 วัน / สัปดาห์,น้อยกว่า 10 กิโลเมตร,"ราคาน้ำมัน, ศูนย์บริการและอะไหล่, มูลค่าการขายต่อ",รถยนต์สันดาป (ดีเซล / เบนซิน),"ค่าซ่อมบำรุง, สมรรถนะในการขับขี่, แบรนด์, ความคุ้มค่าโดยรวม, การรับประกันและบริการหลังการขาย","500,001-800,000 บาท","เพื่อใช้ในการค้าขาย, เพื่อความสะดวกในการเดินทาง",ยังไม่มีแนวโน้มที่จะซื้อ,รถยนต์ไฟฟ้า (EV),"ประหยัดค่าเชื้อเพลิง, ค่าบำรุงรักษา, เทคโนโลยีและความทันสมัย",5,5,4,5,3,4,4,3,5,3,5,5,5,5,4,5,5,5,4,5,3
"23/7/2026, 20:40:25",หญิง,20-23 ปี,ไม่มีบุตร,ปวช. / ปวส.,รัฐวิสาหกิจ,1-2 คน,ทาวน์โฮม / ทาวเฮาท์,พักอาศัยกับครอบครัว / ผู้อื่น,มีที่จอดรถส่วนกลาง / เช่า,"ต่ำกว่า 15,000 บาท","ไม่มี (หากตอบ ""ไม่มี"" ให้ข้ามไปตอบตอนที่ 3)",,,,,,"ราคา, ค่าน้ำมัน, แบรนด์, ความคุ้มค่าโดยรวม","1,200,000-1,500,000 บาท","เพื่อใช้ในการเดินทางไปทำงาน, เพื่อใช้ในการค้าขาย",มีแนวโน้มที่จะซื้อ,รถยนต์ไฮบริด (Hybrid),"ราคาซื้อเริ่มต้น, เป็นมิตรต่อสิ่งแวดล้อม, เทคโนโลยีและความทันสมัย",4,4,3,3,3,5,3,3,4,4,5,4,3,5,4,5,4,4,5,4,5
"23/7/2026, 20:40:28",ชาย,41-50 ปี,ไม่มีบุตร,ปวช. / ปวส.,เจ้าของกิจการ,1-2 คน,บ้านเดี่ยว / บ้านแฝด,เช่า,ไม่มีที่จอดรถ,"50,001-75,000 บาท","ไม่มี (หากตอบ ""ไม่มี"" ให้ข้ามไปตอบตอนที่ 3)",,,,,,"ราคา, ค่าน้ำมัน, สมรรถนะในการขับขี่, แบรนด์, เทคโนโลยีและฟังก์ชันภายในรถ, ความคุ้มค่าโดยรวม, การรับประกันและบริการหลังการขาย","800,001-1,200,000 บาท","เพื่อใช้ในการเดินทางไปทำงาน, เพื่อความสะดวกในการเดินทาง, เพื่อหลีกเลี่ยงปัญหาจากระบบการขนส่งมวลชน",มีแนวโน้มที่จะซื้อ,รถยนต์ไฟฟ้า (EV),"ราคาซื้อเริ่มต้น, ความสะดวกในการใช้งาน, เทคโนโลยีและความทันสมัย",5,2,3,4,5,4,4,4,5,3,5,4,5,5,5,5,4,4,4,5,4
"23/7/2026, 20:40:26",ชาย,24-26 ปี,2 คน,ปริญญาตรี,เจ้าของกิจการ,1-2 คน,บ้านเดี่ยว / บ้านแฝด,เช่า,มีที่จอดรถส่วนกลาง / เช่า,"ต่ำกว่า 15,000 บาท","ไม่มี (หากตอบ ""ไม่มี"" ให้ข้ามไปตอบตอนที่ 3)",,,,,,"ราคา, ความสามารถในการผ่อนชำระ, รูปลักษณ์ / ดีไซน์, เทคโนโลยีและฟังก์ชันภายในรถ, ความคุ้มค่าโดยรวม, การรับประกันและบริการหลังการขาย","ต่ำกว่า 500,000 บาท",เพื่อหลีกเลี่ยงปัญหาจากระบบการขนส่งมวลชน,มีแนวโน้มที่จะซื้อ,รถยนต์ไฟฟ้า (EV),"ราคาซื้อเริ่มต้น, ประหยัดค่าเชื้อเพลิง, ความสะดวกในการใช้งาน, เทคโนโลยีและความทันสมัย",4,3,3,4,5,5,5,5,4,5,5,5,3,4,2,5,5,4,5,2,5
"23/7/2026, 20:40:27",ชาย,41-50 ปี,2 คน,ปริญญาตรี,ข้าราชการ,1-2 คน,ทาวน์โฮม / ทาวเฮาท์,พักอาศัยกับครอบครัว / ผู้อื่น,มีที่จอดรถส่วนตัว,"15,001-25,000 บาท","ไม่มี (หากตอบ ""ไม่มี"" ให้ข้ามไปตอบตอนที่ 3)",,,,,,"ค่าน้ำมัน, แบรนด์, การรับประกันและบริการหลังการขาย","1,200,000-1,500,000 บาท",เพื่อความสะดวกในการเดินทาง,มีแนวโน้มที่จะซื้อ,รถยนต์ไฟฟ้า (EV),"ราคาซื้อเริ่มต้น, ประหยัดค่าเชื้อเพลิง, ค่าบำรุงรักษา, เทคโนโลยีและความทันสมัย",4,4,5,5,3,4,5,4,4,5,4,5,4,5,4,4,4,3,3,5,5
"23/7/2026, 20:40:29",ชาย,20-23 ปี,1 คน,ปริญญาตรี,ข้าราชการ,1-2 คน,คอนโด / อพาร์ตเมนต์ / หอพัก,เช่า,มีที่จอดรถส่วนตัว,"15,001-25,000 บาท",มี,ขับนอกเมือง,ใช้งานทุกวัน,น้อยกว่า 10 กิโลเมตร,"ศูนย์บริการและอะไหล่, อายุการใช้งาน, มูลค่าการขายต่อ",รถยนต์สันดาป (ดีเซล / เบนซิน),"ค่าซ่อมบำรุง, แบรนด์, เทคโนโลยีและฟังก์ชันภายในรถ, ความคุ้มค่าโดยรวม, การรับประกันและบริการหลังการขาย","ต่ำกว่า 500,000 บาท","เพื่อใช้ในการเดินทางไปทำงาน, เพื่อใช้ในการค้าขาย, เพื่อความสะดวกในการเดินทาง",ยังไม่มีแนวโน้มที่จะซื้อ,รถยนต์ไฟฟ้า (EV),ประหยัดค่าเชื้อเพลิง,5,4,5,5,4,5,5,5,5,5,4,2,5,5,5,4,5,5,3,4,4
"23/7/2026, 20:40:30",หญิง,มากกว่า 60 ปี,1 คน,ม.6,เจ้าของกิจการ,1-2 คน,ทาวน์โฮม / ทาวเฮาท์,พักอาศัยกับครอบครัว / ผู้อื่น,ไม่มีที่จอดรถ,"50,001-75,000 บาท",มี,ขับนอกเมือง,ใช้เป็นครั้งคราว,31-50 กิโลเมตร,"ศูนย์บริการและอะไหล่, อายุการใช้งาน, ค่าใช้จ่ายในการซ่อมบำรุง",รถยนต์สันดาป (ดีเซล / เบนซิน),"ราคา, การรับประกันและบริการหลังการขาย","ต่ำกว่า 500,000 บาท",เพื่อใช้ในการค้าขาย,ยังไม่มีแนวโน้มที่จะซื้อ,รถยนต์ไฮบริด (Hybrid),ประหยัดค่าเชื้อเพลิง,5,4,5,3,5,4,5,5,4,5,5,2,4,3,5,5,5,4,5,4,4
"23/7/2026, 20:40:31",ชาย,51-60 ปี,1 คน,ม.3,พนักงานเอกชน,1-2 คน,บ้านเดี่ยว / บ้านแฝด,เป็นเจ้าของ,มีที่จอดรถส่วนกลาง / เช่า,"ต่ำกว่า 15,000 บาท","ไม่มี (หากตอบ ""ไม่มี"" ให้ข้ามไปตอบตอนที่ 3)",,,,,,"ราคา, เทคโนโลยีและฟังก์ชันภายในรถ, ความคุ้มค่าโดยรวม, การรับประกันและบริการหลังการขาย","800,001-1,200,000 บาท","เพื่อใช้ในการค้าขาย, เพื่อความสะดวกในการเดินทาง",มีแนวโน้มที่จะซื้อ,รถยนต์สันดาป (ดีเซล / เบนซิน),"ประหยัดค่าเชื้อเพลิง, ค่าบำรุงรักษา",4,5,5,5,4,5,4,5,4,5,5,4,3,5,5,5,5,5,4,4,5
"23/7/2026, 20:40:32",หญิง,41-50 ปี,1 คน,ปริญญาตรี,ข้าราชการ,1-2 คน,ทาวน์โฮม / ทาวเฮาท์,เช่า,มีที่จอดรถส่วนตัว,"25,001-35,000 บาท",มี,ขับทั้งในเมืองและนอกเมือง,1-2 วัน / สัปดาห์,10-30 กิโลเมตร,"ศูนย์บริการและอะไหล่, ค่าใช้จ่ายในการซ่อมบำรุง",รถยนต์สันดาป (ดีเซล / เบนซิน),"ราคา, ค่าน้ำมัน, ความคุ้มค่าโดยรวม","800,001-1,200,000 บาท",เพื่อความสะดวกในการเดินทาง,มีแนวโน้มที่จะซื้อ,รถยนต์ไฮบริด (Hybrid),"ประหยัดค่าเชื้อเพลิง, ความสะดวกในการใช้งาน, เป็นมิตรต่อสิ่งแวดล้อม, เทคโนโลยีและความทันสมัย",5,3,4,3,5,5,2,4,4,5,4,5,5,5,3,5,4,4,5,4,5
"23/7/2026, 20:40:33",หญิง,มากกว่า 60 ปี,ไม่มีบุตร,ปริญญาตรี,ค้าขาย,1-2 คน,ทาวน์โฮม / ทาวเฮาท์,เป็นเจ้าของ,ไม่มีที่จอดรถ,"มากกว่า 75,000",มี,ขับในเมือง,5-6 วัน / สัปดาห์,น้อยกว่า 10 กิโลเมตร,"ราคาน้ำมัน, ศูนย์บริการและอะไหล่, อายุการใช้งาน","รถยนต์สันดาป (ดีเซล / เบนซิน), รถยนต์ไฟฟ้า (EV)","ความสามารถในการผ่อนชำระ, ค่าน้ำมัน, สมรรถนะในการขับขี่, แบรนด์, ความคุ้มค่าโดยรวม","800,001-1,200,000 บาท","เพื่อใช้ในการค้าขาย, เพื่อความสะดวกในการเดินทาง",มีแนวโน้มที่จะซื้อ,รถยนต์ไฮบริด (Hybrid),ประหยัดค่าเชื้อเพลิง,3,5,5,5,5,4,4,5,3,5,4,5,5,3,5,5,5,5,4,5,4
"23/7/2026, 20:40:34",หญิง,51-60 ปี,1 คน,ม.3,นักเรียน / นักศึกษา,3-4 คน,บ้านเดี่ยว / บ้านแฝด,เช่า,มีที่จอดรถส่วนกลาง / เช่า,"35,001-50,000 บาท",มี,ขับนอกเมือง,5-6 วัน / สัปดาห์,น้อยกว่า 10 กิโลเมตร,"ราคาน้ำมัน, ปั๊มน้ำมัน / สถานีชาร์จ, ศูนย์บริการและอะไหล่, อายุการใช้งาน, มูลค่าการขายต่อ",รถยนต์สันดาป (ดีเซล / เบนซิน),"ความสามารถในการผ่อนชำระ, เทคโนโลยีและฟังก์ชันภายในรถ","500,001-800,000 บาท","เพื่อใช้ในการเดินทางท่องเที่ยว, เพื่อความสะดวกในการเดินทาง, เพื่อหลีกเลี่ยงปัญหาจากระบบการขนส่งมวลชน",มีแนวโน้มที่จะซื้อ,รถยนต์สันดาป (ดีเซล / เบนซิน),ประหยัดค่าเชื้อเพลิง,4,4,5,4,3,5,5,4,5,4,5,4,5,4,5,4,2,5,5,3,3
"23/7/2026, 20:40:35",หญิง,51-60 ปี,ไม่มีบุตร,ปริญญาตรี,ข้าราชการ,1-2 คน,คอนโด / อพาร์ตเมนต์ / หอพัก,พักอาศัยกับครอบครัว / ผู้อื่น,มีที่จอดรถส่วนกลาง / เช่า,"35,001-50,000 บาท","ไม่มี (หากตอบ ""ไม่มี"" ให้ข้ามไปตอบตอนที่ 3)",,,,,,"ราคา, ค่าน้ำมัน, ความคุ้มค่าโดยรวม, การรับประกันและบริการหลังการขาย","500,001-800,000 บาท",เพื่อความสะดวกในการเดินทาง,ยังไม่มีแนวโน้มที่จะซื้อ,รถยนต์ไฟฟ้า (EV),"ราคาซื้อเริ่มต้น, ค่าบำรุงรักษา, เทคโนโลยีและความทันสมัย",4,4,4,5,4,4,4,3,4,3,4,3,3,5,5,5,3,5,5,5,4
"23/7/2026, 20:40:36",หญิง,24-26 ปี,ไม่มีบุตร,ม.6,พนักงานเอกชน,5 คนขึ้นไป,ทาวน์โฮม / ทาวเฮาท์,เป็นเจ้าของ,มีที่จอดรถส่วนตัว,"ต่ำกว่า 15,000 บาท","ไม่มี (หากตอบ ""ไม่มี"" ให้ข้ามไปตอบตอนที่ 3)",,,,,,"ราคา, ความสามารถในการผ่อนชำระ, แบรนด์, เทคโนโลยีและฟังก์ชันภายในรถ, ความคุ้มค่าโดยรวม, การรับประกันและบริการหลังการขาย","800,001-1,200,000 บาท","เพื่อใช้ในการเดินทางไปทำงาน, เพื่อความสะดวกในการเดินทาง",มีแนวโน้มที่จะซื้อ,รถยนต์ไฮบริด (Hybrid),"ราคาซื้อเริ่มต้น, ประหยัดค่าเชื้อเพลิง",4,5,4,3,4,5,4,5,4,5,5,5,4,4,4,4,2,5,5,4,4
"23/7/2026, 20:40:37",ชาย,มากกว่า 60 ปี,1 คน,ม.3,เจ้าของกิจการ,5 คนขึ้นไป,ทาวน์โฮม / ทาวเฮาท์,เป็นเจ้าของ,มีที่จอดรถส่วนตัว,"50,001-75,000 บาท",มี,ขับทั้งในเมืองและนอกเมือง,ใช้งานทุกวัน,10-30 กิโลเมตร,"ศูนย์บริการและอะไหล่, อายุการใช้งาน",รถยนต์สันดาป (ดีเซล / เบนซิน),"ความสามารถในการผ่อนชำระ, ค่าซ่อมบำรุง, ความคุ้มค่าโดยรวม, การรับประกันและบริการหลังการขาย","800,001-1,200,000 บาท",เพื่อหลีกเลี่ยงปัญหาจากระบบการขนส่งมวลชน,ยังไม่มีแนวโน้มที่จะซื้อ,รถยนต์ไฟฟ้า (EV),"ราคาซื้อเริ่มต้น, ประหยัดค่าเชื้อเพลิง, ค่าบำรุงรักษา, ความสะดวกในการใช้งาน",5,4,4,4,5,3,4,5,5,5,5,5,4,4,4,4,4,5,5,4,4
"23/7/2026, 20:40:38",หญิง,31-40 ปี,ไม่มีบุตร,ม.3,เจ้าของกิจการ,1-2 คน,บ้านเดี่ยว / บ้านแฝด,เช่า,มีที่จอดรถส่วนกลาง / เช่า,"15,001-25,000 บาท","ไม่มี (หากตอบ ""ไม่มี"" ให้ข้ามไปตอบตอนที่ 3)",,,,,,"ค่าน้ำมัน, สมรรถนะในการขับขี่","500,001-800,000 บาท","เพื่อใช้ในการค้าขาย, เพื่อความสะดวกในการเดินทาง, เพื่อหลีกเลี่ยงปัญหาจากระบบการขนส่งมวลชน",มีแนวโน้มที่จะซื้อ,รถยนต์สันดาป (ดีเซล / เบนซิน),ประหยัดค่าเชื้อเพลิง,4,4,5,5,4,5,2,5,5,4,3,4,5,4,5,5,3,3,4,5,4
"23/7/2026, 20:40:39",ชาย,31-40 ปี,1 คน,ม.6,ข้าราชการ,1-2 คน,บ้านเดี่ยว / บ้านแฝด,พักอาศัยกับครอบครัว / ผู้อื่น,มีที่จอดรถส่วนตัว,"35,001-50,000 บาท","ไม่มี (หากตอบ ""ไม่มี"" ให้ข้ามไปตอบตอนที่ 3)",,,,,,"ราคา, ความสามารถในการผ่อนชำระ, ค่าน้ำมัน, ค่าซ่อมบำรุง, แบรนด์, ความคุ้มค่าโดยรวม, การรับประกันและบริการหลังการขาย","มากกว่า 1,500,000 บาท","เพื่อใช้ในการค้าขาย, เพื่อความสะดวกในการเดินทาง",มีแนวโน้มที่จะซื้อ,รถยนต์สันดาป (ดีเซล / เบนซิน),"ประหยัดค่าเชื้อเพลิง, เป็นมิตรต่อสิ่งแวดล้อม",5,4,4,4,3,5,3,5,5,5,5,3,3,5,5,5,5,5,5,4,4
"23/7/2026, 20:40:40",หญิง,41-50 ปี,ไม่มีบุตร,ม.6,รัฐวิสาหกิจ,1-2 คน,ทาวน์โฮม / ทาวเฮาท์,เป็นเจ้าของ,ไม่มีที่จอดรถ,"ต่ำกว่า 15,000 บาท","ไม่มี (หากตอบ ""ไม่มี"" ให้ข้ามไปตอบตอนที่ 3)",,,,,,"ราคา, เทคโนโลยีและฟังก์ชันภายในรถ, การรับประกันและบริการหลังการขาย","800,001-1,200,000 บาท",เพื่อความสะดวกในการเดินทาง,มีแนวโน้มที่จะซื้อ,รถยนต์ไฟฟ้า (EV),"ประหยัดค่าเชื้อเพลิง, ความสะดวกในการใช้งาน",4,5,5,3,4,5,4,5,3,5,5,3,4,5,3,5,3,4,4,5,3
"23/7/2026, 20:40:41",หญิง,20-23 ปี,2 คน,ปวช. / ปวส.,ค้าขาย,3-4 คน,บ้านเดี่ยว / บ้านแฝด,เช่า,มีที่จอดรถส่วนกลาง / เช่า,"15,001-25,000 บาท","ไม่มี (หากตอบ ""ไม่มี"" ให้ข้ามไปตอบตอนที่ 3)",,,,,,"ราคา, ความคุ้มค่าโดยรวม, การรับประกันและบริการหลังการขาย","500,001-800,000 บาท","เพื่อใช้ในการค้าขาย, เพื่อใช้ในการเดินทางท่องเที่ยว",ยังไม่มีแนวโน้มที่จะซื้อ,รถยนต์ไฮบริด (Hybrid),"ราคาซื้อเริ่มต้น, ประหยัดค่าเชื้อเพลิง",3,5,3,4,5,4,4,3,5,4,3,4,5,4,5,4,5,4,5,5,3
"23/7/2026, 20:40:42",หญิง,41-50 ปี,2 คน,ปริญญาตรี,พนักงานเอกชน,3-4 คน,บ้านเดี่ยว / บ้านแฝด,เป็นเจ้าของ,ไม่มีที่จอดรถ,"15,001-25,000 บาท",มี,ขับนอกเมือง,ใช้เป็นครั้งคราว,น้อยกว่า 10 กิโลเมตร,"ปั๊มน้ำมัน / สถานีชาร์จ, อายุการใช้งาน, ค่าใช้จ่ายในการซ่อมบำรุง",รถยนต์ไฟฟ้า (EV),"ราคา, ความคุ้มค่าโดยรวม, การรับประกันและบริการหลังการขาย","มากกว่า 1,500,000 บาท",เพื่อใช้ในการค้าขาย,มีแนวโน้มที่จะซื้อ,รถยนต์ไฮบริด (Hybrid),"ความสะดวกในการใช้งาน, เทคโนโลยีและความทันสมัย",3,5,4,5,4,2,4,4,3,5,4,4,4,5,4,5,4,4,3,5,3
"23/7/2026, 20:40:43",หญิง,20-23 ปี,2 คน,ปวช. / ปวส.,ข้าราชการ,1-2 คน,ทาวน์โฮม / ทาวเฮาท์,พักอาศัยกับครอบครัว / ผู้อื่น,ไม่มีที่จอดรถ,"ต่ำกว่า 15,000 บาท",มี,ขับนอกเมือง,1-2 วัน / สัปดาห์,น้อยกว่า 10 กิโลเมตร,"ศูนย์บริการและอะไหล่, ค่าใช้จ่ายในการซ่อมบำรุง","รถยนต์สันดาป (ดีเซล / เบนซิน), รถยนต์ไฟฟ้า (EV)","ค่าซ่อมบำรุง, เทคโนโลยีและฟังก์ชันภายในรถ, ความคุ้มค่าโดยรวม, การรับประกันและบริการหลังการขาย","1,200,000-1,500,000 บาท","เพื่อใช้ในการค้าขาย, เพื่อหลีกเลี่ยงปัญหาจากระบบการขนส่งมวลชน",ยังไม่มีแนวโน้มที่จะซื้อ,รถยนต์ไฮบริด (Hybrid),เทคโนโลยีและความทันสมัย,5,4,4,5,5,2,3,4,4,5,4,5,5,4,4,4,5,5,5,4,4
"23/7/2026, 20:40:44",ชาย,20-23 ปี,1 คน,ปริญญาตรี,รัฐวิสาหกิจ,3-4 คน,คอนโด / อพาร์ตเมนต์ / หอพัก,เช่า,มีที่จอดรถส่วนตัว,"35,001-50,000 บาท","ไม่มี (หากตอบ ""ไม่มี"" ให้ข้ามไปตอบตอนที่ 3)",,,,,,"ราคา, ความสามารถในการผ่อนชำระ, ค่าน้ำมัน, รูปลักษณ์ / ดีไซน์, แบรนด์, ความคุ้มค่าโดยรวม","ต่ำกว่า 500,000 บาท","เพื่อใช้ในการเดินทางไปทำงาน, เพื่อหลีกเลี่ยงปัญหาจากระบบการขนส่งมวลชน",มีแนวโน้มที่จะซื้อ,รถยนต์ไฟฟ้า (EV),"ราคาซื้อเริ่มต้น, เป็นมิตรต่อสิ่งแวดล้อม",4,4,4,5,5,5,5,5,4,4,5,4,5,5,4,4,5,5,5,4,4
"23/7/2026, 20:40:45",หญิง,20-23 ปี,ไม่มีบุตร,ต่ำกว่า ม.3,เจ้าของกิจการ,1-2 คน,ทาวน์โฮม / ทาวเฮาท์,เป็นเจ้าของ,มีที่จอดรถส่วนตัว,"25,001-35,000 บาท",มี,ขับทั้งในเมืองและนอกเมือง,ใช้งานทุกวัน,51-70 กิโลเมตร,ราคาน้ำมัน,รถยนต์ไฟฟ้า (EV),"ความสามารถในการผ่อนชำระ, ค่าน้ำมัน, สมรรถนะในการขับขี่, แบรนด์","800,001-1,200,000 บาท",เพื่อใช้ในการค้าขาย,มีแนวโน้มที่จะซื้อ,รถยนต์ไฮบริด (Hybrid),"ค่าบำรุงรักษา, เทคโนโลยีและความทันสมัย",4,4,4,3,5,3,3,5,5,5,5,5,4,5,5,5,4,5,5,5,5
"23/7/2026, 20:40:46",ชาย,41-50 ปี,ไม่มีบุตร,ปริญญาตรี,ค้าขาย,3-4 คน,บ้านเดี่ยว / บ้านแฝด,เช่า,ไม่มีที่จอดรถ,"50,001-75,000 บาท","ไม่มี (หากตอบ ""ไม่มี"" ให้ข้ามไปตอบตอนที่ 3)",,,,,,"ราคา, เทคโนโลยีและฟังก์ชันภายในรถ, ความคุ้มค่าโดยรวม","800,001-1,200,000 บาท","เพื่อใช้ในการเดินทางไปทำงาน, เพื่อใช้ในการค้าขาย",ยังไม่มีแนวโน้มที่จะซื้อ,รถยนต์ไฟฟ้า (EV),"ค่าบำรุงรักษา, เทคโนโลยีและความทันสมัย",3,5,3,5,3,5,4,3,4,3,4,5,5,5,5,5,5,5,3,5,5
"23/7/2026, 20:40:47",ชาย,51-60 ปี,1 คน,ปวช. / ปวส.,อาชีพอิสระ,1-2 คน,ทาวน์โฮม / ทาวเฮาท์,เช่า,มีที่จอดรถส่วนกลาง / เช่า,"15,001-25,000 บาท",มี,ขับในเมือง,ใช้งานทุกวัน,10-30 กิโลเมตร,"ราคาน้ำมัน, ศูนย์บริการและอะไหล่, อายุการใช้งาน, ค่าใช้จ่ายในการซ่อมบำรุง",รถยนต์ไฮบริด (Hybrid),"ราคา, ความสามารถในการผ่อนชำระ, ค่าน้ำมัน, ค่าซ่อมบำรุง, แบรนด์, ความคุ้มค่าโดยรวม, การรับประกันและบริการหลังการขาย","800,001-1,200,000 บาท","เพื่อความสะดวกในการเดินทาง, เพื่อหลีกเลี่ยงปัญหาจากระบบการขนส่งมวลชน",มีแนวโน้มที่จะซื้อ,รถยนต์ไฮบริด (Hybrid),"ราคาซื้อเริ่มต้น, ความสะดวกในการใช้งาน, เป็นมิตรต่อสิ่งแวดล้อม",4,4,4,4,3,3,5,4,5,5,4,5,5,5,3,3,5,4,5,5,3
"23/7/2026, 20:40:48",ชาย,31-40 ปี,ไม่มีบุตร,ปวช. / ปวส.,ข้าราชการ,1-2 คน,ทาวน์โฮม / ทาวเฮาท์,พักอาศัยกับครอบครัว / ผู้อื่น,มีที่จอดรถส่วนกลาง / เช่า,"ต่ำกว่า 15,000 บาท",มี,ขับทั้งในเมืองและนอกเมือง,5-6 วัน / สัปดาห์,31-50 กิโลเมตร,"ราคาน้ำมัน, ศูนย์บริการและอะไหล่, อายุการใช้งาน, มูลค่าการขายต่อ","รถยนต์สันดาป (ดีเซล / เบนซิน), รถยนต์ไฮบริด (Hybrid)","ราคา, สมรรถนะในการขับขี่, การรับประกันและบริการหลังการขาย","มากกว่า 1,500,000 บาท","เพื่อใช้ในการค้าขาย, เพื่อความสะดวกในการเดินทาง, เพื่อหลีกเลี่ยงปัญหาจากระบบการขนส่งมวลชน",มีแนวโน้มที่จะซื้อ,รถยนต์ไฟฟ้า (EV),เทคโนโลยีและความทันสมัย,4,4,4,4,4,4,3,4,5,4,4,3,4,4,5,3,5,4,5,5,5
"23/7/2026, 20:40:49",ชาย,31-40 ปี,ไม่มีบุตร,ม.3,ค้าขาย,5 คนขึ้นไป,ทาวน์โฮม / ทาวเฮาท์,เช่า,ไม่มีที่จอดรถ,"50,001-75,000 บาท","ไม่มี (หากตอบ ""ไม่มี"" ให้ข้ามไปตอบตอนที่ 3)",,,,,,"ราคา, ความสามารถในการผ่อนชำระ, ค่าซ่อมบำรุง, แบรนด์, ความคุ้มค่าโดยรวม","500,001-800,000 บาท",เพื่อความสะดวกในการเดินทาง,ยังไม่มีแนวโน้มที่จะซื้อ,รถยนต์ไฟฟ้า (EV),ประหยัดค่าเชื้อเพลิง,4,5,5,4,5,5,5,5,5,4,5,5,5,5,5,3,5,5,3,3,3
"23/7/2026, 20:40:50",ชาย,27-30 ปี,ไม่มีบุตร,ปริญญาตรี,อาชีพอิสระ,1-2 คน,ทาวน์โฮม / ทาวเฮาท์,เช่า,ไม่มีที่จอดรถ,"ต่ำกว่า 15,000 บาท","ไม่มี (หากตอบ ""ไม่มี"" ให้ข้ามไปตอบตอนที่ 3)",,,,,,"ความสามารถในการผ่อนชำระ, ค่าน้ำมัน, ค่าซ่อมบำรุง, รูปลักษณ์ / ดีไซน์, การรับประกันและบริการหลังการขาย","1,200,000-1,500,000 บาท",เพื่อใช้ในการค้าขาย,มีแนวโน้มที่จะซื้อ,รถยนต์ไฟฟ้า (EV),"ราคาซื้อเริ่มต้น, ประหยัดค่าเชื้อเพลิง, เป็นมิตรต่อสิ่งแวดล้อม, เทคโนโลยีและความทันสมัย",5,4,4,5,3,2,5,5,4,4,5,5,5,4,5,5,5,4,3,5,5
"23/7/2026, 20:40:51",ชาย,20-23 ปี,1 คน,ม.3,รัฐวิสาหกิจ,1-2 คน,ทาวน์โฮม / ทาวเฮาท์,เป็นเจ้าของ,มีที่จอดรถส่วนตัว,"ต่ำกว่า 15,000 บาท","ไม่มี (หากตอบ ""ไม่มี"" ให้ข้ามไปตอบตอนที่ 3)",,,,,,"ราคา, ความสามารถในการผ่อนชำระ, ค่าซ่อมบำรุง, สมรรถนะในการขับขี่, ความคุ้มค่าโดยรวม, การรับประกันและบริการหลังการขาย","ต่ำกว่า 500,000 บาท","เพื่อใช้ในการค้าขาย, เพื่อใช้ในการเดินทางท่องเที่ยว",ยังไม่มีแนวโน้มที่จะซื้อ,รถยนต์ไฟฟ้า (EV),"ค่าบำรุงรักษา, เป็นมิตรต่อสิ่งแวดล้อม, เทคโนโลยีและความทันสมัย",5,5,5,5,5,4,5,4,5,5,3,4,4,4,4,4,5,5,5,3,5
"23/7/2026, 20:40:52",ชาย,41-50 ปี,1 คน,ม.6,นักเรียน / นักศึกษา,5 คนขึ้นไป,ทาวน์โฮม / ทาวเฮาท์,เช่า,มีที่จอดรถส่วนกลาง / เช่า,"25,001-35,000 บาท","ไม่มี (หากตอบ ""ไม่มี"" ให้ข้ามไปตอบตอนที่ 3)",,,,,,"ราคา, ค่าซ่อมบำรุง, สมรรถนะในการขับขี่","ต่ำกว่า 500,000 บาท",เพื่อความสะดวกในการเดินทาง,มีแนวโน้มที่จะซื้อ,รถยนต์ไฮบริด (Hybrid),"ราคาซื้อเริ่มต้น, ประหยัดค่าเชื้อเพลิง, ความสะดวกในการใช้งาน, เทคโนโลยีและความทันสมัย",5,4,4,5,4,3,5,5,4,5,5,5,4,4,5,5,3,5,3,5,4
"23/7/2026, 20:40:53",ชาย,31-40 ปี,ไม่มีบุตร,ม.6,ข้าราชการ,1-2 คน,ทาวน์โฮม / ทาวเฮาท์,เป็นเจ้าของ,มีที่จอดรถส่วนตัว,"25,001-35,000 บาท","ไม่มี (หากตอบ ""ไม่มี"" ให้ข้ามไปตอบตอนที่ 3)",,,,,,"ราคา, ความสามารถในการผ่อนชำระ, ค่าน้ำมัน, เทคโนโลยีและฟังก์ชันภายในรถ, การรับประกันและบริการหลังการขาย","มากกว่า 1,500,000 บาท","เพื่อความสะดวกในการเดินทาง, เพื่อหลีกเลี่ยงปัญหาจากระบบการขนส่งมวลชน",มีแนวโน้มที่จะซื้อ,รถยนต์สันดาป (ดีเซล / เบนซิน),"ราคาซื้อเริ่มต้น, เป็นมิตรต่อสิ่งแวดล้อม, เทคโนโลยีและความทันสมัย",4,5,4,4,4,4,5,5,4,5,4,4,5,4,3,5,3,5,5,5,5
"23/7/2026, 20:40:54",ชาย,27-30 ปี,ไม่มีบุตร,ปวช. / ปวส.,พนักงานเอกชน,3-4 คน,บ้านเดี่ยว / บ้านแฝด,เป็นเจ้าของ,มีที่จอดรถส่วนตัว,"25,001-35,000 บาท",มี,ขับนอกเมือง,ใช้เป็นครั้งคราว,น้อยกว่า 10 กิโลเมตร,"ศูนย์บริการและอะไหล่, ค่าใช้จ่ายในการซ่อมบำรุง","รถยนต์สันดาป (ดีเซล / เบนซิน), รถยนต์ไฮบริด (Hybrid)","ราคา, ความสามารถในการผ่อนชำระ, ค่าน้ำมัน, ค่าซ่อมบำรุง, ความคุ้มค่าโดยรวม","1,200,000-1,500,000 บาท","เพื่อใช้ในการเดินทางท่องเที่ยว, เพื่อหลีกเลี่ยงปัญหาจากระบบการขนส่งมวลชน",มีแนวโน้มที่จะซื้อ,รถยนต์ไฮบริด (Hybrid),"ค่าบำรุงรักษา, เทคโนโลยีและความทันสมัย",5,4,3,3,5,4,5,4,4,5,4,3,5,5,5,4,5,4,3,4,4
"23/7/2026, 20:40:55",ชาย,27-30 ปี,2 คน,ปริญญาตรี,เจ้าของกิจการ,5 คนขึ้นไป,ทาวน์โฮม / ทาวเฮาท์,เป็นเจ้าของ,มีที่จอดรถส่วนกลาง / เช่า,"35,001-50,000 บาท","ไม่มี (หากตอบ ""ไม่มี"" ให้ข้ามไปตอบตอนที่ 3)",,,,,,"สมรรถนะในการขับขี่, แบรนด์","1,200,000-1,500,000 บาท","เพื่อใช้ในการเดินทางไปทำงาน, เพื่อใช้ในการค้าขาย, เพื่อความสะดวกในการเดินทาง",มีแนวโน้มที่จะซื้อ,รถยนต์ไฮบริด (Hybrid),"ประหยัดค่าเชื้อเพลิง, ค่าบำรุงรักษา, เป็นมิตรต่อสิ่งแวดล้อม",4,4,5,5,4,4,5,2,5,4,4,3,4,3,5,5,4,4,4,4,5
"23/7/2026, 20:40:56",ชาย,51-60 ปี,2 คน,ปวช. / ปวส.,ข้าราชการ,1-2 คน,บ้านเดี่ยว / บ้านแฝด,เช่า,มีที่จอดรถส่วนกลาง / เช่า,"50,001-75,000 บาท",มี,ขับทั้งในเมืองและนอกเมือง,ใช้งานทุกวัน,น้อยกว่า 10 กิโลเมตร,"ราคาน้ำมัน, ศูนย์บริการและอะไหล่, อายุการใช้งาน",รถยนต์สันดาป (ดีเซล / เบนซิน),"รูปลักษณ์ / ดีไซน์, ความคุ้มค่าโดยรวม","500,001-800,000 บาท",เพื่อความสะดวกในการเดินทาง,มีแนวโน้มที่จะซื้อ,รถยนต์ไฮบริด (Hybrid),ประหยัดค่าเชื้อเพลิง,4,5,5,5,5,4,5,3,5,5,5,3,3,5,4,4,5,5,5,5,3
"23/7/2026, 20:40:57",หญิง,27-30 ปี,ไม่มีบุตร,ปวช. / ปวส.,รัฐวิสาหกิจ,3-4 คน,บ้านเดี่ยว / บ้านแฝด,พักอาศัยกับครอบครัว / ผู้อื่น,มีที่จอดรถส่วนกลาง / เช่า,"15,001-25,000 บาท",มี,ขับในเมือง,ใช้เป็นครั้งคราว,71-90 กิโลเมตร,"ราคาน้ำมัน, ศูนย์บริการและอะไหล่, อายุการใช้งาน, ค่าใช้จ่ายในการซ่อมบำรุง, มูลค่าการขายต่อ",รถยนต์ไฮบริด (Hybrid),"ความสามารถในการผ่อนชำระ, ค่าซ่อมบำรุง, แบรนด์, ความคุ้มค่าโดยรวม","ต่ำกว่า 500,000 บาท","เพื่อใช้ในการค้าขาย, เพื่อหลีกเลี่ยงปัญหาจากระบบการขนส่งมวลชน",ยังไม่มีแนวโน้มที่จะซื้อ,รถยนต์ไฮบริด (Hybrid),เป็นมิตรต่อสิ่งแวดล้อม,3,4,4,4,5,4,3,4,4,4,5,3,5,4,5,5,4,5,3,5,3
"23/7/2026, 20:40:58",ชาย,51-60 ปี,3 คน,ปวช. / ปวส.,รัฐวิสาหกิจ,1-2 คน,ทาวน์โฮม / ทาวเฮาท์,เช่า,มีที่จอดรถส่วนกลาง / เช่า,"50,001-75,000 บาท",มี,ขับในเมือง,ใช้งานทุกวัน,น้อยกว่า 10 กิโลเมตร,ราคาน้ำมัน,รถยนต์สันดาป (ดีเซล / เบนซิน),"ราคา, ความสามารถในการผ่อนชำระ, ค่าซ่อมบำรุง, สมรรถนะในการขับขี่, แบรนด์, การรับประกันและบริการหลังการขาย","500,001-800,000 บาท","เพื่อใช้ในการเดินทางท่องเที่ยว, เพื่อความสะดวกในการเดินทาง",มีแนวโน้มที่จะซื้อ,รถยนต์ไฮบริด (Hybrid),"ราคาซื้อเริ่มต้น, เป็นมิตรต่อสิ่งแวดล้อม",3,4,4,4,3,2,3,4,5,5,4,4,5,5,5,5,4,4,5,5,5
"23/7/2026, 20:40:59",หญิง,20-23 ปี,1 คน,ปริญญาตรี,รัฐวิสาหกิจ,1-2 คน,บ้านเดี่ยว / บ้านแฝด,เป็นเจ้าของ,มีที่จอดรถส่วนกลาง / เช่า,"15,001-25,000 บาท","ไม่มี (หากตอบ ""ไม่มี"" ให้ข้ามไปตอบตอนที่ 3)",,,,,,"แบรนด์, ความคุ้มค่าโดยรวม, การรับประกันและบริการหลังการขาย","800,001-1,200,000 บาท",เพื่อความสะดวกในการเดินทาง,มีแนวโน้มที่จะซื้อ,รถยนต์ไฟฟ้า (EV),"ค่าบำรุงรักษา, ความสะดวกในการใช้งาน, เป็นมิตรต่อสิ่งแวดล้อม, เทคโนโลยีและความทันสมัย",5,2,4,5,4,4,5,4,5,4,4,5,5,5,5,4,4,5,4,5,4
"23/7/2026, 20:41:00",หญิง,มากกว่า 60 ปี,2 คน,ม.6,พนักงานเอกชน,3-4 คน,ทาวน์โฮม / ทาวเฮาท์,เป็นเจ้าของ,มีที่จอดรถส่วนตัว,"25,001-35,000 บาท",มี,ขับนอกเมือง,ใช้เป็นครั้งคราว,10-30 กิโลเมตร,"อายุการใช้งาน, มูลค่าการขายต่อ",รถยนต์สันดาป (ดีเซล / เบนซิน),"ความสามารถในการผ่อนชำระ, ค่าซ่อมบำรุง, สมรรถนะในการขับขี่, แบรนด์, ความคุ้มค่าโดยรวม","500,001-800,000 บาท","เพื่อใช้ในการค้าขาย, เพื่อความสะดวกในการเดินทาง",ยังไม่มีแนวโน้มที่จะซื้อ,รถยนต์ไฮบริด (Hybrid),"ราคาซื้อเริ่มต้น, เป็นมิตรต่อสิ่งแวดล้อม",5,4,5,5,4,4,5,5,3,4,5,4,4,4,2,4,5,3,4,3,4
"23/7/2026, 20:41:01",ชาย,20-23 ปี,1 คน,ปวช. / ปวส.,เจ้าของกิจการ,1-2 คน,ทาวน์โฮม / ทาวเฮาท์,เช่า,มีที่จอดรถส่วนกลาง / เช่า,"15,001-25,000 บาท",มี,ขับในเมือง,1-2 วัน / สัปดาห์,51-70 กิโลเมตร,"ราคาน้ำมัน, ศูนย์บริการและอะไหล่, อายุการใช้งาน, มูลค่าการขายต่อ",รถยนต์สันดาป (ดีเซล / เบนซิน),"ราคา, ความสามารถในการผ่อนชำระ, รูปลักษณ์ / ดีไซน์, แบรนด์, ความคุ้มค่าโดยรวม, การรับประกันและบริการหลังการขาย","800,001-1,200,000 บาท",เพื่อความสะดวกในการเดินทาง,มีแนวโน้มที่จะซื้อ,รถยนต์ไฮบริด (Hybrid),"ประหยัดค่าเชื้อเพลิง, เทคโนโลยีและความทันสมัย",5,4,3,5,5,4,3,4,5,5,5,4,5,5,4,2,3,4,5,5,4
"23/7/2026, 20:41:02",หญิง,31-40 ปี,ไม่มีบุตร,ปริญญาตรี,รัฐวิสาหกิจ,1-2 คน,ทาวน์โฮม / ทาวเฮาท์,เช่า,มีที่จอดรถส่วนตัว,"ต่ำกว่า 15,000 บาท",มี,ขับทั้งในเมืองและนอกเมือง,ใช้งานทุกวัน,10-30 กิโลเมตร,"ศูนย์บริการและอะไหล่, อายุการใช้งาน, ค่าใช้จ่ายในการซ่อมบำรุง","รถยนต์สันดาป (ดีเซล / เบนซิน), รถยนต์ไฮบริด (Hybrid)","ราคา, ค่าไฟฟ้า, ค่าซ่อมบำรุง, ความคุ้มค่าโดยรวม, การรับประกันและบริการหลังการขาย","1,200,000-1,500,000 บาท",เพื่อหลีกเลี่ยงปัญหาจากระบบการขนส่งมวลชน,มีแนวโน้มที่จะซื้อ,รถยนต์ไฮบริด (Hybrid),"ประหยัดค่าเชื้อเพลิง, เทคโนโลยีและความทันสมัย",5,4,4,4,5,5,3,5,4,5,4,4,5,5,4,4,5,4,5,3,4
"23/7/2026, 20:41:03",ชาย,27-30 ปี,ไม่มีบุตร,ปริญญาตรี,เจ้าของกิจการ,1-2 คน,บ้านเดี่ยว / บ้านแฝด,พักอาศัยกับครอบครัว / ผู้อื่น,มีที่จอดรถส่วนกลาง / เช่า,"25,001-35,000 บาท","ไม่มี (หากตอบ ""ไม่มี"" ให้ข้ามไปตอบตอนที่ 3)",,,,,,"ค่าซ่อมบำรุง, สมรรถนะในการขับขี่, เทคโนโลยีและฟังก์ชันภายในรถ, การรับประกันและบริการหลังการขาย","500,001-800,000 บาท","เพื่อใช้ในการเดินทางไปทำงาน, เพื่อใช้ในการค้าขาย, เพื่อใช้ในการเดินทางท่องเที่ยว, เพื่อความสะดวกในการเดินทาง",มีแนวโน้มที่จะซื้อ,รถยนต์ไฟฟ้า (EV),เทคโนโลยีและความทันสมัย,5,4,4,4,4,5,5,5,5,2,3,5,5,5,4,4,5,5,5,4,4
"23/7/2026, 20:41:04",หญิง,มากกว่า 60 ปี,ไม่มีบุตร,ปริญญาตรี,ข้าราชการ,1-2 คน,คอนโด / อพาร์ตเมนต์ / หอพัก,พักอาศัยกับครอบครัว / ผู้อื่น,มีที่จอดรถส่วนกลาง / เช่า,"50,001-75,000 บาท","ไม่มี (หากตอบ ""ไม่มี"" ให้ข้ามไปตอบตอนที่ 3)",,,,,,"ความสามารถในการผ่อนชำระ, ค่าน้ำมัน, ค่าไฟฟ้า, แบรนด์, ความคุ้มค่าโดยรวม","ต่ำกว่า 500,000 บาท","เพื่อใช้ในการเดินทางไปทำงาน, เพื่อใช้ในการเดินทางท่องเที่ยว, เพื่อความสะดวกในการเดินทาง, เพื่อหลีกเลี่ยงปัญหาจากระบบการขนส่งมวลชน",ยังไม่มีแนวโน้มที่จะซื้อ,รถยนต์ไฟฟ้า (EV),"ประหยัดค่าเชื้อเพลิง, ค่าบำรุงรักษา, ความสะดวกในการใช้งาน, เป็นมิตรต่อสิ่งแวดล้อม",4,4,3,4,4,2,5,3,5,3,5,4,3,5,4,3,4,4,4,5,5
"23/7/2026, 20:41:05",ชาย,20-23 ปี,ไม่มีบุตร,ปริญญาตรี,อาชีพอิสระ,1-2 คน,คอนโด / อพาร์ตเมนต์ / หอพัก,พักอาศัยกับครอบครัว / ผู้อื่น,มีที่จอดรถส่วนกลาง / เช่า,"35,001-50,000 บาท",มี,ขับทั้งในเมืองและนอกเมือง,ใช้งานทุกวัน,10-30 กิโลเมตร,"ศูนย์บริการและอะไหล่, อายุการใช้งาน, ค่าใช้จ่ายในการซ่อมบำรุง","รถยนต์สันดาป (ดีเซล / เบนซิน), รถยนต์ไฮบริด (Hybrid), รถยนต์ไฟฟ้า (EV)","ราคา, ความสามารถในการผ่อนชำระ, ค่าซ่อมบำรุง, รูปลักษณ์ / ดีไซน์, แบรนด์, เทคโนโลยีและฟังก์ชันภายในรถ, ความคุ้มค่าโดยรวม, การรับประกันและบริการหลังการขาย","1,200,000-1,500,000 บาท","เพื่อใช้ในการเดินทางไปทำงาน, เพื่อหลีกเลี่ยงปัญหาจากระบบการขนส่งมวลชน",มีแนวโน้มที่จะซื้อ,รถยนต์ไฟฟ้า (EV),"ประหยัดค่าเชื้อเพลิง, เทคโนโลยีและความทันสมัย",4,5,4,4,5,5,5,4,5,5,5,4,4,5,3,3,5,5,5,4,5
"23/7/2026, 20:41:06",ชาย,27-30 ปี,1 คน,ปริญญาตรี,ข้าราชการ,1-2 คน,ทาวน์โฮม / ทาวเฮาท์,พักอาศัยกับครอบครัว / ผู้อื่น,มีที่จอดรถส่วนตัว,"50,001-75,000 บาท",มี,ขับในเมือง,ใช้งานทุกวัน,10-30 กิโลเมตร,"ราคาน้ำมัน, อายุการใช้งาน, ค่าใช้จ่ายในการซ่อมบำรุง","รถยนต์ไฮบริด (Hybrid), รถยนต์ไฟฟ้า (EV)","ราคา, ความสามารถในการผ่อนชำระ, ค่าไฟฟ้า, ค่าซ่อมบำรุง, เทคโนโลยีและฟังก์ชันภายในรถ","ต่ำกว่า 500,000 บาท",เพื่อใช้ในการเดินทางไปทำงาน,มีแนวโน้มที่จะซื้อ,รถยนต์ไฮบริด (Hybrid),ประหยัดค่าเชื้อเพลิง,3,5,5,4,4,3,4,5,5,4,3,5,4,3,5,4,4,4,5,4,5
"23/7/2026, 20:41:07",ชาย,20-23 ปี,ไม่มีบุตร,ปริญญาตรี,พนักงานเอกชน,1-2 คน,ทาวน์โฮม / ทาวเฮาท์,พักอาศัยกับครอบครัว / ผู้อื่น,มีที่จอดรถส่วนกลาง / เช่า,"ต่ำกว่า 15,000 บาท","ไม่มี (หากตอบ ""ไม่มี"" ให้ข้ามไปตอบตอนที่ 3)",,,,,,"ความสามารถในการผ่อนชำระ, ค่าซ่อมบำรุง, สมรรถนะในการขับขี่, ความคุ้มค่าโดยรวม, การรับประกันและบริการหลังการขาย","500,001-800,000 บาท",เพื่อความสะดวกในการเดินทาง,มีแนวโน้มที่จะซื้อ,รถยนต์ไฮบริด (Hybrid),"ความสะดวกในการใช้งาน, เทคโนโลยีและความทันสมัย",5,3,4,4,5,4,4,5,4,4,4,5,5,4,5,4,5,5,5,4,5
"23/7/2026, 20:41:08",ชาย,24-26 ปี,ไม่มีบุตร,ปวช. / ปวส.,ค้าขาย,5 คนขึ้นไป,คอนโด / อพาร์ตเมนต์ / หอพัก,พักอาศัยกับครอบครัว / ผู้อื่น,มีที่จอดรถส่วนกลาง / เช่า,"15,001-25,000 บาท","ไม่มี (หากตอบ ""ไม่มี"" ให้ข้ามไปตอบตอนที่ 3)",,,,,,"แบรนด์, ความคุ้มค่าโดยรวม","ต่ำกว่า 500,000 บาท",เพื่อความสะดวกในการเดินทาง,ยังไม่มีแนวโน้มที่จะซื้อ,รถยนต์ไฮบริด (Hybrid),"ประหยัดค่าเชื้อเพลิง, เป็นมิตรต่อสิ่งแวดล้อม",5,4,3,4,4,4,5,4,5,5,5,3,5,5,5,4,5,4,3,5,4
"23/7/2026, 20:41:09",ชาย,20-23 ปี,ไม่มีบุตร,ปวช. / ปวส.,พนักงานเอกชน,3-4 คน,คอนโด / อพาร์ตเมนต์ / หอพัก,เป็นเจ้าของ,มีที่จอดรถส่วนกลาง / เช่า,"25,001-35,000 บาท",มี,ขับทั้งในเมืองและนอกเมือง,ใช้เป็นครั้งคราว,10-30 กิโลเมตร,"ราคาน้ำมัน, ศูนย์บริการและอะไหล่, อายุการใช้งาน",รถยนต์สันดาป (ดีเซล / เบนซิน),"ค่าน้ำมัน, ค่าซ่อมบำรุง","1,200,000-1,500,000 บาท",เพื่อความสะดวกในการเดินทาง,มีแนวโน้มที่จะซื้อ,รถยนต์ไฮบริด (Hybrid),"ประหยัดค่าเชื้อเพลิง, ค่าบำรุงรักษา, ความสะดวกในการใช้งาน",5,5,5,4,5,4,5,5,4,5,4,5,5,3,4,3,4,4,3,3,4
"23/7/2026, 20:41:10",ชาย,41-50 ปี,2 คน,ม.6,ข้าราชการ,3-4 คน,ทาวน์โฮม / ทาวเฮาท์,เช่า,มีที่จอดรถส่วนกลาง / เช่า,"35,001-50,000 บาท",มี,ขับนอกเมือง,5-6 วัน / สัปดาห์,51-70 กิโลเมตร,"ราคาน้ำมัน, ศูนย์บริการและอะไหล่, อายุการใช้งาน, ค่าใช้จ่ายในการซ่อมบำรุง",รถยนต์ไฮบริด (Hybrid),"ความสามารถในการผ่อนชำระ, เทคโนโลยีและฟังก์ชันภายในรถ, ความคุ้มค่าโดยรวม","มากกว่า 1,500,000 บาท","เพื่อใช้ในการเดินทางไปทำงาน, เพื่อใช้ในการค้าขาย, เพื่อใช้ในการเดินทางท่องเที่ยว, เพื่อความสะดวกในการเดินทาง",มีแนวโน้มที่จะซื้อ,รถยนต์ไฮบริด (Hybrid),เทคโนโลยีและความทันสมัย,3,4,4,5,4,4,3,4,5,3,2,4,4,4,4,3,5,5,4,5,4
"23/7/2026, 20:41:11",หญิง,24-26 ปี,ไม่มีบุตร,ต่ำกว่า ม.3,นักเรียน / นักศึกษา,1-2 คน,ทาวน์โฮม / ทาวเฮาท์,เช่า,มีที่จอดรถส่วนตัว,"25,001-35,000 บาท",มี,ขับนอกเมือง,5-6 วัน / สัปดาห์,น้อยกว่า 10 กิโลเมตร,ศูนย์บริการและอะไหล่,รถยนต์ไฮบริด (Hybrid),"ความสามารถในการผ่อนชำระ, ความคุ้มค่าโดยรวม","ต่ำกว่า 500,000 บาท","เพื่อใช้ในการค้าขาย, เพื่อความสะดวกในการเดินทาง",ยังไม่มีแนวโน้มที่จะซื้อ,รถยนต์ไฮบริด (Hybrid),"ประหยัดค่าเชื้อเพลิง, ความสะดวกในการใช้งาน, เทคโนโลยีและความทันสมัย",3,5,4,5,4,5,5,5,5,5,4,3,3,3,5,5,4,5,5,5,4
"23/7/2026, 20:41:12",ชาย,24-26 ปี,2 คน,ปวช. / ปวส.,อาชีพอิสระ,5 คนขึ้นไป,คอนโด / อพาร์ตเมนต์ / หอพัก,พักอาศัยกับครอบครัว / ผู้อื่น,มีที่จอดรถส่วนกลาง / เช่า,"35,001-50,000 บาท",มี,ขับนอกเมือง,ใช้เป็นครั้งคราว,71-90 กิโลเมตร,"ศูนย์บริการและอะไหล่, อายุการใช้งาน, ค่าใช้จ่ายในการซ่อมบำรุง",รถยนต์สันดาป (ดีเซล / เบนซิน),"ราคา, ค่าน้ำมัน, สมรรถนะในการขับขี่, รูปลักษณ์ / ดีไซน์, เทคโนโลยีและฟังก์ชันภายในรถ, ความคุ้มค่าโดยรวม","มากกว่า 1,500,000 บาท",เพื่อความสะดวกในการเดินทาง,มีแนวโน้มที่จะซื้อ,รถยนต์ไฟฟ้า (EV),ประหยัดค่าเชื้อเพลิง,4,5,4,5,4,4,5,4,5,4,5,4,5,4,5,5,5,3,4,3,4
"23/7/2026, 20:41:13",หญิง,27-30 ปี,ไม่มีบุตร,ต่ำกว่า ม.3,ข้าราชการ,3-4 คน,บ้านเดี่ยว / บ้านแฝด,เช่า,มีที่จอดรถส่วนตัว,"35,001-50,000 บาท","ไม่มี (หากตอบ ""ไม่มี"" ให้ข้ามไปตอบตอนที่ 3)",,,,,,"ราคา, ความสามารถในการผ่อนชำระ, สมรรถนะในการขับขี่, แบรนด์","500,001-800,000 บาท",เพื่อใช้ในการค้าขาย,ยังไม่มีแนวโน้มที่จะซื้อ,รถยนต์ไฮบริด (Hybrid),เทคโนโลยีและความทันสมัย,4,4,4,5,5,3,3,4,5,4,4,5,5,5,5,3,3,5,4,5,5
"23/7/2026, 20:41:14",หญิง,31-40 ปี,ไม่มีบุตร,ม.6,ข้าราชการ,1-2 คน,คอนโด / อพาร์ตเมนต์ / หอพัก,เป็นเจ้าของ,มีที่จอดรถส่วนกลาง / เช่า,"25,001-35,000 บาท",มี,ขับทั้งในเมืองและนอกเมือง,ใช้งานทุกวัน,น้อยกว่า 10 กิโลเมตร,ปั๊มน้ำมัน / สถานีชาร์จ,"รถยนต์สันดาป (ดีเซล / เบนซิน), รถยนต์ไฟฟ้า (EV)","ความสามารถในการผ่อนชำระ, สมรรถนะในการขับขี่, แบรนด์, เทคโนโลยีและฟังก์ชันภายในรถ, ความคุ้มค่าโดยรวม","500,001-800,000 บาท","เพื่อใช้ในการค้าขาย, เพื่อความสะดวกในการเดินทาง",มีแนวโน้มที่จะซื้อ,รถยนต์ไฮบริด (Hybrid),"ประหยัดค่าเชื้อเพลิง, เทคโนโลยีและความทันสมัย",5,5,5,4,5,5,5,4,5,5,5,5,5,5,4,5,4,3,5,4,4
"23/7/2026, 20:41:15",ชาย,24-26 ปี,มากกว่า 3 คน,ปริญญาตรี,ข้าราชการ,1-2 คน,บ้านเดี่ยว / บ้านแฝด,พักอาศัยกับครอบครัว / ผู้อื่น,มีที่จอดรถส่วนตัว,"50,001-75,000 บาท","ไม่มี (หากตอบ ""ไม่มี"" ให้ข้ามไปตอบตอนที่ 3)",,,,,,"ราคา, ค่าน้ำมัน, รูปลักษณ์ / ดีไซน์, ความคุ้มค่าโดยรวม, การรับประกันและบริการหลังการขาย","800,001-1,200,000 บาท","เพื่อใช้ในการเดินทางท่องเที่ยว, เพื่อความสะดวกในการเดินทาง, เพื่อหลีกเลี่ยงปัญหาจากระบบการขนส่งมวลชน",มีแนวโน้มที่จะซื้อ,รถยนต์ไฟฟ้า (EV),"ประหยัดค่าเชื้อเพลิง, เป็นมิตรต่อสิ่งแวดล้อม, เทคโนโลยีและความทันสมัย",5,5,4,3,5,5,4,4,3,4,5,3,5,5,4,3,5,5,5,4,5
"23/7/2026, 20:41:16",ชาย,27-30 ปี,2 คน,ปริญญาตรี,พนักงานเอกชน,1-2 คน,ทาวน์โฮม / ทาวเฮาท์,เป็นเจ้าของ,มีที่จอดรถส่วนตัว,"ต่ำกว่า 15,000 บาท","ไม่มี (หากตอบ ""ไม่มี"" ให้ข้ามไปตอบตอนที่ 3)",,,,,,"ราคา, ค่าน้ำมัน, ค่าซ่อมบำรุง, สมรรถนะในการขับขี่, ความคุ้มค่าโดยรวม","500,001-800,000 บาท","เพื่อใช้ในการค้าขาย, เพื่อใช้ในการเดินทางท่องเที่ยว",มีแนวโน้มที่จะซื้อ,รถยนต์สันดาป (ดีเซล / เบนซิน),"ประหยัดค่าเชื้อเพลิง, ความสะดวกในการใช้งาน, เป็นมิตรต่อสิ่งแวดล้อม, เทคโนโลยีและความทันสมัย",4,4,4,4,2,3,5,5,4,3,4,5,5,3,5,5,3,3,4,5,4
"23/7/2026, 20:41:17",หญิง,27-30 ปี,1 คน,ปริญญาโท,พนักงานเอกชน,1-2 คน,คอนโด / อพาร์ตเมนต์ / หอพัก,เป็นเจ้าของ,มีที่จอดรถส่วนกลาง / เช่า,"25,001-35,000 บาท",มี,ขับในเมือง,ใช้งานทุกวัน,10-30 กิโลเมตร,"ราคาน้ำมัน, อายุการใช้งาน, มูลค่าการขายต่อ",รถยนต์สันดาป (ดีเซล / เบนซิน),"ความสามารถในการผ่อนชำระ, ค่าน้ำมัน, ค่าซ่อมบำรุง, แบรนด์, การรับประกันและบริการหลังการขาย","1,200,000-1,500,000 บาท",เพื่อใช้ในการค้าขาย,มีแนวโน้มที่จะซื้อ,รถยนต์ไฮบริด (Hybrid),"ราคาซื้อเริ่มต้น, ค่าบำรุงรักษา, ความสะดวกในการใช้งาน, เป็นมิตรต่อสิ่งแวดล้อม",4,3,5,4,4,5,5,4,4,5,5,5,4,3,5,3,5,5,5,5,5
"23/7/2026, 20:41:18",หญิง,41-50 ปี,3 คน,ปริญญาตรี,ค้าขาย,3-4 คน,ทาวน์โฮม / ทาวเฮาท์,พักอาศัยกับครอบครัว / ผู้อื่น,มีที่จอดรถส่วนกลาง / เช่า,"25,001-35,000 บาท","ไม่มี (หากตอบ ""ไม่มี"" ให้ข้ามไปตอบตอนที่ 3)",,,,,,"ราคา, รูปลักษณ์ / ดีไซน์, ความคุ้มค่าโดยรวม","500,001-800,000 บาท",เพื่อความสะดวกในการเดินทาง,มีแนวโน้มที่จะซื้อ,รถยนต์สันดาป (ดีเซล / เบนซิน),"ราคาซื้อเริ่มต้น, ประหยัดค่าเชื้อเพลิง, ค่าบำรุงรักษา, เทคโนโลยีและความทันสมัย",4,5,5,4,5,4,4,3,4,5,4,4,4,4,2,5,5,4,5,5,5
"23/7/2026, 20:41:19",ชาย,41-50 ปี,2 คน,ปวช. / ปวส.,รัฐวิสาหกิจ,3-4 คน,ทาวน์โฮม / ทาวเฮาท์,พักอาศัยกับครอบครัว / ผู้อื่น,มีที่จอดรถส่วนกลาง / เช่า,"50,001-75,000 บาท",มี,ขับในเมือง,5-6 วัน / สัปดาห์,น้อยกว่า 10 กิโลเมตร,"ราคาน้ำมัน, ค่าใช้จ่ายในการซ่อมบำรุง",รถยนต์สันดาป (ดีเซล / เบนซิน),"ความสามารถในการผ่อนชำระ, เทคโนโลยีและฟังก์ชันภายในรถ, ความคุ้มค่าโดยรวม, การรับประกันและบริการหลังการขาย","800,001-1,200,000 บาท",เพื่อความสะดวกในการเดินทาง,มีแนวโน้มที่จะซื้อ,รถยนต์สันดาป (ดีเซล / เบนซิน),"ประหยัดค่าเชื้อเพลิง, ค่าบำรุงรักษา, เทคโนโลยีและความทันสมัย",5,4,5,4,5,5,5,3,4,5,5,4,4,3,3,5,5,3,4,4,4
"23/7/2026, 20:41:20",ชาย,31-40 ปี,1 คน,ต่ำกว่า ม.3,พนักงานเอกชน,1-2 คน,คอนโด / อพาร์ตเมนต์ / หอพัก,เช่า,มีที่จอดรถส่วนตัว,"มากกว่า 75,000",มี,ขับทั้งในเมืองและนอกเมือง,ใช้งานทุกวัน,51-70 กิโลเมตร,"ราคาน้ำมัน, ศูนย์บริการและอะไหล่, อายุการใช้งาน","รถยนต์สันดาป (ดีเซล / เบนซิน), รถยนต์ไฮบริด (Hybrid)","ราคา, สมรรถนะในการขับขี่","500,001-800,000 บาท","เพื่อใช้ในการเดินทางไปทำงาน, เพื่อความสะดวกในการเดินทาง, เพื่อหลีกเลี่ยงปัญหาจากระบบการขนส่งมวลชน",ยังไม่มีแนวโน้มที่จะซื้อ,รถยนต์ไฮบริด (Hybrid),"ราคาซื้อเริ่มต้น, ประหยัดค่าเชื้อเพลิง, เทคโนโลยีและความทันสมัย",5,4,5,4,4,3,5,4,5,5,4,4,3,5,3,5,4,5,5,5,5
"23/7/2026, 20:41:21",ชาย,41-50 ปี,ไม่มีบุตร,ม.6,พนักงานเอกชน,1-2 คน,ทาวน์โฮม / ทาวเฮาท์,พักอาศัยกับครอบครัว / ผู้อื่น,มีที่จอดรถส่วนกลาง / เช่า,"มากกว่า 75,000",มี,ขับในเมือง,5-6 วัน / สัปดาห์,71-90 กิโลเมตร,"ราคาน้ำมัน, ศูนย์บริการและอะไหล่, อายุการใช้งาน",รถยนต์สันดาป (ดีเซล / เบนซิน),"ราคา, ความสามารถในการผ่อนชำระ, ความคุ้มค่าโดยรวม, การรับประกันและบริการหลังการขาย","ต่ำกว่า 500,000 บาท","เพื่อใช้ในการเดินทางไปทำงาน, เพื่อใช้ในการเดินทางท่องเที่ยว, เพื่อความสะดวกในการเดินทาง",มีแนวโน้มที่จะซื้อ,รถยนต์ไฟฟ้า (EV),ประหยัดค่าเชื้อเพลิง,3,5,5,3,5,3,4,4,4,4,4,4,4,5,4,3,4,5,5,5,4
"23/7/2026, 20:41:22",หญิง,31-40 ปี,1 คน,ปริญญาตรี,ข้าราชการ,1-2 คน,ทาวน์โฮม / ทาวเฮาท์,เช่า,มีที่จอดรถส่วนกลาง / เช่า,"25,001-35,000 บาท",มี,ขับนอกเมือง,ใช้งานทุกวัน,น้อยกว่า 10 กิโลเมตร,"ศูนย์บริการและอะไหล่, ค่าใช้จ่ายในการซ่อมบำรุง","รถยนต์สันดาป (ดีเซล / เบนซิน), รถยนต์ไฮบริด (Hybrid)","ราคา, ความสามารถในการผ่อนชำระ, ค่าน้ำมัน, สมรรถนะในการขับขี่, การรับประกันและบริการหลังการขาย","ต่ำกว่า 500,000 บาท","เพื่อใช้ในการค้าขาย, เพื่อหลีกเลี่ยงปัญหาจากระบบการขนส่งมวลชน",ยังไม่มีแนวโน้มที่จะซื้อ,รถยนต์ไฮบริด (Hybrid),"ราคาซื้อเริ่มต้น, ความสะดวกในการใช้งาน",4,4,4,3,4,5,4,4,5,4,5,5,4,4,4,3,5,4,4,5,5
"23/7/2026, 20:41:23",หญิง,20-23 ปี,2 คน,ปริญญาตรี,อาชีพอิสระ,1-2 คน,ทาวน์โฮม / ทาวเฮาท์,เป็นเจ้าของ,มีที่จอดรถส่วนตัว,"35,001-50,000 บาท","ไม่มี (หากตอบ ""ไม่มี"" ให้ข้ามไปตอบตอนที่ 3)",,,,,,"ราคา, ความสามารถในการผ่อนชำระ, แบรนด์","500,001-800,000 บาท","เพื่อใช้ในการค้าขาย, เพื่อหลีกเลี่ยงปัญหาจากระบบการขนส่งมวลชน",มีแนวโน้มที่จะซื้อ,รถยนต์ไฟฟ้า (EV),"ประหยัดค่าเชื้อเพลิง, เป็นมิตรต่อสิ่งแวดล้อม",4,3,4,4,4,4,4,4,4,4,5,3,4,5,5,4,4,5,4,4,5
"23/7/2026, 20:41:24",ชาย,มากกว่า 60 ปี,ไม่มีบุตร,ปริญญาเอก,ข้าราชการ,3-4 คน,บ้านเดี่ยว / บ้านแฝด,เป็นเจ้าของ,มีที่จอดรถส่วนกลาง / เช่า,"15,001-25,000 บาท",มี,ขับนอกเมือง,ใช้งานทุกวัน,51-70 กิโลเมตร,"ราคาน้ำมัน, ศูนย์บริการและอะไหล่, อายุการใช้งาน, ค่าใช้จ่ายในการซ่อมบำรุง","รถยนต์สันดาป (ดีเซล / เบนซิน), รถยนต์ไฮบริด (Hybrid)","ความสามารถในการผ่อนชำระ, ค่าน้ำมัน, ค่าซ่อมบำรุง, ความคุ้มค่าโดยรวม","ต่ำกว่า 500,000 บาท","เพื่อใช้ในการค้าขาย, เพื่อความสะดวกในการเดินทาง",ยังไม่มีแนวโน้มที่จะซื้อ,รถยนต์ไฟฟ้า (EV),ราคาซื้อเริ่มต้น,4,5,4,3,5,5,5,4,4,2,5,3,4,4,4,4,5,4,4,3,4
"23/7/2026, 20:41:25",ชาย,20-23 ปี,1 คน,ปริญญาตรี,ค้าขาย,1-2 คน,ทาวน์โฮม / ทาวเฮาท์,เช่า,มีที่จอดรถส่วนกลาง / เช่า,"15,001-25,000 บาท",มี,ขับทั้งในเมืองและนอกเมือง,5-6 วัน / สัปดาห์,51-70 กิโลเมตร,"ราคาน้ำมัน, ศูนย์บริการและอะไหล่, อายุการใช้งาน, ค่าใช้จ่ายในการซ่อมบำรุง",รถยนต์สันดาป (ดีเซล / เบนซิน),"ค่าน้ำมัน, ค่าซ่อมบำรุง, แบรนด์, ความคุ้มค่าโดยรวม, การรับประกันและบริการหลังการขาย","1,200,000-1,500,000 บาท",เพื่อความสะดวกในการเดินทาง,มีแนวโน้มที่จะซื้อ,รถยนต์ไฟฟ้า (EV),"ราคาซื้อเริ่มต้น, ประหยัดค่าเชื้อเพลิง",5,3,5,4,5,3,4,5,4,5,5,4,5,3,4,3,3,3,4,5,5
"23/7/2026, 20:41:26",หญิง,20-23 ปี,ไม่มีบุตร,ปวช. / ปวส.,พนักงานเอกชน,1-2 คน,คอนโด / อพาร์ตเมนต์ / หอพัก,เช่า,มีที่จอดรถส่วนกลาง / เช่า,"25,001-35,000 บาท",มี,ขับนอกเมือง,ใช้งานทุกวัน,น้อยกว่า 10 กิโลเมตร,"ราคาน้ำมัน, ค่าใช้จ่ายในการซ่อมบำรุง, มูลค่าการขายต่อ","รถยนต์สันดาป (ดีเซล / เบนซิน), รถยนต์ไฮบริด (Hybrid), รถยนต์ไฟฟ้า (EV)","ราคา, สมรรถนะในการขับขี่","500,001-800,000 บาท",เพื่อความสะดวกในการเดินทาง,มีแนวโน้มที่จะซื้อ,รถยนต์ไฮบริด (Hybrid),เป็นมิตรต่อสิ่งแวดล้อม,5,4,5,4,4,4,5,5,4,5,4,3,5,5,5,4,5,5,3,5,3
"23/7/2026, 20:41:27",ชาย,24-26 ปี,2 คน,ม.3,ข้าราชการ,3-4 คน,ทาวน์โฮม / ทาวเฮาท์,เป็นเจ้าของ,มีที่จอดรถส่วนตัว,"50,001-75,000 บาท",มี,ขับนอกเมือง,ใช้งานทุกวัน,31-50 กิโลเมตร,"ปั๊มน้ำมัน / สถานีชาร์จ, ศูนย์บริการและอะไหล่, อายุการใช้งาน, ค่าใช้จ่ายในการซ่อมบำรุง","รถยนต์สันดาป (ดีเซล / เบนซิน), รถยนต์ไฮบริด (Hybrid), รถยนต์ไฟฟ้า (EV)","ราคา, การรับประกันและบริการหลังการขาย","มากกว่า 1,500,000 บาท",เพื่อใช้ในการเดินทางท่องเที่ยว,มีแนวโน้มที่จะซื้อ,รถยนต์ไฟฟ้า (EV),"ราคาซื้อเริ่มต้น, ประหยัดค่าเชื้อเพลิง, ความสะดวกในการใช้งาน, เทคโนโลยีและความทันสมัย",4,5,3,4,4,4,5,3,5,5,5,5,5,5,5,4,4,5,5,5,4
"23/7/2026, 20:41:28",หญิง,24-26 ปี,ไม่มีบุตร,ม.3,ข้าราชการ,1-2 คน,ทาวน์โฮม / ทาวเฮาท์,พักอาศัยกับครอบครัว / ผู้อื่น,มีที่จอดรถส่วนตัว,"15,001-25,000 บาท",มี,ขับนอกเมือง,ใช้เป็นครั้งคราว,10-30 กิโลเมตร,"ศูนย์บริการและอะไหล่, อายุการใช้งาน","รถยนต์สันดาป (ดีเซล / เบนซิน), รถยนต์ไฮบริด (Hybrid)","ราคา, ค่าน้ำมัน, ค่าซ่อมบำรุง, สมรรถนะในการขับขี่, ความคุ้มค่าโดยรวม, การรับประกันและบริการหลังการขาย","800,001-1,200,000 บาท",เพื่อความสะดวกในการเดินทาง,มีแนวโน้มที่จะซื้อ,รถยนต์ไฟฟ้า (EV),"ราคาซื้อเริ่มต้น, ประหยัดค่าเชื้อเพลิง",3,5,4,5,5,4,4,4,5,4,3,5,4,4,3,5,5,5,3,5,5
"23/7/2026, 20:41:29",ชาย,27-30 ปี,1 คน,ม.6,ข้าราชการ,1-2 คน,ทาวน์โฮม / ทาวเฮาท์,เช่า,มีที่จอดรถส่วนกลาง / เช่า,"50,001-75,000 บาท",มี,ขับทั้งในเมืองและนอกเมือง,ใช้เป็นครั้งคราว,71-90 กิโลเมตร,"ปั๊มน้ำมัน / สถานีชาร์จ, ศูนย์บริการและอะไหล่, อายุการใช้งาน",รถยนต์สันดาป (ดีเซล / เบนซิน),"ราคา, ความสามารถในการผ่อนชำระ, ค่าน้ำมัน, ค่าซ่อมบำรุง","500,001-800,000 บาท","เพื่อความสะดวกในการเดินทาง, เพื่อหลีกเลี่ยงปัญหาจากระบบการขนส่งมวลชน",ยังไม่มีแนวโน้มที่จะซื้อ,รถยนต์ไฟฟ้า (EV),"ประหยัดค่าเชื้อเพลิง, ค่าบำรุงรักษา, ความสะดวกในการใช้งาน",4,5,4,4,5,4,4,5,3,4,5,5,4,5,4,5,4,5,5,5,5
"23/7/2026, 20:41:30",หญิง,27-30 ปี,1 คน,ม.6,พนักงานเอกชน,3-4 คน,บ้านเดี่ยว / บ้านแฝด,พักอาศัยกับครอบครัว / ผู้อื่น,มีที่จอดรถส่วนกลาง / เช่า,"15,001-25,000 บาท",มี,ขับทั้งในเมืองและนอกเมือง,5-6 วัน / สัปดาห์,10-30 กิโลเมตร,"ราคาน้ำมัน, ศูนย์บริการและอะไหล่, อายุการใช้งาน, ค่าใช้จ่ายในการซ่อมบำรุง, มูลค่าการขายต่อ",รถยนต์สันดาป (ดีเซล / เบนซิน),"ความสามารถในการผ่อนชำระ, ค่าน้ำมัน, แบรนด์, ความคุ้มค่าโดยรวม, การรับประกันและบริการหลังการขาย","800,001-1,200,000 บาท","เพื่อใช้ในการค้าขาย, เพื่อใช้ในการเดินทางท่องเที่ยว, เพื่อความสะดวกในการเดินทาง",มีแนวโน้มที่จะซื้อ,รถยนต์ไฟฟ้า (EV),ประหยัดค่าเชื้อเพลิง,5,3,4,5,3,4,3,5,3,4,4,4,5,4,5,3,4,5,3,3,5
"23/7/2026, 20:41:31",ชาย,20-23 ปี,3 คน,ปริญญาตรี,อาชีพอิสระ,1-2 คน,ทาวน์โฮม / ทาวเฮาท์,พักอาศัยกับครอบครัว / ผู้อื่น,มีที่จอดรถส่วนกลาง / เช่า,"25,001-35,000 บาท","ไม่มี (หากตอบ ""ไม่มี"" ให้ข้ามไปตอบตอนที่ 3)",,,,,,"ค่าซ่อมบำรุง, แบรนด์, ความคุ้มค่าโดยรวม","800,001-1,200,000 บาท",เพื่อความสะดวกในการเดินทาง,ยังไม่มีแนวโน้มที่จะซื้อ,รถยนต์ไฮบริด (Hybrid),"ราคาซื้อเริ่มต้น, ประหยัดค่าเชื้อเพลิง, เทคโนโลยีและความทันสมัย",5,4,3,3,5,5,4,5,3,3,5,5,5,3,4,5,4,5,5,3,5
"23/7/2026, 20:41:32",หญิง,27-30 ปี,1 คน,ปริญญาตรี,รัฐวิสาหกิจ,1-2 คน,ทาวน์โฮม / ทาวเฮาท์,เช่า,มีที่จอดรถส่วนกลาง / เช่า,"15,001-25,000 บาท",มี,ขับในเมือง,5-6 วัน / สัปดาห์,น้อยกว่า 10 กิโลเมตร,"ศูนย์บริการและอะไหล่, อายุการใช้งาน",รถยนต์สันดาป (ดีเซล / เบนซิน),"ราคา, ค่าน้ำมัน, ค่าซ่อมบำรุง, แบรนด์, เทคโนโลยีและฟังก์ชันภายในรถ, ความคุ้มค่าโดยรวม","500,001-800,000 บาท",เพื่อใช้ในการค้าขาย,มีแนวโน้มที่จะซื้อ,รถยนต์ไฮบริด (Hybrid),"ราคาซื้อเริ่มต้น, ประหยัดค่าเชื้อเพลิง",3,5,4,3,5,5,5,4,3,4,5,5,5,3,4,5,5,5,3,5,4
"23/7/2026, 20:41:33",ชาย,31-40 ปี,ไม่มีบุตร,ม.3,ข้าราชการ,1-2 คน,บ้านเดี่ยว / บ้านแฝด,พักอาศัยกับครอบครัว / ผู้อื่น,ไม่มีที่จอดรถ,"35,001-50,000 บาท",มี,ขับทั้งในเมืองและนอกเมือง,1-2 วัน / สัปดาห์,10-30 กิโลเมตร,"ราคาน้ำมัน, ศูนย์บริการและอะไหล่, ค่าใช้จ่ายในการซ่อมบำรุง, มูลค่าการขายต่อ",รถยนต์ไฮบริด (Hybrid),ราคา,"1,200,000-1,500,000 บาท","เพื่อใช้ในการค้าขาย, เพื่อความสะดวกในการเดินทาง",มีแนวโน้มที่จะซื้อ,รถยนต์ไฮบริด (Hybrid),ประหยัดค่าเชื้อเพลิง,5,5,5,5,4,4,5,5,4,5,5,5,5,4,4,4,4,4,5,3,4
"23/7/2026, 20:41:34",ชาย,24-26 ปี,ไม่มีบุตร,ปริญญาตรี,ข้าราชการ,3-4 คน,คอนโด / อพาร์ตเมนต์ / หอพัก,เป็นเจ้าของ,มีที่จอดรถส่วนกลาง / เช่า,"25,001-35,000 บาท","ไม่มี (หากตอบ ""ไม่มี"" ให้ข้ามไปตอบตอนที่ 3)",,,,,,"ราคา, ความสามารถในการผ่อนชำระ, ค่าน้ำมัน, รูปลักษณ์ / ดีไซน์, แบรนด์, ความคุ้มค่าโดยรวม","ต่ำกว่า 500,000 บาท","เพื่อใช้ในการค้าขาย, เพื่อใช้ในการเดินทางท่องเที่ยว, เพื่อความสะดวกในการเดินทาง",มีแนวโน้มที่จะซื้อ,รถยนต์ไฮบริด (Hybrid),"ราคาซื้อเริ่มต้น, ประหยัดค่าเชื้อเพลิง",4,5,3,4,5,5,4,3,5,4,3,5,2,4,4,5,4,5,4,4,5
"23/7/2026, 20:41:35",ชาย,20-23 ปี,1 คน,ปริญญาตรี,เจ้าของกิจการ,1-2 คน,บ้านเดี่ยว / บ้านแฝด,พักอาศัยกับครอบครัว / ผู้อื่น,มีที่จอดรถส่วนกลาง / เช่า,"ต่ำกว่า 15,000 บาท","ไม่มี (หากตอบ ""ไม่มี"" ให้ข้ามไปตอบตอนที่ 3)",,,,,,"ราคา, สมรรถนะในการขับขี่, แบรนด์","1,200,000-1,500,000 บาท","เพื่อใช้ในการเดินทางไปทำงาน, เพื่อใช้ในการค้าขาย, เพื่อความสะดวกในการเดินทาง",มีแนวโน้มที่จะซื้อ,รถยนต์สันดาป (ดีเซล / เบนซิน),"ราคาซื้อเริ่มต้น, ประหยัดค่าเชื้อเพลิง, ค่าบำรุงรักษา, เทคโนโลยีและความทันสมัย",5,5,5,4,4,5,4,5,4,4,4,5,5,5,3,4,3,3,5,3,4
"23/7/2026, 20:41:36",หญิง,27-30 ปี,1 คน,ปริญญาตรี,พนักงานเอกชน,1-2 คน,คอนโด / อพาร์ตเมนต์ / หอพัก,พักอาศัยกับครอบครัว / ผู้อื่น,มีที่จอดรถส่วนกลาง / เช่า,"35,001-50,000 บาท",มี,ขับในเมือง,ใช้งานทุกวัน,71-90 กิโลเมตร,"ราคาน้ำมัน, ปั๊มน้ำมัน / สถานีชาร์จ, ค่าใช้จ่ายในการซ่อมบำรุง","รถยนต์สันดาป (ดีเซล / เบนซิน), รถยนต์ไฟฟ้า (EV)","ราคา, ความสามารถในการผ่อนชำระ, เทคโนโลยีและฟังก์ชันภายในรถ, ความคุ้มค่าโดยรวม, การรับประกันและบริการหลังการขาย","ต่ำกว่า 500,000 บาท",เพื่อความสะดวกในการเดินทาง,มีแนวโน้มที่จะซื้อ,รถยนต์ไฮบริด (Hybrid),"ความสะดวกในการใช้งาน, เทคโนโลยีและความทันสมัย",5,5,4,4,5,3,4,4,5,3,5,5,3,5,3,4,3,5,3,4,3
"23/7/2026, 20:41:37",หญิง,41-50 ปี,1 คน,ม.3,รัฐวิสาหกิจ,1-2 คน,บ้านเดี่ยว / บ้านแฝด,เช่า,มีที่จอดรถส่วนตัว,"15,001-25,000 บาท","ไม่มี (หากตอบ ""ไม่มี"" ให้ข้ามไปตอบตอนที่ 3)",,,,,,"ความสามารถในการผ่อนชำระ, ค่าน้ำมัน, แบรนด์, ความคุ้มค่าโดยรวม","ต่ำกว่า 500,000 บาท","เพื่อใช้ในการเดินทางไปทำงาน, เพื่อใช้ในการค้าขาย, เพื่อใช้ในการเดินทางท่องเที่ยว, เพื่อหลีกเลี่ยงปัญหาจากระบบการขนส่งมวลชน",มีแนวโน้มที่จะซื้อ,รถยนต์ไฮบริด (Hybrid),ราคาซื้อเริ่มต้น,5,4,3,4,5,4,4,4,4,4,4,5,5,4,4,5,5,5,4,5,4
"23/7/2026, 20:41:38",หญิง,41-50 ปี,ไม่มีบุตร,ปริญญาตรี,ข้าราชการ,1-2 คน,คอนโด / อพาร์ตเมนต์ / หอพัก,พักอาศัยกับครอบครัว / ผู้อื่น,มีที่จอดรถส่วนกลาง / เช่า,"25,001-35,000 บาท",มี,ขับนอกเมือง,5-6 วัน / สัปดาห์,น้อยกว่า 10 กิโลเมตร,"ราคาน้ำมัน, ศูนย์บริการและอะไหล่, อายุการใช้งาน, มูลค่าการขายต่อ",รถยนต์สันดาป (ดีเซล / เบนซิน),"ค่าซ่อมบำรุง, สมรรถนะในการขับขี่, ความคุ้มค่าโดยรวม","1,200,000-1,500,000 บาท",เพื่อใช้ในการค้าขาย,มีแนวโน้มที่จะซื้อ,รถยนต์ไฟฟ้า (EV),"ประหยัดค่าเชื้อเพลิง, ความสะดวกในการใช้งาน, เทคโนโลยีและความทันสมัย",4,4,5,5,4,4,5,2,4,3,4,3,5,5,4,3,3,5,3,5,5
"23/7/2026, 20:41:39",หญิง,20-23 ปี,ไม่มีบุตร,ปริญญาตรี,ข้าราชการ,5 คนขึ้นไป,ทาวน์โฮม / ทาวเฮาท์,เป็นเจ้าของ,มีที่จอดรถส่วนกลาง / เช่า,"35,001-50,000 บาท","ไม่มี (หากตอบ ""ไม่มี"" ให้ข้ามไปตอบตอนที่ 3)",,,,,,"ราคา, ความสามารถในการผ่อนชำระ, ค่าซ่อมบำรุง, แบรนด์","800,001-1,200,000 บาท","เพื่อใช้ในการค้าขาย, เพื่อใช้ในการเดินทางท่องเที่ยว",มีแนวโน้มที่จะซื้อ,รถยนต์ไฮบริด (Hybrid),"ประหยัดค่าเชื้อเพลิง, เทคโนโลยีและความทันสมัย",4,5,3,5,5,4,3,4,4,4,4,4,4,5,5,4,5,4,4,4,3
"23/7/2026, 20:41:40",หญิง,20-23 ปี,1 คน,ปริญญาตรี,ข้าราชการ,1-2 คน,คอนโด / อพาร์ตเมนต์ / หอพัก,เป็นเจ้าของ,มีที่จอดรถส่วนตัว,"15,001-25,000 บาท",มี,ขับทั้งในเมืองและนอกเมือง,ใช้เป็นครั้งคราว,10-30 กิโลเมตร,"ราคาน้ำมัน, ปั๊มน้ำมัน / สถานีชาร์จ, ศูนย์บริการและอะไหล่, อายุการใช้งาน",รถยนต์สันดาป (ดีเซล / เบนซิน),"ความสามารถในการผ่อนชำระ, ค่าน้ำมัน, แบรนด์, ความคุ้มค่าโดยรวม, การรับประกันและบริการหลังการขาย","ต่ำกว่า 500,000 บาท",เพื่อความสะดวกในการเดินทาง,มีแนวโน้มที่จะซื้อ,รถยนต์ไฟฟ้า (EV),"ประหยัดค่าเชื้อเพลิง, เทคโนโลยีและความทันสมัย",5,3,4,4,5,5,4,3,2,5,4,4,5,4,5,5,5,3,5,3,5
"23/7/2026, 20:41:41",หญิง,27-30 ปี,2 คน,ปริญญาตรี,ข้าราชการ,1-2 คน,ทาวน์โฮม / ทาวเฮาท์,เป็นเจ้าของ,มีที่จอดรถส่วนกลาง / เช่า,"25,001-35,000 บาท",มี,ขับทั้งในเมืองและนอกเมือง,ใช้งานทุกวัน,มากกว่า 90 กิโลเมตร,"ศูนย์บริการและอะไหล่, อายุการใช้งาน, ค่าใช้จ่ายในการซ่อมบำรุง, มูลค่าการขายต่อ",รถยนต์สันดาป (ดีเซล / เบนซิน),"ราคา, ค่าน้ำมัน, แบรนด์, ความคุ้มค่าโดยรวม","ต่ำกว่า 500,000 บาท","เพื่อใช้ในการเดินทางไปทำงาน, เพื่อความสะดวกในการเดินทาง, เพื่อหลีกเลี่ยงปัญหาจากระบบการขนส่งมวลชน",มีแนวโน้มที่จะซื้อ,รถยนต์ไฟฟ้า (EV),"ราคาซื้อเริ่มต้น, ความสะดวกในการใช้งาน, เป็นมิตรต่อสิ่งแวดล้อม, เทคโนโลยีและความทันสมัย",4,4,3,5,5,4,4,4,5,3,4,4,5,4,4,5,5,5,5,5,4
"23/7/2026, 20:41:42",หญิง,31-40 ปี,1 คน,ปริญญาโท,ข้าราชการ,1-2 คน,ทาวน์โฮม / ทาวเฮาท์,เช่า,มีที่จอดรถส่วนกลาง / เช่า,"มากกว่า 75,000","ไม่มี (หากตอบ ""ไม่มี"" ให้ข้ามไปตอบตอนที่ 3)",,,,,,"ความสามารถในการผ่อนชำระ, สมรรถนะในการขับขี่, ความคุ้มค่าโดยรวม","800,001-1,200,000 บาท","เพื่อใช้ในการค้าขาย, เพื่อใช้ในการเดินทางท่องเที่ยว, เพื่อความสะดวกในการเดินทาง, เพื่อหลีกเลี่ยงปัญหาจากระบบการขนส่งมวลชน",มีแนวโน้มที่จะซื้อ,รถยนต์ไฮบริด (Hybrid),เป็นมิตรต่อสิ่งแวดล้อม,4,3,5,4,5,3,5,5,5,4,4,5,5,5,4,3,5,4,4,5,5
"23/7/2026, 20:41:43",ชาย,20-23 ปี,1 คน,ปริญญาตรี,อาชีพอิสระ,3-4 คน,คอนโด / อพาร์ตเมนต์ / หอพัก,เช่า,มีที่จอดรถส่วนกลาง / เช่า,"ต่ำกว่า 15,000 บาท",มี,ขับทั้งในเมืองและนอกเมือง,5-6 วัน / สัปดาห์,71-90 กิโลเมตร,"ราคาน้ำมัน, ปั๊มน้ำมัน / สถานีชาร์จ, อายุการใช้งาน, ค่าใช้จ่ายในการซ่อมบำรุง",รถยนต์ไฮบริด (Hybrid),"ค่าน้ำมัน, ค่าซ่อมบำรุง, สมรรถนะในการขับขี่, รูปลักษณ์ / ดีไซน์, ความคุ้มค่าโดยรวม","800,001-1,200,000 บาท","เพื่อใช้ในการเดินทางไปทำงาน, เพื่อความสะดวกในการเดินทาง, เพื่อหลีกเลี่ยงปัญหาจากระบบการขนส่งมวลชน",ยังไม่มีแนวโน้มที่จะซื้อ,รถยนต์ไฟฟ้า (EV),"ราคาซื้อเริ่มต้น, เทคโนโลยีและความทันสมัย",4,4,5,5,5,4,5,4,4,4,5,5,5,3,5,3,5,4,5,3,3
"23/7/2026, 20:41:44",หญิง,51-60 ปี,2 คน,ม.6,พนักงานเอกชน,1-2 คน,ทาวน์โฮม / ทาวเฮาท์,พักอาศัยกับครอบครัว / ผู้อื่น,มีที่จอดรถส่วนตัว,"25,001-35,000 บาท",มี,ขับนอกเมือง,5-6 วัน / สัปดาห์,10-30 กิโลเมตร,"ราคาน้ำมัน, ศูนย์บริการและอะไหล่, ค่าใช้จ่ายในการซ่อมบำรุง, มูลค่าการขายต่อ",รถยนต์ไฮบริด (Hybrid),"ราคา, ค่าซ่อมบำรุง, สมรรถนะในการขับขี่, ความคุ้มค่าโดยรวม, การรับประกันและบริการหลังการขาย","ต่ำกว่า 500,000 บาท","เพื่อใช้ในการค้าขาย, เพื่อความสะดวกในการเดินทาง",มีแนวโน้มที่จะซื้อ,รถยนต์สันดาป (ดีเซล / เบนซิน),"ราคาซื้อเริ่มต้น, ประหยัดค่าเชื้อเพลิง, ค่าบำรุงรักษา, ความสะดวกในการใช้งาน, เทคโนโลยีและความทันสมัย",4,5,3,4,4,5,5,5,5,4,5,4,5,5,5,5,5,3,5,5,5
"23/7/2026, 20:41:45",ชาย,41-50 ปี,2 คน,ม.3,พนักงานเอกชน,1-2 คน,บ้านเดี่ยว / บ้านแฝด,เช่า,มีที่จอดรถส่วนตัว,"25,001-35,000 บาท",มี,ขับนอกเมือง,ใช้เป็นครั้งคราว,51-70 กิโลเมตร,"ราคาน้ำมัน, ศูนย์บริการและอะไหล่, อายุการใช้งาน","รถยนต์สันดาป (ดีเซล / เบนซิน), รถยนต์ไฮบริด (Hybrid), รถยนต์ไฟฟ้า (EV)","ราคา, ความสามารถในการผ่อนชำระ, ค่าน้ำมัน, แบรนด์, การรับประกันและบริการหลังการขาย","800,001-1,200,000 บาท",เพื่อใช้ในการค้าขาย,มีแนวโน้มที่จะซื้อ,รถยนต์ไฟฟ้า (EV),"ประหยัดค่าเชื้อเพลิง, เทคโนโลยีและความทันสมัย",5,5,5,4,3,4,4,5,4,4,5,5,5,4,3,4,3,4,5,5,5
"23/7/2026, 20:41:46",หญิง,51-60 ปี,3 คน,ปริญญาโท,ค้าขาย,1-2 คน,บ้านเดี่ยว / บ้านแฝด,เช่า,มีที่จอดรถส่วนตัว,"35,001-50,000 บาท","ไม่มี (หากตอบ ""ไม่มี"" ให้ข้ามไปตอบตอนที่ 3)",,,,,,"ราคา, ความสามารถในการผ่อนชำระ, ค่าน้ำมัน, ค่าซ่อมบำรุง, ความคุ้มค่าโดยรวม","500,001-800,000 บาท",เพื่อใช้ในการค้าขาย,มีแนวโน้มที่จะซื้อ,รถยนต์ไฟฟ้า (EV),ประหยัดค่าเชื้อเพลิง,4,4,5,5,5,5,4,4,4,5,5,3,4,4,2,3,3,3,5,4,4
"23/7/2026, 20:41:47",หญิง,41-50 ปี,ไม่มีบุตร,ปริญญาตรี,นักเรียน / นักศึกษา,5 คนขึ้นไป,ทาวน์โฮม / ทาวเฮาท์,เช่า,ไม่มีที่จอดรถ,"15,001-25,000 บาท",มี,ขับในเมือง,1-2 วัน / สัปดาห์,10-30 กิโลเมตร,ค่าใช้จ่ายในการซ่อมบำรุง,รถยนต์สันดาป (ดีเซล / เบนซิน),"ความสามารถในการผ่อนชำระ, ความคุ้มค่าโดยรวม, การรับประกันและบริการหลังการขาย","800,001-1,200,000 บาท",เพื่อความสะดวกในการเดินทาง,มีแนวโน้มที่จะซื้อ,รถยนต์ไฮบริด (Hybrid),ความสะดวกในการใช้งาน,4,5,5,4,3,5,4,4,4,5,4,4,4,5,3,5,5,5,4,5,4
"23/7/2026, 20:41:48",ชาย,มากกว่า 60 ปี,2 คน,ปวช. / ปวส.,เจ้าของกิจการ,3-4 คน,ทาวน์โฮม / ทาวเฮาท์,เช่า,มีที่จอดรถส่วนกลาง / เช่า,"ต่ำกว่า 15,000 บาท","ไม่มี (หากตอบ ""ไม่มี"" ให้ข้ามไปตอบตอนที่ 3)",,,,,,"ความสามารถในการผ่อนชำระ, สมรรถนะในการขับขี่, เทคโนโลยีและฟังก์ชันภายในรถ, ความคุ้มค่าโดยรวม","500,001-800,000 บาท",เพื่อความสะดวกในการเดินทาง,ยังไม่มีแนวโน้มที่จะซื้อ,รถยนต์สันดาป (ดีเซล / เบนซิน),"ประหยัดค่าเชื้อเพลิง, ความสะดวกในการใช้งาน, เทคโนโลยีและความทันสมัย",3,5,4,5,5,4,5,5,5,4,5,4,4,5,5,5,3,5,4,4,4
"23/7/2026, 20:41:49",หญิง,27-30 ปี,3 คน,ม.3,ค้าขาย,1-2 คน,ทาวน์โฮม / ทาวเฮาท์,เป็นเจ้าของ,มีที่จอดรถส่วนตัว,"50,001-75,000 บาท","ไม่มี (หากตอบ ""ไม่มี"" ให้ข้ามไปตอบตอนที่ 3)",,,,,,"ความสามารถในการผ่อนชำระ, ค่าซ่อมบำรุง","1,200,000-1,500,000 บาท","เพื่อใช้ในการเดินทางไปทำงาน, เพื่อความสะดวกในการเดินทาง, เพื่อหลีกเลี่ยงปัญหาจากระบบการขนส่งมวลชน",มีแนวโน้มที่จะซื้อ,รถยนต์สันดาป (ดีเซล / เบนซิน),"ประหยัดค่าเชื้อเพลิง, เทคโนโลยีและความทันสมัย",2,5,5,5,5,4,5,3,5,4,5,5,5,4,5,5,5,3,4,5,5
"23/7/2026, 20:41:50",หญิง,24-26 ปี,ไม่มีบุตร,ปริญญาตรี,ค้าขาย,1-2 คน,บ้านเดี่ยว / บ้านแฝด,เช่า,มีที่จอดรถส่วนกลาง / เช่า,"35,001-50,000 บาท",มี,ขับนอกเมือง,1-2 วัน / สัปดาห์,71-90 กิโลเมตร,"ราคาน้ำมัน, อายุการใช้งาน","รถยนต์สันดาป (ดีเซล / เบนซิน), รถยนต์ไฮบริด (Hybrid)",การรับประกันและบริการหลังการขาย,"500,001-800,000 บาท","เพื่อใช้ในการเดินทางท่องเที่ยว, เพื่อความสะดวกในการเดินทาง, เพื่อหลีกเลี่ยงปัญหาจากระบบการขนส่งมวลชน",มีแนวโน้มที่จะซื้อ,รถยนต์สันดาป (ดีเซล / เบนซิน),"ประหยัดค่าเชื้อเพลิง, ความสะดวกในการใช้งาน, เป็นมิตรต่อสิ่งแวดล้อม, เทคโนโลยีและความทันสมัย",4,5,4,4,4,5,5,5,4,5,4,4,5,5,4,4,5,3,5,4,4
"23/7/2026, 20:41:51",หญิง,24-26 ปี,1 คน,ปริญญาตรี,พนักงานเอกชน,1-2 คน,ทาวน์โฮม / ทาวเฮาท์,เช่า,มีที่จอดรถส่วนตัว,"35,001-50,000 บาท","ไม่มี (หากตอบ ""ไม่มี"" ให้ข้ามไปตอบตอนที่ 3)",,,,,,"ค่าซ่อมบำรุง, เทคโนโลยีและฟังก์ชันภายในรถ, การรับประกันและบริการหลังการขาย","800,001-1,200,000 บาท",เพื่อใช้ในการค้าขาย,มีแนวโน้มที่จะซื้อ,รถยนต์ไฮบริด (Hybrid),"ราคาซื้อเริ่มต้น, ค่าบำรุงรักษา, เป็นมิตรต่อสิ่งแวดล้อม",5,5,3,4,5,4,5,5,5,5,4,3,5,5,5,5,4,2,4,5,4
"23/7/2026, 20:41:53",ชาย,27-30 ปี,ไม่มีบุตร,ม.6,ค้าขาย,3-4 คน,ทาวน์โฮม / ทาวเฮาท์,เช่า,มีที่จอดรถส่วนกลาง / เช่า,"25,001-35,000 บาท",มี,ขับในเมือง,ใช้เป็นครั้งคราว,น้อยกว่า 10 กิโลเมตร,"ปั๊มน้ำมัน / สถานีชาร์จ, ศูนย์บริการและอะไหล่, อายุการใช้งาน, ค่าใช้จ่ายในการซ่อมบำรุง, มูลค่าการขายต่อ",รถยนต์สันดาป (ดีเซล / เบนซิน),"ราคา, ค่าน้ำมัน, ค่าซ่อมบำรุง, สมรรถนะในการขับขี่, ความคุ้มค่าโดยรวม, การรับประกันและบริการหลังการขาย","500,001-800,000 บาท",เพื่อใช้ในการค้าขาย,มีแนวโน้มที่จะซื้อ,รถยนต์ไฮบริด (Hybrid),เทคโนโลยีและความทันสมัย,4,4,5,2,5,4,4,4,5,5,3,4,3,3,4,5,4,4,4,5,5
"23/7/2026, 20:41:55",ชาย,51-60 ปี,ไม่มีบุตร,ม.6,เจ้าของกิจการ,1-2 คน,บ้านเดี่ยว / บ้านแฝด,เช่า,มีที่จอดรถส่วนกลาง / เช่า,"15,001-25,000 บาท","ไม่มี (หากตอบ ""ไม่มี"" ให้ข้ามไปตอบตอนที่ 3)",,,,,,"ความสามารถในการผ่อนชำระ, รูปลักษณ์ / ดีไซน์, ความคุ้มค่าโดยรวม","500,001-800,000 บาท",เพื่อความสะดวกในการเดินทาง,มีแนวโน้มที่จะซื้อ,รถยนต์ไฮบริด (Hybrid),"ราคาซื้อเริ่มต้น, ประหยัดค่าเชื้อเพลิง, ค่าบำรุงรักษา",5,4,5,4,5,4,5,4,3,5,2,4,4,5,5,5,4,4,5,4,5
"23/7/2026, 20:41:57",ชาย,41-50 ปี,1 คน,ปริญญาตรี,พนักงานเอกชน,1-2 คน,บ้านเดี่ยว / บ้านแฝด,พักอาศัยกับครอบครัว / ผู้อื่น,มีที่จอดรถส่วนตัว,"35,001-50,000 บาท","ไม่มี (หากตอบ ""ไม่มี"" ให้ข้ามไปตอบตอนที่ 3)",,,,,,"ความสามารถในการผ่อนชำระ, ความคุ้มค่าโดยรวม","มากกว่า 1,500,000 บาท",เพื่อความสะดวกในการเดินทาง,มีแนวโน้มที่จะซื้อ,รถยนต์ไฮบริด (Hybrid),ประหยัดค่าเชื้อเพลิง,5,5,3,3,4,3,4,5,4,5,4,5,4,4,5,5,5,4,4,3,4
"23/7/2026, 20:41:57",ชาย,27-30 ปี,ไม่มีบุตร,ม.6,อาชีพอิสระ,1-2 คน,บ้านเดี่ยว / บ้านแฝด,เป็นเจ้าของ,มีที่จอดรถส่วนตัว,"50,001-75,000 บาท",มี,ขับนอกเมือง,3-4 วัน / สัปดาห์,51-70 กิโลเมตร,"ราคาน้ำมัน, ศูนย์บริการและอะไหล่, อายุการใช้งาน",รถยนต์สันดาป (ดีเซล / เบนซิน),"ราคา, ค่าน้ำมัน, สมรรถนะในการขับขี่, เทคโนโลยีและฟังก์ชันภายในรถ","ต่ำกว่า 500,000 บาท",เพื่อใช้ในการค้าขาย,มีแนวโน้มที่จะซื้อ,รถยนต์ไฟฟ้า (EV),"ประหยัดค่าเชื้อเพลิง, ความสะดวกในการใช้งาน, เป็นมิตรต่อสิ่งแวดล้อม, เทคโนโลยีและความทันสมัย",5,4,5,4,2,5,3,5,5,4,5,3,4,4,4,4,4,5,4,4,4
"23/7/2026, 20:41:58",ชาย,24-26 ปี,1 คน,ปริญญาตรี,อาชีพอิสระ,1-2 คน,ทาวน์โฮม / ทาวเฮาท์,เป็นเจ้าของ,มีที่จอดรถส่วนตัว,"ต่ำกว่า 15,000 บาท",มี,ขับทั้งในเมืองและนอกเมือง,ใช้งานทุกวัน,10-30 กิโลเมตร,"ราคาน้ำมัน, ศูนย์บริการและอะไหล่, อายุการใช้งาน, มูลค่าการขายต่อ","รถยนต์สันดาป (ดีเซล / เบนซิน), รถยนต์ไฮบริด (Hybrid)","ความสามารถในการผ่อนชำระ, ค่าซ่อมบำรุง, เทคโนโลยีและฟังก์ชันภายในรถ, ความคุ้มค่าโดยรวม, การรับประกันและบริการหลังการขาย","500,001-800,000 บาท","เพื่อใช้ในการค้าขาย, เพื่อหลีกเลี่ยงปัญหาจากระบบการขนส่งมวลชน",มีแนวโน้มที่จะซื้อ,รถยนต์ไฟฟ้า (EV),ค่าบำรุงรักษา,5,4,5,4,5,5,4,5,4,5,5,3,5,5,3,3,5,3,5,3,3
"23/7/2026, 20:42:00",หญิง,41-50 ปี,ไม่มีบุตร,ปวช. / ปวส.,พนักงานเอกชน,3-4 คน,ทาวน์โฮม / ทาวเฮาท์,เช่า,มีที่จอดรถส่วนตัว,"35,001-50,000 บาท","ไม่มี (หากตอบ ""ไม่มี"" ให้ข้ามไปตอบตอนที่ 3)",,,,,,"ความสามารถในการผ่อนชำระ, ค่าน้ำมัน, แบรนด์, ความคุ้มค่าโดยรวม, การรับประกันและบริการหลังการขาย","1,200,000-1,500,000 บาท","เพื่อใช้ในการเดินทางท่องเที่ยว, เพื่อความสะดวกในการเดินทาง, เพื่อหลีกเลี่ยงปัญหาจากระบบการขนส่งมวลชน",มีแนวโน้มที่จะซื้อ,รถยนต์ไฮบริด (Hybrid),"ราคาซื้อเริ่มต้น, ค่าบำรุงรักษา, เป็นมิตรต่อสิ่งแวดล้อม",3,4,4,5,3,4,4,4,3,4,3,5,5,4,5,4,5,5,4,4,4
"23/7/2026, 20:42:01",หญิง,20-23 ปี,ไม่มีบุตร,ปวช. / ปวส.,รัฐวิสาหกิจ,5 คนขึ้นไป,บ้านเดี่ยว / บ้านแฝด,เช่า,มีที่จอดรถส่วนกลาง / เช่า,"15,001-25,000 บาท",มี,ขับนอกเมือง,1-2 วัน / สัปดาห์,10-30 กิโลเมตร,"ศูนย์บริการและอะไหล่, อายุการใช้งาน","รถยนต์สันดาป (ดีเซล / เบนซิน), รถยนต์ไฟฟ้า (EV)","ราคา, ความสามารถในการผ่อนชำระ, สมรรถนะในการขับขี่, ความคุ้มค่าโดยรวม","500,001-800,000 บาท","เพื่อใช้ในการค้าขาย, เพื่อหลีกเลี่ยงปัญหาจากระบบการขนส่งมวลชน",มีแนวโน้มที่จะซื้อ,รถยนต์ไฮบริด (Hybrid),"ราคาซื้อเริ่มต้น, ประหยัดค่าเชื้อเพลิง, ความสะดวกในการใช้งาน",5,5,4,4,4,3,4,5,4,5,5,5,4,4,4,5,4,5,5,4,4
"23/7/2026, 20:42:02",หญิง,20-23 ปี,2 คน,ม.3,พนักงานเอกชน,1-2 คน,ทาวน์โฮม / ทาวเฮาท์,เช่า,มีที่จอดรถส่วนกลาง / เช่า,"25,001-35,000 บาท",มี,ขับนอกเมือง,5-6 วัน / สัปดาห์,น้อยกว่า 10 กิโลเมตร,"ศูนย์บริการและอะไหล่, อายุการใช้งาน",รถยนต์สันดาป (ดีเซล / เบนซิน),"ราคา, ความสามารถในการผ่อนชำระ, ค่าซ่อมบำรุง, ความคุ้มค่าโดยรวม, การรับประกันและบริการหลังการขาย","500,001-800,000 บาท",เพื่อความสะดวกในการเดินทาง,มีแนวโน้มที่จะซื้อ,รถยนต์ไฮบริด (Hybrid),"ราคาซื้อเริ่มต้น, ประหยัดค่าเชื้อเพลิง",5,3,5,5,4,5,3,5,5,5,3,5,4,5,4,5,4,4,4,5,4
"23/7/2026, 20:42:03",ชาย,51-60 ปี,2 คน,ปวช. / ปวส.,พนักงานเอกชน,3-4 คน,ทาวน์โฮม / ทาวเฮาท์,เช่า,มีที่จอดรถส่วนตัว,"50,001-75,000 บาท",มี,ขับนอกเมือง,5-6 วัน / สัปดาห์,น้อยกว่า 10 กิโลเมตร,"ราคาน้ำมัน, ปั๊มน้ำมัน / สถานีชาร์จ, มูลค่าการขายต่อ","รถยนต์สันดาป (ดีเซล / เบนซิน), รถยนต์ไฮบริด (Hybrid)","ราคา, ความสามารถในการผ่อนชำระ, แบรนด์, เทคโนโลยีและฟังก์ชันภายในรถ, ความคุ้มค่าโดยรวม, การรับประกันและบริการหลังการขาย","1,200,000-1,500,000 บาท",เพื่อใช้ในการค้าขาย,ยังไม่มีแนวโน้มที่จะซื้อ,รถยนต์ไฮบริด (Hybrid),ประหยัดค่าเชื้อเพลิง,4,4,5,5,5,4,5,3,4,5,5,4,4,5,5,3,4,4,4,5,4
"23/7/2026, 20:42:04",หญิง,20-23 ปี,มากกว่า 3 คน,ปวช. / ปวส.,รัฐวิสาหกิจ,1-2 คน,บ้านเดี่ยว / บ้านแฝด,เช่า,มีที่จอดรถส่วนกลาง / เช่า,"25,001-35,000 บาท","ไม่มี (หากตอบ ""ไม่มี"" ให้ข้ามไปตอบตอนที่ 3)",,,,,,"ค่าซ่อมบำรุง, การรับประกันและบริการหลังการขาย","800,001-1,200,000 บาท","เพื่อความสะดวกในการเดินทาง, เพื่อหลีกเลี่ยงปัญหาจากระบบการขนส่งมวลชน",มีแนวโน้มที่จะซื้อ,รถยนต์ไฮบริด (Hybrid),"ราคาซื้อเริ่มต้น, ประหยัดค่าเชื้อเพลิง",4,4,4,5,5,4,4,4,4,5,5,2,5,4,3,2,3,3,5,5,4
"23/7/2026, 20:42:06",ชาย,27-30 ปี,2 คน,ม.6,ข้าราชการ,1-2 คน,ทาวน์โฮม / ทาวเฮาท์,เช่า,มีที่จอดรถส่วนตัว,"ต่ำกว่า 15,000 บาท","ไม่มี (หากตอบ ""ไม่มี"" ให้ข้ามไปตอบตอนที่ 3)",,,,,,"แบรนด์, ความคุ้มค่าโดยรวม, การรับประกันและบริการหลังการขาย","500,001-800,000 บาท","เพื่อความสะดวกในการเดินทาง, เพื่อหลีกเลี่ยงปัญหาจากระบบการขนส่งมวลชน",มีแนวโน้มที่จะซื้อ,รถยนต์สันดาป (ดีเซล / เบนซิน),ความสะดวกในการใช้งาน,4,4,3,4,5,4,5,4,4,4,5,4,4,4,3,5,5,4,5,4,5
"23/7/2026, 20:42:06",ชาย,51-60 ปี,ไม่มีบุตร,ปริญญาเอก,พนักงานเอกชน,3-4 คน,ทาวน์โฮม / ทาวเฮาท์,พักอาศัยกับครอบครัว / ผู้อื่น,มีที่จอดรถส่วนกลาง / เช่า,"ต่ำกว่า 15,000 บาท","ไม่มี (หากตอบ ""ไม่มี"" ให้ข้ามไปตอบตอนที่ 3)",,,,,,"ความสามารถในการผ่อนชำระ, ค่าน้ำมัน, ค่าซ่อมบำรุง, แบรนด์, เทคโนโลยีและฟังก์ชันภายในรถ","500,001-800,000 บาท",เพื่อใช้ในการค้าขาย,ยังไม่มีแนวโน้มที่จะซื้อ,รถยนต์ไฟฟ้า (EV),"ราคาซื้อเริ่มต้น, เทคโนโลยีและความทันสมัย",4,4,5,3,5,5,3,4,5,5,5,4,4,4,5,5,5,5,3,4,4
"23/7/2026, 20:42:08",ชาย,41-50 ปี,2 คน,ปริญญาตรี,ข้าราชการ,1-2 คน,ทาวน์โฮม / ทาวเฮาท์,เช่า,มีที่จอดรถส่วนกลาง / เช่า,"35,001-50,000 บาท",มี,ขับทั้งในเมืองและนอกเมือง,5-6 วัน / สัปดาห์,31-50 กิโลเมตร,"ปั๊มน้ำมัน / สถานีชาร์จ, ศูนย์บริการและอะไหล่, อายุการใช้งาน, ค่าใช้จ่ายในการซ่อมบำรุง",รถยนต์สันดาป (ดีเซล / เบนซิน),"ความสามารถในการผ่อนชำระ, ค่าซ่อมบำรุง, แบรนด์, ความคุ้มค่าโดยรวม, การรับประกันและบริการหลังการขาย","มากกว่า 1,500,000 บาท",เพื่อความสะดวกในการเดินทาง,มีแนวโน้มที่จะซื้อ,รถยนต์ไฮบริด (Hybrid),ประหยัดค่าเชื้อเพลิง,3,4,4,4,5,4,4,5,5,4,5,3,3,4,5,3,5,5,4,4,5
"23/7/2026, 20:42:10",ชาย,20-23 ปี,มากกว่า 3 คน,ปริญญาตรี,อาชีพอิสระ,1-2 คน,ทาวน์โฮม / ทาวเฮาท์,พักอาศัยกับครอบครัว / ผู้อื่น,ไม่มีที่จอดรถ,"25,001-35,000 บาท","ไม่มี (หากตอบ ""ไม่มี"" ให้ข้ามไปตอบตอนที่ 3)",,,,,,"ราคา, ค่าไฟฟ้า, ค่าซ่อมบำรุง, เทคโนโลยีและฟังก์ชันภายในรถ, ความคุ้มค่าโดยรวม","500,001-800,000 บาท","เพื่อใช้ในการค้าขาย, เพื่อความสะดวกในการเดินทาง",มีแนวโน้มที่จะซื้อ,รถยนต์ไฟฟ้า (EV),ประหยัดค่าเชื้อเพลิง,5,5,5,5,5,4,2,4,5,4,3,5,5,5,3,4,3,5,5,4,3
"23/7/2026, 20:42:10",ชาย,27-30 ปี,1 คน,ปวช. / ปวส.,เจ้าของกิจการ,1-2 คน,ทาวน์โฮม / ทาวเฮาท์,พักอาศัยกับครอบครัว / ผู้อื่น,มีที่จอดรถส่วนกลาง / เช่า,"35,001-50,000 บาท",มี,ขับในเมือง,5-6 วัน / สัปดาห์,น้อยกว่า 10 กิโลเมตร,"ราคาน้ำมัน, ปั๊มน้ำมัน / สถานีชาร์จ, ศูนย์บริการและอะไหล่",รถยนต์สันดาป (ดีเซล / เบนซิน),"ราคา, รูปลักษณ์ / ดีไซน์, ความคุ้มค่าโดยรวม, การรับประกันและบริการหลังการขาย","800,001-1,200,000 บาท","เพื่อใช้ในการเดินทางท่องเที่ยว, เพื่อหลีกเลี่ยงปัญหาจากระบบการขนส่งมวลชน",มีแนวโน้มที่จะซื้อ,รถยนต์ไฮบริด (Hybrid),"ราคาซื้อเริ่มต้น, ประหยัดค่าเชื้อเพลิง, ค่าบำรุงรักษา, ความสะดวกในการใช้งาน, เทคโนโลยีและความทันสมัย",4,5,4,5,2,4,2,5,4,4,4,5,4,3,5,3,5,4,5,4,4
"23/7/2026, 20:42:12",หญิง,31-40 ปี,2 คน,ม.6,รัฐวิสาหกิจ,3-4 คน,บ้านเดี่ยว / บ้านแฝด,เช่า,มีที่จอดรถส่วนกลาง / เช่า,"25,001-35,000 บาท",มี,ขับนอกเมือง,ใช้เป็นครั้งคราว,น้อยกว่า 10 กิโลเมตร,"ปั๊มน้ำมัน / สถานีชาร์จ, ศูนย์บริการและอะไหล่","รถยนต์สันดาป (ดีเซล / เบนซิน), รถยนต์ไฮบริด (Hybrid)","ราคา, ค่าซ่อมบำรุง, แบรนด์, การรับประกันและบริการหลังการขาย","800,001-1,200,000 บาท","เพื่อใช้ในการเดินทางไปทำงาน, เพื่อใช้ในการค้าขาย",มีแนวโน้มที่จะซื้อ,รถยนต์ไฮบริด (Hybrid),"ประหยัดค่าเชื้อเพลิง, เป็นมิตรต่อสิ่งแวดล้อม, เทคโนโลยีและความทันสมัย",5,3,3,5,5,4,4,4,5,5,5,5,5,5,5,5,4,4,5,4,4
"23/7/2026, 20:42:13",หญิง,41-50 ปี,1 คน,ม.3,ค้าขาย,1-2 คน,คอนโด / อพาร์ตเมนต์ / หอพัก,เช่า,มีที่จอดรถส่วนตัว,"15,001-25,000 บาท",มี,ขับทั้งในเมืองและนอกเมือง,5-6 วัน / สัปดาห์,น้อยกว่า 10 กิโลเมตร,"ราคาน้ำมัน, ศูนย์บริการและอะไหล่, อายุการใช้งาน, ค่าใช้จ่ายในการซ่อมบำรุง",รถยนต์สันดาป (ดีเซล / เบนซิน),"ความสามารถในการผ่อนชำระ, ค่าน้ำมัน, ค่าซ่อมบำรุง, ความคุ้มค่าโดยรวม","500,001-800,000 บาท","เพื่อใช้ในการเดินทางไปทำงาน, เพื่อใช้ในการค้าขาย, เพื่อความสะดวกในการเดินทาง",มีแนวโน้มที่จะซื้อ,รถยนต์สันดาป (ดีเซล / เบนซิน),"ราคาซื้อเริ่มต้น, ประหยัดค่าเชื้อเพลิง, เป็นมิตรต่อสิ่งแวดล้อม",4,4,5,4,4,5,4,4,5,5,5,3,5,4,4,4,3,5,4,5,4
"23/7/2026, 20:42:14",หญิง,51-60 ปี,2 คน,ม.3,เจ้าของกิจการ,5 คนขึ้นไป,บ้านเดี่ยว / บ้านแฝด,เช่า,ไม่มีที่จอดรถ,"50,001-75,000 บาท",มี,ขับในเมือง,ใช้งานทุกวัน,10-30 กิโลเมตร,ศูนย์บริการและอะไหล่,รถยนต์ไฟฟ้า (EV),"ราคา, ความสามารถในการผ่อนชำระ, ค่าน้ำมัน, ความคุ้มค่าโดยรวม","ต่ำกว่า 500,000 บาท",เพื่อความสะดวกในการเดินทาง,ยังไม่มีแนวโน้มที่จะซื้อ,รถยนต์ไฮบริด (Hybrid),"เป็นมิตรต่อสิ่งแวดล้อม, เทคโนโลยีและความทันสมัย",5,5,5,4,5,5,4,5,4,5,4,4,3,5,4,3,5,3,5,3,4
"23/7/2026, 20:42:15",ชาย,31-40 ปี,ไม่มีบุตร,ปริญญาโท,รัฐวิสาหกิจ,1-2 คน,คอนโด / อพาร์ตเมนต์ / หอพัก,เป็นเจ้าของ,มีที่จอดรถส่วนกลาง / เช่า,"35,001-50,000 บาท",มี,ขับทั้งในเมืองและนอกเมือง,ใช้เป็นครั้งคราว,10-30 กิโลเมตร,ศูนย์บริการและอะไหล่,รถยนต์สันดาป (ดีเซล / เบนซิน),"ราคา, ค่าน้ำมัน, ค่าซ่อมบำรุง, ความคุ้มค่าโดยรวม","800,001-1,200,000 บาท","เพื่อใช้ในการค้าขาย, เพื่อความสะดวกในการเดินทาง",มีแนวโน้มที่จะซื้อ,รถยนต์ไฟฟ้า (EV),"ประหยัดค่าเชื้อเพลิง, เป็นมิตรต่อสิ่งแวดล้อม, เทคโนโลยีและความทันสมัย",4,4,5,4,5,5,4,4,5,4,5,4,5,5,5,4,5,3,2,4,5
"23/7/2026, 20:42:16",ชาย,41-50 ปี,2 คน,ม.3,ข้าราชการ,3-4 คน,ทาวน์โฮม / ทาวเฮาท์,พักอาศัยกับครอบครัว / ผู้อื่น,มีที่จอดรถส่วนตัว,"ต่ำกว่า 15,000 บาท","ไม่มี (หากตอบ ""ไม่มี"" ให้ข้ามไปตอบตอนที่ 3)",,,,,,"แบรนด์, ความคุ้มค่าโดยรวม","500,001-800,000 บาท","เพื่อใช้ในการค้าขาย, เพื่อความสะดวกในการเดินทาง, เพื่อหลีกเลี่ยงปัญหาจากระบบการขนส่งมวลชน",ยังไม่มีแนวโน้มที่จะซื้อ,รถยนต์ไฟฟ้า (EV),"ราคาซื้อเริ่มต้น, ประหยัดค่าเชื้อเพลิง, ค่าบำรุงรักษา, ความสะดวกในการใช้งาน",4,4,4,4,5,5,5,5,5,5,5,5,4,5,4,4,4,5,5,4,3
"23/7/2026, 20:42:17",ชาย,มากกว่า 60 ปี,1 คน,ปวช. / ปวส.,ข้าราชการ,1-2 คน,ทาวน์โฮม / ทาวเฮาท์,เช่า,มีที่จอดรถส่วนกลาง / เช่า,"15,001-25,000 บาท","ไม่มี (หากตอบ ""ไม่มี"" ให้ข้ามไปตอบตอนที่ 3)",,,,,,"ความสามารถในการผ่อนชำระ, แบรนด์, ความคุ้มค่าโดยรวม","500,001-800,000 บาท","เพื่อใช้ในการเดินทางไปทำงาน, เพื่อความสะดวกในการเดินทาง, เพื่อหลีกเลี่ยงปัญหาจากระบบการขนส่งมวลชน",ยังไม่มีแนวโน้มที่จะซื้อ,รถยนต์ไฟฟ้า (EV),"ประหยัดค่าเชื้อเพลิง, เทคโนโลยีและความทันสมัย",4,5,5,5,4,5,5,5,4,5,4,4,5,4,5,4,5,5,4,3,3
"23/7/2026, 20:42:18",หญิง,41-50 ปี,2 คน,ปริญญาตรี,พนักงานเอกชน,1-2 คน,ทาวน์โฮม / ทาวเฮาท์,พักอาศัยกับครอบครัว / ผู้อื่น,ไม่มีที่จอดรถ,"ต่ำกว่า 15,000 บาท","ไม่มี (หากตอบ ""ไม่มี"" ให้ข้ามไปตอบตอนที่ 3)",,,,,,"ราคา, ค่าซ่อมบำรุง, สมรรถนะในการขับขี่, รูปลักษณ์ / ดีไซน์, แบรนด์, ความคุ้มค่าโดยรวม","ต่ำกว่า 500,000 บาท",เพื่อความสะดวกในการเดินทาง,มีแนวโน้มที่จะซื้อ,รถยนต์ไฮบริด (Hybrid),"ราคาซื้อเริ่มต้น, ประหยัดค่าเชื้อเพลิง, ค่าบำรุงรักษา, เป็นมิตรต่อสิ่งแวดล้อม, เทคโนโลยีและความทันสมัย",5,5,5,5,4,5,4,4,3,3,5,5,4,4,5,4,4,4,3,4,4
"23/7/2026, 20:42:19",ชาย,27-30 ปี,ไม่มีบุตร,ปวช. / ปวส.,เจ้าของกิจการ,1-2 คน,บ้านเดี่ยว / บ้านแฝด,เช่า,มีที่จอดรถส่วนตัว,"15,001-25,000 บาท","ไม่มี (หากตอบ ""ไม่มี"" ให้ข้ามไปตอบตอนที่ 3)",,,,,,"ราคา, แบรนด์, เทคโนโลยีและฟังก์ชันภายในรถ","500,001-800,000 บาท",เพื่อความสะดวกในการเดินทาง,มีแนวโน้มที่จะซื้อ,รถยนต์ไฮบริด (Hybrid),ความสะดวกในการใช้งาน,4,3,4,4,5,5,5,3,5,5,5,5,3,5,4,4,5,5,5,5,4
"23/7/2026, 20:42:20",ชาย,51-60 ปี,1 คน,ม.6,พนักงานเอกชน,5 คนขึ้นไป,ทาวน์โฮม / ทาวเฮาท์,เช่า,มีที่จอดรถส่วนกลาง / เช่า,"35,001-50,000 บาท",มี,ขับในเมือง,ใช้งานทุกวัน,31-50 กิโลเมตร,"ราคาน้ำมัน, ปั๊มน้ำมัน / สถานีชาร์จ, ศูนย์บริการและอะไหล่, อายุการใช้งาน",รถยนต์ไฮบริด (Hybrid),"ราคา, ความคุ้มค่าโดยรวม, การรับประกันและบริการหลังการขาย","800,001-1,200,000 บาท","เพื่อความสะดวกในการเดินทาง, เพื่อหลีกเลี่ยงปัญหาจากระบบการขนส่งมวลชน",ยังไม่มีแนวโน้มที่จะซื้อ,รถยนต์ไฮบริด (Hybrid),เทคโนโลยีและความทันสมัย,3,4,2,5,5,4,5,3,5,4,5,3,4,3,4,5,5,4,3,3,5
"23/7/2026, 20:42:21",หญิง,31-40 ปี,1 คน,ม.3,รัฐวิสาหกิจ,1-2 คน,บ้านเดี่ยว / บ้านแฝด,พักอาศัยกับครอบครัว / ผู้อื่น,มีที่จอดรถส่วนตัว,"25,001-35,000 บาท",มี,ขับในเมือง,1-2 วัน / สัปดาห์,น้อยกว่า 10 กิโลเมตร,"ศูนย์บริการและอะไหล่, อายุการใช้งาน, ค่าใช้จ่ายในการซ่อมบำรุง, มูลค่าการขายต่อ",รถยนต์สันดาป (ดีเซล / เบนซิน),"ราคา, แบรนด์, ความคุ้มค่าโดยรวม","800,001-1,200,000 บาท",เพื่อความสะดวกในการเดินทาง,ยังไม่มีแนวโน้มที่จะซื้อ,รถยนต์ไฟฟ้า (EV),ประหยัดค่าเชื้อเพลิง,4,5,4,5,5,5,4,4,3,5,5,5,3,4,3,4,5,5,5,2,5
"23/7/2026, 22:26:21",ชาย,41-50 ปี,ไม่มีบุตร,ม.6,ข้าราชการ,1-2 คน,ทาวน์โฮม / ทาวเฮาท์,เช่า,มีที่จอดรถส่วนตัว,"15,001-25,000 บาท",มี,ขับทั้งในเมืองและนอกเมือง,5-6 วัน / สัปดาห์,10-30 กิโลเมตร,ราคาน้ำมัน,"รถยนต์สันดาป (ดีเซล / เบนซิน), รถยนต์ไฟฟ้า (EV)","ค่าน้ำมัน, สมรรถนะในการขับขี่, รูปลักษณ์ / ดีไซน์","500,001-800,000 บาท","เพื่อใช้ในการเดินทางไปทำงาน, เพื่อใช้ในการเดินทางท่องเที่ยว, เพื่อความสะดวกในการเดินทาง",ยังไม่มีแนวโน้มที่จะซื้อ,รถยนต์ไฟฟ้า (EV),ความสะดวกในการใช้งาน,5,4,4,5,4,5,4,3,5,4,4,3,5,4,5,3,4,5,4,4,4
"23/7/2026, 22:26:22",หญิง,31-40 ปี,3 คน,ต่ำกว่า ม.3,รัฐวิสาหกิจ,1-2 คน,ทาวน์โฮม / ทาวเฮาท์,เป็นเจ้าของ,มีที่จอดรถส่วนตัว,"15,001-25,000 บาท",มี,ขับนอกเมือง,ใช้เป็นครั้งคราว,น้อยกว่า 10 กิโลเมตร,"ราคาน้ำมัน, ค่าไฟฟ้า",รถยนต์ไฮบริด (Hybrid),ค่าซ่อมบำรุง,"500,001-800,000 บาท",เพื่อหลีกเลี่ยงปัญหาจากระบบการขนส่งมวลชน,ยังไม่มีแนวโน้มที่จะซื้อ,รถยนต์สันดาป (ดีเซล / เบนซิน),"ค่าบำรุงรักษา, ความสะดวกในการใช้งาน",3,5,4,5,5,5,5,5,4,4,4,3,4,4,5,3,5,4,3,4,4
"23/7/2026, 22:26:23",หญิง,20-23 ปี,ไม่มีบุตร,ม.6,นักเรียน / นักศึกษา,1-2 คน,ทาวน์โฮม / ทาวเฮาท์,เป็นเจ้าของ,มีที่จอดรถส่วนตัว,"25,001-35,000 บาท",มี,ขับในเมือง,1-2 วัน / สัปดาห์,น้อยกว่า 10 กิโลเมตร,"ราคาน้ำมัน, อายุการใช้งาน",รถยนต์สันดาป (ดีเซล / เบนซิน),สมรรถนะในการขับขี่,"500,001-800,000 บาท",เพื่อใช้ในการเดินทางไปทำงาน,มีแนวโน้มที่จะซื้อ,รถยนต์สันดาป (ดีเซล / เบนซิน),ความสะดวกในการใช้งาน,5,4,4,5,5,4,5,5,5,3,5,5,4,3,5,5,4,4,5,4,4
"23/7/2026, 22:26:25",หญิง,31-40 ปี,ไม่มีบุตร,ม.3,รัฐวิสาหกิจ,5 คนขึ้นไป,ทาวน์โฮม / ทาวเฮาท์,เป็นเจ้าของ,มีที่จอดรถส่วนตัว,"35,001-50,000 บาท","ไม่มี (หากตอบ ""ไม่มี"" ให้ข้ามไปตอบตอนที่ 3)",,,,,,ค่าน้ำมัน,"500,001-800,000 บาท",เพื่อใช้ในการเดินทางไปทำงาน,ยังไม่มีแนวโน้มที่จะซื้อ,รถยนต์ไฮบริด (Hybrid),"ราคาซื้อเริ่มต้น, ค่าบำรุงรักษา",5,5,4,4,5,4,4,5,5,5,3,5,5,4,3,4,4,4,5,5,5
"23/7/2026, 22:26:25",หญิง,20-23 ปี,ไม่มีบุตร,ปริญญาตรี,พนักงานเอกชน,5 คนขึ้นไป,ทาวน์โฮม / ทาวเฮาท์,พักอาศัยกับครอบครัว / ผู้อื่น,มีที่จอดรถส่วนตัว,"15,001-25,000 บาท",มี,ขับในเมือง,1-2 วัน / สัปดาห์,31-50 กิโลเมตร,"ค่าไฟฟ้า, อายุการใช้งาน",รถยนต์สันดาป (ดีเซล / เบนซิน),"สมรรถนะในการขับขี่, การรับประกันและบริการหลังการขาย","1,200,000-1,500,000 บาท",เพื่อใช้ในการเดินทางท่องเที่ยว,ยังไม่มีแนวโน้มที่จะซื้อ,รถยนต์ไฟฟ้า (EV),"ราคาซื้อเริ่มต้น, ค่าบำรุงรักษา",5,4,4,5,5,3,4,4,4,4,4,4,4,5,3,4,5,5,4,5,3
"23/7/2026, 22:26:26",หญิง,20-23 ปี,ไม่มีบุตร,ต่ำกว่า ม.3,นักเรียน / นักศึกษา,1-2 คน,ทาวน์โฮม / ทาวเฮาท์,เช่า,ไม่มีที่จอดรถ,"35,001-50,000 บาท",มี,ขับทั้งในเมืองและนอกเมือง,1-2 วัน / สัปดาห์,น้อยกว่า 10 กิโลเมตร,ราคาน้ำมัน,รถยนต์สันดาป (ดีเซล / เบนซิน),"ค่าน้ำมัน, ค่าซ่อมบำรุง","500,001-800,000 บาท",เพื่อใช้ในการเดินทางไปทำงาน,มีแนวโน้มที่จะซื้อ,รถยนต์สันดาป (ดีเซล / เบนซิน),"ความสะดวกในการใช้งาน, เทคโนโลยีและความทันสมัย",4,4,5,5,4,5,4,4,5,5,5,4,5,3,4,5,5,5,4,4,5
"23/7/2026, 22:26:27",ชาย,27-30 ปี,ไม่มีบุตร,ปวช. / ปวส.,ค้าขาย,5 คนขึ้นไป,ทาวน์โฮม / ทาวเฮาท์,เป็นเจ้าของ,มีที่จอดรถส่วนตัว,"ต่ำกว่า 15,000 บาท","ไม่มี (หากตอบ ""ไม่มี"" ให้ข้ามไปตอบตอนที่ 3)",,,,,,การรับประกันและบริการหลังการขาย,"500,001-800,000 บาท",เพื่อใช้ในการเดินทางไปทำงาน,ยังไม่มีแนวโน้มที่จะซื้อ,รถยนต์สันดาป (ดีเซล / เบนซิน),"ราคาซื้อเริ่มต้น, ค่าบำรุงรักษา",4,5,5,5,4,5,4,4,5,5,4,3,5,5,3,5,5,4,5,5,5
"23/7/2026, 22:26:28",ชาย,20-23 ปี,1 คน,ปริญญาเอก,อาชีพอิสระ,1-2 คน,ทาวน์โฮม / ทาวเฮาท์,เช่า,มีที่จอดรถส่วนตัว,"15,001-25,000 บาท",มี,ขับทั้งในเมืองและนอกเมือง,ใช้เป็นครั้งคราว,น้อยกว่า 10 กิโลเมตร,"ราคาน้ำมัน, อายุการใช้งาน",รถยนต์สันดาป (ดีเซล / เบนซิน),"รูปลักษณ์ / ดีไซน์, การรับประกันและบริการหลังการขาย","ต่ำกว่า 500,000 บาท",เพื่อใช้ในการเดินทางไปทำงาน,ยังไม่มีแนวโน้มที่จะซื้อ,รถยนต์ไฮบริด (Hybrid),ราคาซื้อเริ่มต้น,4,4,4,5,5,5,5,5,4,5,5,3,5,4,5,5,5,3,5,5,5
"23/7/2026, 22:26:29",หญิง,31-40 ปี,1 คน,ม.6,ข้าราชการ,5 คนขึ้นไป,ทาวน์โฮม / ทาวเฮาท์,พักอาศัยกับครอบครัว / ผู้อื่น,มีที่จอดรถส่วนตัว,"25,001-35,000 บาท","ไม่มี (หากตอบ ""ไม่มี"" ให้ข้ามไปตอบตอนที่ 3)",,,,,,"สมรรถนะในการขับขี่, เทคโนโลยีและฟังก์ชันภายในรถ","800,001-1,200,000 บาท","เพื่อใช้ในการเดินทางไปทำงาน, เพื่อใช้ในการค้าขาย",ยังไม่มีแนวโน้มที่จะซื้อ,รถยนต์ไฟฟ้า (EV),"ราคาซื้อเริ่มต้น, ค่าบำรุงรักษา, ความสะดวกในการใช้งาน",5,5,4,4,4,5,3,5,5,5,3,5,5,5,2,5,5,3,5,5,5
"23/7/2026, 22:26:30",ชาย,31-40 ปี,ไม่มีบุตร,ต่ำกว่า ม.3,นักเรียน / นักศึกษา,1-2 คน,ทาวน์โฮม / ทาวเฮาท์,พักอาศัยกับครอบครัว / ผู้อื่น,มีที่จอดรถส่วนตัว,"25,001-35,000 บาท",มี,ขับในเมือง,5-6 วัน / สัปดาห์,51-70 กิโลเมตร,ราคาน้ำมัน,"รถยนต์ไฮบริด (Hybrid), รถยนต์ไฟฟ้า (EV)","ความสามารถในการผ่อนชำระ, ค่าน้ำมัน","500,001-800,000 บาท","เพื่อใช้ในการเดินทางไปทำงาน, เพื่อใช้ในการเดินทางท่องเที่ยว",ยังไม่มีแนวโน้มที่จะซื้อ,รถยนต์สันดาป (ดีเซล / เบนซิน),ค่าบำรุงรักษา,5,5,5,5,5,4,4,5,4,4,4,4,4,4,4,4,4,4,5,4,5
"23/7/2026, 22:26:31",ชาย,27-30 ปี,ไม่มีบุตร,ปวช. / ปวส.,นักเรียน / นักศึกษา,5 คนขึ้นไป,ทาวน์โฮม / ทาวเฮาท์,เช่า,มีที่จอดรถส่วนตัว,"50,001-75,000 บาท","ไม่มี (หากตอบ ""ไม่มี"" ให้ข้ามไปตอบตอนที่ 3)",,,,,,"สมรรถนะในการขับขี่, รูปลักษณ์ / ดีไซน์","800,001-1,200,000 บาท",เพื่อใช้ในการเดินทางไปทำงาน,มีแนวโน้มที่จะซื้อ,รถยนต์ไฟฟ้า (EV),ค่าบำรุงรักษา,5,4,5,4,5,4,4,5,3,5,5,4,5,5,4,4,4,5,4,3,5
"23/7/2026, 22:26:32",ชาย,27-30 ปี,1 คน,ปริญญาโท,นักเรียน / นักศึกษา,1-2 คน,ทาวน์โฮม / ทาวเฮาท์,เช่า,มีที่จอดรถส่วนตัว,"25,001-35,000 บาท",มี,ขับในเมือง,ใช้เป็นครั้งคราว,71-90 กิโลเมตร,ราคาน้ำมัน,"รถยนต์ไฮบริด (Hybrid), รถยนต์ไฟฟ้า (EV)","ความสามารถในการผ่อนชำระ, รูปลักษณ์ / ดีไซน์, แบรนด์","500,001-800,000 บาท",เพื่อหลีกเลี่ยงปัญหาจากระบบการขนส่งมวลชน,ยังไม่มีแนวโน้มที่จะซื้อ,รถยนต์ไฟฟ้า (EV),ค่าบำรุงรักษา,4,4,4,3,5,4,4,3,5,4,5,5,5,4,4,3,5,5,5,4,5
"23/7/2026, 22:26:33",หญิง,41-50 ปี,2 คน,ปริญญาตรี,นักเรียน / นักศึกษา,1-2 คน,ทาวน์โฮม / ทาวเฮาท์,เช่า,มีที่จอดรถส่วนตัว,"15,001-25,000 บาท",มี,ขับในเมือง,3-4 วัน / สัปดาห์,31-50 กิโลเมตร,ราคาน้ำมัน,"รถยนต์ไฮบริด (Hybrid), รถยนต์ไฟฟ้า (EV)",สมรรถนะในการขับขี่,"1,200,000-1,500,000 บาท",เพื่อใช้ในการเดินทางไปทำงาน,ยังไม่มีแนวโน้มที่จะซื้อ,รถยนต์ไฮบริด (Hybrid),ความสะดวกในการใช้งาน,5,4,4,5,4,5,4,5,5,3,5,4,5,5,3,5,4,5,5,3,3
"23/7/2026, 22:26:33",ชาย,24-26 ปี,ไม่มีบุตร,ปริญญาโท,นักเรียน / นักศึกษา,1-2 คน,ทาวน์โฮม / ทาวเฮาท์,เช่า,มีที่จอดรถส่วนกลาง / เช่า,"25,001-35,000 บาท","ไม่มี (หากตอบ ""ไม่มี"" ให้ข้ามไปตอบตอนที่ 3)",,,,,,ค่าซ่อมบำรุง,"500,001-800,000 บาท",เพื่อหลีกเลี่ยงปัญหาจากระบบการขนส่งมวลชน,ยังไม่มีแนวโน้มที่จะซื้อ,รถยนต์สันดาป (ดีเซล / เบนซิน),ค่าบำรุงรักษา,4,4,5,5,4,4,4,4,5,5,5,4,5,4,3,4,4,4,5,5,3
"23/7/2026, 22:26:34",หญิง,31-40 ปี,ไม่มีบุตร,ปริญญาตรี,พนักงานเอกชน,1-2 คน,ทาวน์โฮม / ทาวเฮาท์,เช่า,ไม่มีที่จอดรถ,"25,001-35,000 บาท",มี,ขับทั้งในเมืองและนอกเมือง,ใช้เป็นครั้งคราว,31-50 กิโลเมตร,ราคาน้ำมัน,รถยนต์สันดาป (ดีเซล / เบนซิน),สมรรถนะในการขับขี่,"800,001-1,200,000 บาท",เพื่อหลีกเลี่ยงปัญหาจากระบบการขนส่งมวลชน,ยังไม่มีแนวโน้มที่จะซื้อ,รถยนต์สันดาป (ดีเซล / เบนซิน),ราคาซื้อเริ่มต้น,5,5,4,5,3,5,5,4,4,4,4,5,4,4,4,4,4,5,4,3,4
"23/7/2026, 22:26:35",ชาย,41-50 ปี,ไม่มีบุตร,ปริญญาโท,รัฐวิสาหกิจ,1-2 คน,ทาวน์โฮม / ทาวเฮาท์,เช่า,ไม่มีที่จอดรถ,"15,001-25,000 บาท",มี,ขับในเมือง,ใช้เป็นครั้งคราว,น้อยกว่า 10 กิโลเมตร,"ราคาน้ำมัน, มูลค่าการขายต่อ","รถยนต์สันดาป (ดีเซล / เบนซิน), รถยนต์ไฮบริด (Hybrid), รถยนต์ไฟฟ้า (EV)","ค่าน้ำมัน, สมรรถนะในการขับขี่, การรับประกันและบริการหลังการขาย","500,001-800,000 บาท",เพื่อใช้ในการค้าขาย,ยังไม่มีแนวโน้มที่จะซื้อ,รถยนต์ไฟฟ้า (EV),ราคาซื้อเริ่มต้น,4,5,5,4,3,3,5,3,4,5,3,3,4,3,5,3,4,3,4,4,4
"23/7/2026, 22:26:36",หญิง,41-50 ปี,1 คน,ปริญญาตรี,ค้าขาย,3-4 คน,ทาวน์โฮม / ทาวเฮาท์,เช่า,มีที่จอดรถส่วนตัว,"25,001-35,000 บาท","ไม่มี (หากตอบ ""ไม่มี"" ให้ข้ามไปตอบตอนที่ 3)",,,,,,สมรรถนะในการขับขี่,"800,001-1,200,000 บาท",เพื่อหลีกเลี่ยงปัญหาจากระบบการขนส่งมวลชน,ยังไม่มีแนวโน้มที่จะซื้อ,รถยนต์สันดาป (ดีเซล / เบนซิน),ค่าบำรุงรักษา,5,5,4,4,5,5,4,4,5,5,5,5,4,5,5,5,5,3,5,3,4
"23/7/2026, 22:26:37",ชาย,20-23 ปี,มากกว่า 3 คน,ปริญญาตรี,ข้าราชการ,1-2 คน,คอนโด / อพาร์ตเมนต์ / หอพัก,เช่า,มีที่จอดรถส่วนตัว,"25,001-35,000 บาท","ไม่มี (หากตอบ ""ไม่มี"" ให้ข้ามไปตอบตอนที่ 3)",,,,,,สมรรถนะในการขับขี่,"1,200,000-1,500,000 บาท",เพื่อใช้ในการเดินทางไปทำงาน,มีแนวโน้มที่จะซื้อ,รถยนต์สันดาป (ดีเซล / เบนซิน),ค่าบำรุงรักษา,4,4,5,4,4,4,3,4,5,5,4,3,5,3,5,5,5,4,4,5,4
"23/7/2026, 22:26:38",ชาย,31-40 ปี,1 คน,ปริญญาโท,เจ้าของกิจการ,1-2 คน,ทาวน์โฮม / ทาวเฮาท์,พักอาศัยกับครอบครัว / ผู้อื่น,มีที่จอดรถส่วนกลาง / เช่า,"25,001-35,000 บาท","ไม่มี (หากตอบ ""ไม่มี"" ให้ข้ามไปตอบตอนที่ 3)",,,,,,"ค่าน้ำมัน, รูปลักษณ์ / ดีไซน์","800,001-1,200,000 บาท",เพื่อใช้ในการเดินทางท่องเที่ยว,ยังไม่มีแนวโน้มที่จะซื้อ,รถยนต์สันดาป (ดีเซล / เบนซิน),ค่าบำรุงรักษา,4,3,5,5,5,5,5,5,5,5,5,5,4,4,3,4,5,4,4,5,3
"23/7/2026, 22:26:39",ชาย,20-23 ปี,ไม่มีบุตร,ต่ำกว่า ม.3,เจ้าของกิจการ,1-2 คน,ทาวน์โฮม / ทาวเฮาท์,เป็นเจ้าของ,มีที่จอดรถส่วนตัว,"ต่ำกว่า 15,000 บาท",มี,ขับนอกเมือง,ใช้เป็นครั้งคราว,71-90 กิโลเมตร,"ราคาน้ำมัน, ค่าไฟฟ้า",รถยนต์สันดาป (ดีเซล / เบนซิน),สมรรถนะในการขับขี่,"800,001-1,200,000 บาท",เพื่อใช้ในการเดินทางไปทำงาน,ยังไม่มีแนวโน้มที่จะซื้อ,รถยนต์ไฮบริด (Hybrid),ค่าบำรุงรักษา,5,5,5,5,5,5,4,3,4,5,3,5,4,5,5,5,4,5,5,4,4
"23/7/2026, 22:26:40",หญิง,31-40 ปี,2 คน,ม.6,รัฐวิสาหกิจ,5 คนขึ้นไป,บ้านเดี่ยว / บ้านแฝด,เป็นเจ้าของ,มีที่จอดรถส่วนกลาง / เช่า,"25,001-35,000 บาท",มี,ขับในเมือง,ใช้เป็นครั้งคราว,31-50 กิโลเมตร,"ราคาน้ำมัน, มูลค่าการขายต่อ",รถยนต์ไฟฟ้า (EV),ราคา,"1,200,000-1,500,000 บาท",เพื่อใช้ในการเดินทางไปทำงาน,ยังไม่มีแนวโน้มที่จะซื้อ,รถยนต์สันดาป (ดีเซล / เบนซิน),"ความสะดวกในการใช้งาน, เทคโนโลยีและความทันสมัย",5,3,5,3,4,4,5,5,5,4,5,5,5,4,4,5,5,5,5,3,5
"23/7/2026, 22:26:41",หญิง,31-40 ปี,ไม่มีบุตร,ปริญญาตรี,พนักงานเอกชน,1-2 คน,ทาวน์โฮม / ทาวเฮาท์,เช่า,มีที่จอดรถส่วนตัว,"15,001-25,000 บาท",มี,ขับทั้งในเมืองและนอกเมือง,ใช้เป็นครั้งคราว,31-50 กิโลเมตร,"ราคาน้ำมัน, มูลค่าการขายต่อ",รถยนต์ไฟฟ้า (EV),รูปลักษณ์ / ดีไซน์,"800,001-1,200,000 บาท","เพื่อใช้ในการเดินทางไปทำงาน, เพื่อใช้ในการค้าขาย",มีแนวโน้มที่จะซื้อ,รถยนต์สันดาป (ดีเซล / เบนซิน),ค่าบำรุงรักษา,5,5,3,5,5,5,4,5,4,5,4,5,5,5,5,3,3,4,5,5,5
"23/7/2026, 22:26:42",หญิง,20-23 ปี,ไม่มีบุตร,ต่ำกว่า ม.3,อาชีพอิสระ,5 คนขึ้นไป,ทาวน์โฮม / ทาวเฮาท์,เช่า,มีที่จอดรถส่วนตัว,"15,001-25,000 บาท","ไม่มี (หากตอบ ""ไม่มี"" ให้ข้ามไปตอบตอนที่ 3)",,,,,,สมรรถนะในการขับขี่,"500,001-800,000 บาท",เพื่อใช้ในการเดินทางไปทำงาน,ยังไม่มีแนวโน้มที่จะซื้อ,รถยนต์สันดาป (ดีเซล / เบนซิน),ค่าบำรุงรักษา,5,5,5,4,4,4,3,4,3,4,5,5,5,4,5,4,4,5,5,5,4
"23/7/2026, 22:26:42",ชาย,41-50 ปี,1 คน,ต่ำกว่า ม.3,ข้าราชการ,1-2 คน,ทาวน์โฮม / ทาวเฮาท์,เป็นเจ้าของ,มีที่จอดรถส่วนตัว,"50,001-75,000 บาท",มี,ขับในเมือง,ใช้งานทุกวัน,10-30 กิโลเมตร,ราคาน้ำมัน,"รถยนต์สันดาป (ดีเซล / เบนซิน), รถยนต์ไฟฟ้า (EV)",สมรรถนะในการขับขี่,"500,001-800,000 บาท",เพื่อใช้ในการเดินทางไปทำงาน,ยังไม่มีแนวโน้มที่จะซื้อ,รถยนต์สันดาป (ดีเซล / เบนซิน),"ราคาซื้อเริ่มต้น, ความสะดวกในการใช้งาน",5,5,5,4,3,5,5,4,5,4,5,4,4,4,5,4,5,5,5,5,4
"23/7/2026, 22:26:43",ชาย,51-60 ปี,2 คน,ปริญญาตรี,รัฐวิสาหกิจ,5 คนขึ้นไป,คอนโด / อพาร์ตเมนต์ / หอพัก,เช่า,มีที่จอดรถส่วนตัว,"25,001-35,000 บาท",มี,ขับในเมือง,ใช้เป็นครั้งคราว,10-30 กิโลเมตร,"อายุการใช้งาน, มูลค่าการขายต่อ",รถยนต์ไฮบริด (Hybrid),สมรรถนะในการขับขี่,"500,001-800,000 บาท",เพื่อใช้ในการเดินทางไปทำงาน,ยังไม่มีแนวโน้มที่จะซื้อ,รถยนต์สันดาป (ดีเซล / เบนซิน),เทคโนโลยีและความทันสมัย,4,4,4,4,3,4,4,4,4,3,5,5,5,5,3,5,3,3,5,5,4
"23/7/2026, 22:26:44",ชาย,31-40 ปี,2 คน,ปวช. / ปวส.,พนักงานเอกชน,5 คนขึ้นไป,ทาวน์โฮม / ทาวเฮาท์,เช่า,มีที่จอดรถส่วนตัว,"15,001-25,000 บาท","ไม่มี (หากตอบ ""ไม่มี"" ให้ข้ามไปตอบตอนที่ 3)",,,,,,"ค่าซ่อมบำรุง, สมรรถนะในการขับขี่","800,001-1,200,000 บาท",เพื่อความสะดวกในการเดินทาง,ยังไม่มีแนวโน้มที่จะซื้อ,รถยนต์ไฮบริด (Hybrid),ค่าบำรุงรักษา,5,5,5,5,5,5,5,5,3,5,4,3,5,5,4,5,5,3,4,5,3
"23/7/2026, 22:26:45",ชาย,31-40 ปี,ไม่มีบุตร,ปริญญาตรี,พนักงานเอกชน,1-2 คน,ทาวน์โฮม / ทาวเฮาท์,เช่า,มีที่จอดรถส่วนกลาง / เช่า,"ต่ำกว่า 15,000 บาท","ไม่มี (หากตอบ ""ไม่มี"" ให้ข้ามไปตอบตอนที่ 3)",,,,,,"ค่าซ่อมบำรุง, สมรรถนะในการขับขี่, รูปลักษณ์ / ดีไซน์","800,001-1,200,000 บาท","เพื่อใช้ในการเดินทางไปทำงาน, เพื่อใช้ในการค้าขาย",ยังไม่มีแนวโน้มที่จะซื้อ,รถยนต์ไฮบริด (Hybrid),"ความสะดวกในการใช้งาน, เทคโนโลยีและความทันสมัย",3,4,3,4,5,4,4,5,4,4,5,5,4,5,5,4,5,5,5,5,3
"23/7/2026, 22:26:46",ชาย,24-26 ปี,1 คน,ปริญญาตรี,ข้าราชการ,3-4 คน,ทาวน์โฮม / ทาวเฮาท์,เป็นเจ้าของ,มีที่จอดรถส่วนตัว,"25,001-35,000 บาท",มี,ขับทั้งในเมืองและนอกเมือง,5-6 วัน / สัปดาห์,10-30 กิโลเมตร,ราคาน้ำมัน,"รถยนต์สันดาป (ดีเซล / เบนซิน), รถยนต์ไฟฟ้า (EV)",รูปลักษณ์ / ดีไซน์,"500,001-800,000 บาท","เพื่อใช้ในการค้าขาย, เพื่อใช้ในการเดินทางท่องเที่ยว",ยังไม่มีแนวโน้มที่จะซื้อ,รถยนต์ไฟฟ้า (EV),ค่าบำรุงรักษา,5,5,5,5,5,5,5,5,5,5,5,4,4,5,5,4,5,4,5,5,5
"23/7/2026, 22:26:47",หญิง,41-50 ปี,1 คน,ปริญญาตรี,รัฐวิสาหกิจ,1-2 คน,ทาวน์โฮม / ทาวเฮาท์,เช่า,มีที่จอดรถส่วนตัว,"50,001-75,000 บาท",มี,ขับทั้งในเมืองและนอกเมือง,ใช้งานทุกวัน,31-50 กิโลเมตร,"ราคาน้ำมัน, อายุการใช้งาน",รถยนต์สันดาป (ดีเซล / เบนซิน),สมรรถนะในการขับขี่,"500,001-800,000 บาท",เพื่อใช้ในการเดินทางไปทำงาน,ยังไม่มีแนวโน้มที่จะซื้อ,รถยนต์ไฟฟ้า (EV),ค่าบำรุงรักษา,5,5,4,5,4,4,4,5,4,4,5,5,5,4,5,5,3,5,4,5,5
"23/7/2026, 22:26:47",หญิง,27-30 ปี,ไม่มีบุตร,ปริญญาตรี,ค้าขาย,5 คนขึ้นไป,ทาวน์โฮม / ทาวเฮาท์,เช่า,มีที่จอดรถส่วนตัว,"15,001-25,000 บาท",มี,ขับทั้งในเมืองและนอกเมือง,ใช้เป็นครั้งคราว,71-90 กิโลเมตร,"อายุการใช้งาน, มูลค่าการขายต่อ",รถยนต์ไฟฟ้า (EV),สมรรถนะในการขับขี่,"500,001-800,000 บาท",เพื่อใช้ในการเดินทางไปทำงาน,ยังไม่มีแนวโน้มที่จะซื้อ,รถยนต์สันดาป (ดีเซล / เบนซิน),"ค่าบำรุงรักษา, ความสะดวกในการใช้งาน",5,3,5,5,5,4,5,5,4,4,5,5,2,3,5,5,5,4,4,5,5
"23/7/2026, 22:26:48",ชาย,41-50 ปี,มากกว่า 3 คน,ม.3,รัฐวิสาหกิจ,5 คนขึ้นไป,ทาวน์โฮม / ทาวเฮาท์,เป็นเจ้าของ,มีที่จอดรถส่วนกลาง / เช่า,"25,001-35,000 บาท","ไม่มี (หากตอบ ""ไม่มี"" ให้ข้ามไปตอบตอนที่ 3)",,,,,,สมรรถนะในการขับขี่,"500,001-800,000 บาท",เพื่อใช้ในการเดินทางไปทำงาน,ยังไม่มีแนวโน้มที่จะซื้อ,รถยนต์ไฟฟ้า (EV),ค่าบำรุงรักษา,5,5,5,2,4,5,3,5,5,3,3,4,4,4,5,4,4,4,3,5,4
"23/7/2026, 22:26:49",ชาย,24-26 ปี,1 คน,ม.6,รัฐวิสาหกิจ,1-2 คน,ทาวน์โฮม / ทาวเฮาท์,เช่า,มีที่จอดรถส่วนกลาง / เช่า,"ต่ำกว่า 15,000 บาท","ไม่มี (หากตอบ ""ไม่มี"" ให้ข้ามไปตอบตอนที่ 3)",,,,,,สมรรถนะในการขับขี่,"500,001-800,000 บาท",เพื่อใช้ในการเดินทางไปทำงาน,ยังไม่มีแนวโน้มที่จะซื้อ,รถยนต์สันดาป (ดีเซล / เบนซิน),ค่าบำรุงรักษา,5,4,4,5,5,3,5,4,4,5,4,4,4,5,4,3,4,4,5,4,3
"23/7/2026, 22:26:50",หญิง,27-30 ปี,ไม่มีบุตร,ปริญญาเอก,พนักงานเอกชน,1-2 คน,ทาวน์โฮม / ทาวเฮาท์,เป็นเจ้าของ,มีที่จอดรถส่วนตัว,"50,001-75,000 บาท",มี,ขับทั้งในเมืองและนอกเมือง,3-4 วัน / สัปดาห์,51-70 กิโลเมตร,ค่าไฟฟ้า,"รถยนต์สันดาป (ดีเซล / เบนซิน), รถยนต์ไฮบริด (Hybrid)",รูปลักษณ์ / ดีไซน์,"500,001-800,000 บาท",เพื่อใช้ในการเดินทางไปทำงาน,ยังไม่มีแนวโน้มที่จะซื้อ,รถยนต์สันดาป (ดีเซล / เบนซิน),ความสะดวกในการใช้งาน,5,5,5,3,5,3,4,3,5,5,5,5,5,5,3,5,5,4,5,5,5
"23/7/2026, 22:26:51",หญิง,31-40 ปี,2 คน,ปริญญาเอก,อาชีพอิสระ,1-2 คน,ทาวน์โฮม / ทาวเฮาท์,เป็นเจ้าของ,มีที่จอดรถส่วนตัว,"15,001-25,000 บาท",มี,ขับทั้งในเมืองและนอกเมือง,ใช้เป็นครั้งคราว,มากกว่า 90 กิโลเมตร,ราคาน้ำมัน,รถยนต์ไฮบริด (Hybrid),ค่าซ่อมบำรุง,"800,001-1,200,000 บาท","เพื่อใช้ในการเดินทางไปทำงาน, เพื่อใช้ในการค้าขาย",ยังไม่มีแนวโน้มที่จะซื้อ,รถยนต์สันดาป (ดีเซล / เบนซิน),"ราคาซื้อเริ่มต้น, ค่าบำรุงรักษา",4,5,5,3,5,4,4,4,5,5,5,5,5,5,5,5,3,5,4,5,5
"23/7/2026, 22:26:51",ชาย,31-40 ปี,ไม่มีบุตร,ปริญญาตรี,นักเรียน / นักศึกษา,1-2 คน,ทาวน์โฮม / ทาวเฮาท์,เช่า,มีที่จอดรถส่วนตัว,"25,001-35,000 บาท","ไม่มี (หากตอบ ""ไม่มี"" ให้ข้ามไปตอบตอนที่ 3)",,,,,,ค่าน้ำมัน,"500,001-800,000 บาท",เพื่อใช้ในการเดินทางไปทำงาน,ยังไม่มีแนวโน้มที่จะซื้อ,รถยนต์ไฮบริด (Hybrid),เทคโนโลยีและความทันสมัย,5,5,4,5,5,5,4,4,4,3,4,3,5,5,3,5,5,5,5,5,3
"23/7/2026, 22:26:52",หญิง,31-40 ปี,ไม่มีบุตร,ปริญญาตรี,นักเรียน / นักศึกษา,1-2 คน,ทาวน์โฮม / ทาวเฮาท์,เช่า,มีที่จอดรถส่วนตัว,"35,001-50,000 บาท","ไม่มี (หากตอบ ""ไม่มี"" ให้ข้ามไปตอบตอนที่ 3)",,,,,,สมรรถนะในการขับขี่,"800,001-1,200,000 บาท","เพื่อใช้ในการเดินทางไปทำงาน, เพื่อใช้ในการค้าขาย",ยังไม่มีแนวโน้มที่จะซื้อ,รถยนต์สันดาป (ดีเซล / เบนซิน),ราคาซื้อเริ่มต้น,5,4,4,3,2,5,4,5,4,4,5,5,4,5,5,5,5,5,5,5,3
"23/7/2026, 22:26:53",หญิง,20-23 ปี,ไม่มีบุตร,ม.6,ข้าราชการ,1-2 คน,ทาวน์โฮม / ทาวเฮาท์,เป็นเจ้าของ,มีที่จอดรถส่วนตัว,"15,001-25,000 บาท","ไม่มี (หากตอบ ""ไม่มี"" ให้ข้ามไปตอบตอนที่ 3)",,,,,,"ค่าน้ำมัน, การรับประกันและบริการหลังการขาย","500,001-800,000 บาท","เพื่อใช้ในการเดินทางไปทำงาน, เพื่อใช้ในการค้าขาย",ยังไม่มีแนวโน้มที่จะซื้อ,รถยนต์สันดาป (ดีเซล / เบนซิน),ค่าบำรุงรักษา,5,5,5,3,5,5,5,5,4,5,4,4,4,4,4,5,4,4,4,5,4
"23/7/2026, 22:26:54",หญิง,31-40 ปี,1 คน,ต่ำกว่า ม.3,ข้าราชการ,3-4 คน,ทาวน์โฮม / ทาวเฮาท์,เป็นเจ้าของ,มีที่จอดรถส่วนตัว,"35,001-50,000 บาท",มี,ขับทั้งในเมืองและนอกเมือง,ใช้เป็นครั้งคราว,น้อยกว่า 10 กิโลเมตร,อายุการใช้งาน,รถยนต์สันดาป (ดีเซล / เบนซิน),"สมรรถนะในการขับขี่, รูปลักษณ์ / ดีไซน์, แบรนด์","500,001-800,000 บาท",เพื่อใช้ในการเดินทางไปทำงาน,ยังไม่มีแนวโน้มที่จะซื้อ,รถยนต์สันดาป (ดีเซล / เบนซิน),ความสะดวกในการใช้งาน,5,4,5,5,4,5,5,4,5,5,5,3,5,4,5,5,5,4,5,5,5
"23/7/2026, 22:26:55",ชาย,51-60 ปี,ไม่มีบุตร,ปริญญาตรี,อาชีพอิสระ,5 คนขึ้นไป,ทาวน์โฮม / ทาวเฮาท์,พักอาศัยกับครอบครัว / ผู้อื่น,มีที่จอดรถส่วนตัว,"15,001-25,000 บาท",มี,ขับนอกเมือง,ใช้งานทุกวัน,น้อยกว่า 10 กิโลเมตร,ราคาน้ำมัน,รถยนต์สันดาป (ดีเซล / เบนซิน),สมรรถนะในการขับขี่,"500,001-800,000 บาท",เพื่อใช้ในการเดินทางไปทำงาน,ยังไม่มีแนวโน้มที่จะซื้อ,รถยนต์สันดาป (ดีเซล / เบนซิน),"ค่าบำรุงรักษา, เทคโนโลยีและความทันสมัย",3,5,5,5,5,3,5,4,5,4,4,4,4,3,5,4,3,4,3,5,4
"23/7/2026, 22:26:56",ชาย,31-40 ปี,ไม่มีบุตร,ม.3,ข้าราชการ,5 คนขึ้นไป,ทาวน์โฮม / ทาวเฮาท์,เช่า,มีที่จอดรถส่วนตัว,"25,001-35,000 บาท","ไม่มี (หากตอบ ""ไม่มี"" ให้ข้ามไปตอบตอนที่ 3)",,,,,,สมรรถนะในการขับขี่,"500,001-800,000 บาท",เพื่อใช้ในการค้าขาย,ยังไม่มีแนวโน้มที่จะซื้อ,รถยนต์สันดาป (ดีเซล / เบนซิน),ความสะดวกในการใช้งาน,5,5,5,4,5,3,5,5,3,4,3,5,5,5,5,5,3,4,4,4,3
"23/7/2026, 22:26:56",ชาย,41-50 ปี,ไม่มีบุตร,ม.6,อาชีพอิสระ,1-2 คน,บ้านเดี่ยว / บ้านแฝด,เช่า,มีที่จอดรถส่วนตัว,"25,001-35,000 บาท",มี,ขับในเมือง,ใช้งานทุกวัน,31-50 กิโลเมตร,"ราคาน้ำมัน, มูลค่าการขายต่อ",รถยนต์สันดาป (ดีเซล / เบนซิน),"สมรรถนะในการขับขี่, การรับประกันและบริการหลังการขาย","800,001-1,200,000 บาท",เพื่อใช้ในการเดินทางไปทำงาน,ยังไม่มีแนวโน้มที่จะซื้อ,รถยนต์สันดาป (ดีเซล / เบนซิน),"ราคาซื้อเริ่มต้น, ความสะดวกในการใช้งาน",4,5,4,5,4,4,4,4,3,4,5,4,5,4,5,5,5,5,3,4,4
"23/7/2026, 22:26:57",หญิง,41-50 ปี,1 คน,ปริญญาตรี,รัฐวิสาหกิจ,1-2 คน,บ้านเดี่ยว / บ้านแฝด,เช่า,มีที่จอดรถส่วนกลาง / เช่า,"50,001-75,000 บาท","ไม่มี (หากตอบ ""ไม่มี"" ให้ข้ามไปตอบตอนที่ 3)",,,,,,สมรรถนะในการขับขี่,"800,001-1,200,000 บาท",เพื่อใช้ในการเดินทางไปทำงาน,ยังไม่มีแนวโน้มที่จะซื้อ,รถยนต์สันดาป (ดีเซล / เบนซิน),ค่าบำรุงรักษา,4,3,5,5,5,4,5,5,3,3,4,4,5,4,5,4,3,5,4,5,5
"23/7/2026, 22:26:58",ชาย,31-40 ปี,1 คน,ปวช. / ปวส.,ข้าราชการ,5 คนขึ้นไป,บ้านเดี่ยว / บ้านแฝด,เช่า,มีที่จอดรถส่วนตัว,"35,001-50,000 บาท",มี,ขับในเมือง,ใช้งานทุกวัน,น้อยกว่า 10 กิโลเมตร,ราคาน้ำมัน,"รถยนต์สันดาป (ดีเซล / เบนซิน), รถยนต์ไฟฟ้า (EV)",สมรรถนะในการขับขี่,"800,001-1,200,000 บาท",เพื่อใช้ในการเดินทางไปทำงาน,ยังไม่มีแนวโน้มที่จะซื้อ,รถยนต์ไฟฟ้า (EV),"ราคาซื้อเริ่มต้น, ค่าบำรุงรักษา",5,5,3,5,5,5,5,5,5,4,5,5,5,5,4,4,4,5,5,5,4
"23/7/2026, 22:26:59",หญิง,51-60 ปี,ไม่มีบุตร,ปริญญาตรี,ข้าราชการ,5 คนขึ้นไป,ทาวน์โฮม / ทาวเฮาท์,เช่า,มีที่จอดรถส่วนตัว,"50,001-75,000 บาท","ไม่มี (หากตอบ ""ไม่มี"" ให้ข้ามไปตอบตอนที่ 3)",,,,,,สมรรถนะในการขับขี่,"500,001-800,000 บาท","เพื่อใช้ในการค้าขาย, เพื่อหลีกเลี่ยงปัญหาจากระบบการขนส่งมวลชน",ยังไม่มีแนวโน้มที่จะซื้อ,รถยนต์สันดาป (ดีเซล / เบนซิน),"ราคาซื้อเริ่มต้น, ค่าบำรุงรักษา",5,5,4,3,5,5,4,4,5,4,5,4,4,4,4,5,5,5,5,3,4
"23/7/2026, 22:27:00",หญิง,31-40 ปี,1 คน,ต่ำกว่า ม.3,พนักงานเอกชน,1-2 คน,ทาวน์โฮม / ทาวเฮาท์,เป็นเจ้าของ,มีที่จอดรถส่วนตัว,"25,001-35,000 บาท",มี,ขับนอกเมือง,ใช้เป็นครั้งคราว,น้อยกว่า 10 กิโลเมตร,มูลค่าการขายต่อ,รถยนต์สันดาป (ดีเซล / เบนซิน),สมรรถนะในการขับขี่,"500,001-800,000 บาท",เพื่อใช้ในการเดินทางไปทำงาน,ยังไม่มีแนวโน้มที่จะซื้อ,รถยนต์ไฮบริด (Hybrid),"ค่าบำรุงรักษา, ความสะดวกในการใช้งาน",4,5,5,5,5,4,5,3,5,5,5,5,5,5,5,3,5,5,3,4,4
"23/7/2026, 22:27:00",ชาย,27-30 ปี,2 คน,ม.6,ข้าราชการ,5 คนขึ้นไป,ทาวน์โฮม / ทาวเฮาท์,เป็นเจ้าของ,มีที่จอดรถส่วนกลาง / เช่า,"15,001-25,000 บาท",มี,ขับทั้งในเมืองและนอกเมือง,3-4 วัน / สัปดาห์,31-50 กิโลเมตร,ราคาน้ำมัน,"รถยนต์สันดาป (ดีเซล / เบนซิน), รถยนต์ไฮบริด (Hybrid), รถยนต์ไฟฟ้า (EV)",รูปลักษณ์ / ดีไซน์,"800,001-1,200,000 บาท",เพื่อใช้ในการเดินทางไปทำงาน,ยังไม่มีแนวโน้มที่จะซื้อ,รถยนต์สันดาป (ดีเซล / เบนซิน),ค่าบำรุงรักษา,5,4,3,3,5,5,4,5,5,3,5,3,4,5,4,5,3,5,5,3,4
"23/7/2026, 22:27:01",ชาย,24-26 ปี,ไม่มีบุตร,ม.3,รัฐวิสาหกิจ,1-2 คน,ทาวน์โฮม / ทาวเฮาท์,เช่า,มีที่จอดรถส่วนตัว,"15,001-25,000 บาท","ไม่มี (หากตอบ ""ไม่มี"" ให้ข้ามไปตอบตอนที่ 3)",,,,,,สมรรถนะในการขับขี่,"1,200,000-1,500,000 บาท",เพื่อใช้ในการเดินทางไปทำงาน,ยังไม่มีแนวโน้มที่จะซื้อ,รถยนต์สันดาป (ดีเซล / เบนซิน),ค่าบำรุงรักษา,5,5,2,5,4,5,3,5,5,5,4,5,4,4,4,5,5,5,5,5,4
"23/7/2026, 22:27:02",ชาย,31-40 ปี,ไม่มีบุตร,ม.3,อาชีพอิสระ,3-4 คน,ทาวน์โฮม / ทาวเฮาท์,เป็นเจ้าของ,ไม่มีที่จอดรถ,"15,001-25,000 บาท","ไม่มี (หากตอบ ""ไม่มี"" ให้ข้ามไปตอบตอนที่ 3)",,,,,,"ค่าไฟฟ้า, สมรรถนะในการขับขี่","500,001-800,000 บาท",เพื่อใช้ในการเดินทางไปทำงาน,มีแนวโน้มที่จะซื้อ,รถยนต์ไฮบริด (Hybrid),ความสะดวกในการใช้งาน,4,5,4,4,5,5,4,5,5,5,5,5,5,2,4,3,5,5,4,4,5
"23/7/2026, 22:27:03",หญิง,27-30 ปี,ไม่มีบุตร,ต่ำกว่า ม.3,ข้าราชการ,1-2 คน,ทาวน์โฮม / ทาวเฮาท์,เช่า,มีที่จอดรถส่วนตัว,"15,001-25,000 บาท","ไม่มี (หากตอบ ""ไม่มี"" ให้ข้ามไปตอบตอนที่ 3)",,,,,,รูปลักษณ์ / ดีไซน์,"500,001-800,000 บาท",เพื่อใช้ในการเดินทางไปทำงาน,มีแนวโน้มที่จะซื้อ,รถยนต์สันดาป (ดีเซล / เบนซิน),"ประหยัดค่าเชื้อเพลิง, เทคโนโลยีและความทันสมัย",5,4,4,5,4,3,4,4,5,5,5,5,5,4,4,4,5,5,4,2,5
"23/7/2026, 22:27:04",ชาย,31-40 ปี,ไม่มีบุตร,ปวช. / ปวส.,พนักงานเอกชน,5 คนขึ้นไป,ทาวน์โฮม / ทาวเฮาท์,เป็นเจ้าของ,ไม่มีที่จอดรถ,"15,001-25,000 บาท","ไม่มี (หากตอบ ""ไม่มี"" ให้ข้ามไปตอบตอนที่ 3)",,,,,,ค่าน้ำมัน,"1,200,000-1,500,000 บาท",เพื่อใช้ในการเดินทางไปทำงาน,มีแนวโน้มที่จะซื้อ,รถยนต์สันดาป (ดีเซล / เบนซิน),ค่าบำรุงรักษา,4,4,4,4,5,5,4,3,5,4,2,4,3,5,5,5,5,5,1,4,3
"23/7/2026, 22:27:05",หญิง,51-60 ปี,ไม่มีบุตร,ปริญญาตรี,นักเรียน / นักศึกษา,1-2 คน,ทาวน์โฮม / ทาวเฮาท์,เช่า,มีที่จอดรถส่วนตัว,"15,001-25,000 บาท",มี,ขับทั้งในเมืองและนอกเมือง,ใช้งานทุกวัน,น้อยกว่า 10 กิโลเมตร,ราคาน้ำมัน,รถยนต์สันดาป (ดีเซล / เบนซิน),"ค่าน้ำมัน, ค่าซ่อมบำรุง","500,001-800,000 บาท","เพื่อใช้ในการเดินทางไปทำงาน, เพื่อหลีกเลี่ยงปัญหาจากระบบการขนส่งมวลชน",ยังไม่มีแนวโน้มที่จะซื้อ,รถยนต์สันดาป (ดีเซล / เบนซิน),ค่าบำรุงรักษา,4,2,4,5,5,4,3,5,5,5,4,4,4,4,3,4,3,4,5,4,4
"23/7/2026, 22:27:05",ชาย,31-40 ปี,ไม่มีบุตร,ปวช. / ปวส.,ข้าราชการ,1-2 คน,คอนโด / อพาร์ตเมนต์ / หอพัก,เป็นเจ้าของ,มีที่จอดรถส่วนตัว,"15,001-25,000 บาท","ไม่มี (หากตอบ ""ไม่มี"" ให้ข้ามไปตอบตอนที่ 3)",,,,,,"ค่าน้ำมัน, ค่าไฟฟ้า","800,001-1,200,000 บาท",เพื่อใช้ในการค้าขาย,ยังไม่มีแนวโน้มที่จะซื้อ,รถยนต์สันดาป (ดีเซล / เบนซิน),ค่าบำรุงรักษา,5,2,4,5,5,5,5,5,4,4,3,4,4,4,4,4,5,4,4,3,3
"23/7/2026, 22:27:06",หญิง,20-23 ปี,ไม่มีบุตร,ปวช. / ปวส.,พนักงานเอกชน,1-2 คน,คอนโด / อพาร์ตเมนต์ / หอพัก,เช่า,มีที่จอดรถส่วนตัว,"25,001-35,000 บาท","ไม่มี (หากตอบ ""ไม่มี"" ให้ข้ามไปตอบตอนที่ 3)",,,,,,"ค่าน้ำมัน, รูปลักษณ์ / ดีไซน์, การรับประกันและบริการหลังการขาย","500,001-800,000 บาท",เพื่อใช้ในการค้าขาย,ยังไม่มีแนวโน้มที่จะซื้อ,รถยนต์ไฟฟ้า (EV),ราคาซื้อเริ่มต้น,4,4,5,3,5,4,5,5,4,4,3,4,5,5,5,5,5,5,5,4,4
"23/7/2026, 22:27:07",หญิง,20-23 ปี,2 คน,ต่ำกว่า ม.3,อาชีพอิสระ,5 คนขึ้นไป,คอนโด / อพาร์ตเมนต์ / หอพัก,เช่า,มีที่จอดรถส่วนกลาง / เช่า,"35,001-50,000 บาท","ไม่มี (หากตอบ ""ไม่มี"" ให้ข้ามไปตอบตอนที่ 3)",,,,,,สมรรถนะในการขับขี่,"800,001-1,200,000 บาท",เพื่อใช้ในการเดินทางไปทำงาน,ยังไม่มีแนวโน้มที่จะซื้อ,รถยนต์ไฟฟ้า (EV),ราคาซื้อเริ่มต้น,3,4,4,3,3,4,5,4,5,4,5,5,5,4,5,3,4,3,5,4,4
"23/7/2026, 22:27:08",หญิง,27-30 ปี,2 คน,ปริญญาตรี,ข้าราชการ,1-2 คน,คอนโด / อพาร์ตเมนต์ / หอพัก,เป็นเจ้าของ,มีที่จอดรถส่วนตัว,"15,001-25,000 บาท",มี,ขับทั้งในเมืองและนอกเมือง,3-4 วัน / สัปดาห์,10-30 กิโลเมตร,ราคาน้ำมัน,"รถยนต์สันดาป (ดีเซล / เบนซิน), รถยนต์ไฮบริด (Hybrid)",สมรรถนะในการขับขี่,"500,001-800,000 บาท",เพื่อหลีกเลี่ยงปัญหาจากระบบการขนส่งมวลชน,ยังไม่มีแนวโน้มที่จะซื้อ,รถยนต์ไฮบริด (Hybrid),ค่าบำรุงรักษา,5,5,3,5,5,5,5,3,3,5,5,4,4,4,3,5,4,3,5,5,3
"23/7/2026, 22:27:09",ชาย,31-40 ปี,ไม่มีบุตร,ปริญญาตรี,ข้าราชการ,5 คนขึ้นไป,ทาวน์โฮม / ทาวเฮาท์,เช่า,มีที่จอดรถส่วนกลาง / เช่า,"15,001-25,000 บาท","ไม่มี (หากตอบ ""ไม่มี"" ให้ข้ามไปตอบตอนที่ 3)",,,,,,สมรรถนะในการขับขี่,"500,001-800,000 บาท",เพื่อความสะดวกในการเดินทาง,ยังไม่มีแนวโน้มที่จะซื้อ,รถยนต์สันดาป (ดีเซล / เบนซิน),ค่าบำรุงรักษา,4,5,4,4,5,4,5,5,4,4,4,5,2,5,3,4,4,5,4,3,4
"23/7/2026, 22:27:09",หญิง,31-40 ปี,ไม่มีบุตร,ม.6,เจ้าของกิจการ,1-2 คน,ทาวน์โฮม / ทาวเฮาท์,เช่า,มีที่จอดรถส่วนตัว,"25,001-35,000 บาท",มี,ขับในเมือง,3-4 วัน / สัปดาห์,น้อยกว่า 10 กิโลเมตร,"ราคาน้ำมัน, ศูนย์บริการและอะไหล่",รถยนต์สันดาป (ดีเซล / เบนซิน),"สมรรถนะในการขับขี่, รูปลักษณ์ / ดีไซน์, การรับประกันและบริการหลังการขาย","500,001-800,000 บาท",เพื่อใช้ในการเดินทางไปทำงาน,ยังไม่มีแนวโน้มที่จะซื้อ,รถยนต์สันดาป (ดีเซล / เบนซิน),"ราคาซื้อเริ่มต้น, เทคโนโลยีและความทันสมัย",4,5,5,4,4,4,3,4,5,5,5,2,5,3,5,5,5,5,5,3,2
"23/7/2026, 22:27:10",ชาย,27-30 ปี,ไม่มีบุตร,ปริญญาตรี,ข้าราชการ,1-2 คน,ทาวน์โฮม / ทาวเฮาท์,เช่า,มีที่จอดรถส่วนตัว,"ต่ำกว่า 15,000 บาท","ไม่มี (หากตอบ ""ไม่มี"" ให้ข้ามไปตอบตอนที่ 3)",,,,,,"ค่าซ่อมบำรุง, สมรรถนะในการขับขี่","500,001-800,000 บาท",เพื่อใช้ในการเดินทางไปทำงาน,ยังไม่มีแนวโน้มที่จะซื้อ,รถยนต์ไฟฟ้า (EV),"ค่าบำรุงรักษา, เทคโนโลยีและความทันสมัย",5,5,3,4,5,3,4,4,3,4,5,5,5,4,5,5,4,3,5,4,3
"23/7/2026, 22:27:11",หญิง,27-30 ปี,ไม่มีบุตร,ต่ำกว่า ม.3,อาชีพอิสระ,1-2 คน,ทาวน์โฮม / ทาวเฮาท์,เช่า,มีที่จอดรถส่วนตัว,"50,001-75,000 บาท","ไม่มี (หากตอบ ""ไม่มี"" ให้ข้ามไปตอบตอนที่ 3)",,,,,,ค่าน้ำมัน,"500,001-800,000 บาท",เพื่อหลีกเลี่ยงปัญหาจากระบบการขนส่งมวลชน,ยังไม่มีแนวโน้มที่จะซื้อ,รถยนต์ไฟฟ้า (EV),"ค่าบำรุงรักษา, ความสะดวกในการใช้งาน",4,5,4,5,5,5,5,2,5,5,5,4,4,4,3,5,5,4,2,4,5
"23/7/2026, 22:27:12",หญิง,41-50 ปี,3 คน,ปริญญาตรี,พนักงานเอกชน,5 คนขึ้นไป,คอนโด / อพาร์ตเมนต์ / หอพัก,เช่า,มีที่จอดรถส่วนตัว,"15,001-25,000 บาท","ไม่มี (หากตอบ ""ไม่มี"" ให้ข้ามไปตอบตอนที่ 3)",,,,,,"ค่าซ่อมบำรุง, รูปลักษณ์ / ดีไซน์, การรับประกันและบริการหลังการขาย","500,001-800,000 บาท",เพื่อใช้ในการเดินทางไปทำงาน,ยังไม่มีแนวโน้มที่จะซื้อ,รถยนต์สันดาป (ดีเซล / เบนซิน),"ราคาซื้อเริ่มต้น, ความสะดวกในการใช้งาน",3,5,3,3,3,5,5,5,4,5,4,4,5,3,4,5,4,5,4,4,4
"23/7/2026, 22:27:12",หญิง,27-30 ปี,ไม่มีบุตร,ต่ำกว่า ม.3,พนักงานเอกชน,1-2 คน,ทาวน์โฮม / ทาวเฮาท์,เป็นเจ้าของ,ไม่มีที่จอดรถ,"15,001-25,000 บาท","ไม่มี (หากตอบ ""ไม่มี"" ให้ข้ามไปตอบตอนที่ 3)",,,,,,สมรรถนะในการขับขี่,"800,001-1,200,000 บาท",เพื่อใช้ในการเดินทางไปทำงาน,ยังไม่มีแนวโน้มที่จะซื้อ,รถยนต์สันดาป (ดีเซล / เบนซิน),เทคโนโลยีและความทันสมัย,3,4,4,5,5,5,5,5,4,5,5,3,4,5,4,3,5,5,5,3,5
"23/7/2026, 22:27:13",ชาย,27-30 ปี,ไม่มีบุตร,ต่ำกว่า ม.3,รัฐวิสาหกิจ,1-2 คน,คอนโด / อพาร์ตเมนต์ / หอพัก,เป็นเจ้าของ,ไม่มีที่จอดรถ,"25,001-35,000 บาท","ไม่มี (หากตอบ ""ไม่มี"" ให้ข้ามไปตอบตอนที่ 3)",,,,,,"ค่าน้ำมัน, การรับประกันและบริการหลังการขาย","1,200,000-1,500,000 บาท","เพื่อใช้ในการเดินทางไปทำงาน, เพื่อใช้ในการเดินทางท่องเที่ยว",ยังไม่มีแนวโน้มที่จะซื้อ,รถยนต์สันดาป (ดีเซล / เบนซิน),"ค่าบำรุงรักษา, เทคโนโลยีและความทันสมัย",5,5,5,5,3,5,4,4,4,4,5,5,3,5,5,4,5,4,5,5,5
"23/7/2026, 22:27:14",ชาย,มากกว่า 60 ปี,ไม่มีบุตร,ม.3,ค้าขาย,5 คนขึ้นไป,ทาวน์โฮม / ทาวเฮาท์,เช่า,มีที่จอดรถส่วนกลาง / เช่า,"25,001-35,000 บาท",มี,ขับในเมือง,1-2 วัน / สัปดาห์,น้อยกว่า 10 กิโลเมตร,ราคาน้ำมัน,รถยนต์สันดาป (ดีเซล / เบนซิน),สมรรถนะในการขับขี่,"800,001-1,200,000 บาท",เพื่อใช้ในการเดินทางไปทำงาน,มีแนวโน้มที่จะซื้อ,รถยนต์สันดาป (ดีเซล / เบนซิน),ค่าบำรุงรักษา,5,4,3,2,4,5,4,3,4,3,4,5,5,5,5,4,3,5,5,4,4
"23/7/2026, 22:27:15",ชาย,20-23 ปี,ไม่มีบุตร,ต่ำกว่า ม.3,อาชีพอิสระ,1-2 คน,ทาวน์โฮม / ทาวเฮาท์,พักอาศัยกับครอบครัว / ผู้อื่น,มีที่จอดรถส่วนตัว,"ต่ำกว่า 15,000 บาท","ไม่มี (หากตอบ ""ไม่มี"" ให้ข้ามไปตอบตอนที่ 3)",,,,,,รูปลักษณ์ / ดีไซน์,"500,001-800,000 บาท",เพื่อใช้ในการเดินทางไปทำงาน,ยังไม่มีแนวโน้มที่จะซื้อ,รถยนต์สันดาป (ดีเซล / เบนซิน),เทคโนโลยีและความทันสมัย,4,3,5,5,5,5,5,4,4,5,5,5,5,5,4,5,5,5,5,4,5
"23/7/2026, 22:27:16",หญิง,24-26 ปี,ไม่มีบุตร,ปริญญาตรี,พนักงานเอกชน,1-2 คน,บ้านเดี่ยว / บ้านแฝด,เป็นเจ้าของ,มีที่จอดรถส่วนตัว,"15,001-25,000 บาท","ไม่มี (หากตอบ ""ไม่มี"" ให้ข้ามไปตอบตอนที่ 3)",,,,,,สมรรถนะในการขับขี่,"500,001-800,000 บาท",เพื่อใช้ในการเดินทางไปทำงาน,ยังไม่มีแนวโน้มที่จะซื้อ,รถยนต์ไฟฟ้า (EV),ราคาซื้อเริ่มต้น,5,3,3,5,5,5,5,5,4,5,3,4,4,3,5,5,5,4,4,5,4
"23/7/2026, 22:27:17",ชาย,31-40 ปี,2 คน,ปริญญาตรี,พนักงานเอกชน,1-2 คน,ทาวน์โฮม / ทาวเฮาท์,เช่า,มีที่จอดรถส่วนกลาง / เช่า,"ต่ำกว่า 15,000 บาท",มี,ขับในเมือง,5-6 วัน / สัปดาห์,10-30 กิโลเมตร,ราคาน้ำมัน,"รถยนต์สันดาป (ดีเซล / เบนซิน), รถยนต์ไฮบริด (Hybrid)","รูปลักษณ์ / ดีไซน์, การรับประกันและบริการหลังการขาย","800,001-1,200,000 บาท","เพื่อใช้ในการเดินทางไปทำงาน, เพื่อใช้ในการเดินทางท่องเที่ยว, เพื่อหลีกเลี่ยงปัญหาจากระบบการขนส่งมวลชน",ยังไม่มีแนวโน้มที่จะซื้อ,รถยนต์สันดาป (ดีเซล / เบนซิน),เทคโนโลยีและความทันสมัย,3,5,3,3,5,5,4,5,3,5,5,3,4,4,5,5,3,4,5,4,4
"23/7/2026, 22:27:17",หญิง,20-23 ปี,1 คน,ปริญญาเอก,ข้าราชการ,1-2 คน,บ้านเดี่ยว / บ้านแฝด,เป็นเจ้าของ,มีที่จอดรถส่วนตัว,"15,001-25,000 บาท","ไม่มี (หากตอบ ""ไม่มี"" ให้ข้ามไปตอบตอนที่ 3)",,,,,,รูปลักษณ์ / ดีไซน์,"800,001-1,200,000 บาท","เพื่อใช้ในการเดินทางไปทำงาน, เพื่อหลีกเลี่ยงปัญหาจากระบบการขนส่งมวลชน",ยังไม่มีแนวโน้มที่จะซื้อ,รถยนต์สันดาป (ดีเซล / เบนซิน),ค่าบำรุงรักษา,5,5,5,5,4,4,5,5,3,4,5,5,4,3,5,5,5,5,5,4,5
"23/7/2026, 22:27:18",ชาย,31-40 ปี,ไม่มีบุตร,ปริญญาตรี,ข้าราชการ,1-2 คน,ทาวน์โฮม / ทาวเฮาท์,เช่า,มีที่จอดรถส่วนตัว,"25,001-35,000 บาท","ไม่มี (หากตอบ ""ไม่มี"" ให้ข้ามไปตอบตอนที่ 3)",,,,,,สมรรถนะในการขับขี่,"500,001-800,000 บาท",เพื่อใช้ในการเดินทางไปทำงาน,ยังไม่มีแนวโน้มที่จะซื้อ,รถยนต์สันดาป (ดีเซล / เบนซิน),ค่าบำรุงรักษา,5,3,5,3,4,4,4,5,4,5,5,5,4,5,4,5,4,5,4,5,4
"23/7/2026, 22:27:19",หญิง,31-40 ปี,ไม่มีบุตร,ต่ำกว่า ม.3,อาชีพอิสระ,1-2 คน,ทาวน์โฮม / ทาวเฮาท์,เช่า,มีที่จอดรถส่วนตัว,"15,001-25,000 บาท",มี,ขับในเมือง,ใช้เป็นครั้งคราว,10-30 กิโลเมตร,ราคาน้ำมัน,รถยนต์สันดาป (ดีเซล / เบนซิน),ค่าน้ำมัน,"500,001-800,000 บาท","เพื่อใช้ในการเดินทางไปทำงาน, เพื่อใช้ในการค้าขาย, เพื่อใช้ในการเดินทางท่องเที่ยว",ยังไม่มีแนวโน้มที่จะซื้อ,รถยนต์ไฟฟ้า (EV),ค่าบำรุงรักษา,5,5,4,5,5,5,5,5,4,5,4,3,4,5,5,4,5,4,5,5,4
"23/7/2026, 22:27:20",ชาย,41-50 ปี,ไม่มีบุตร,ปริญญาตรี,รัฐวิสาหกิจ,5 คนขึ้นไป,ทาวน์โฮม / ทาวเฮาท์,เช่า,มีที่จอดรถส่วนตัว,"25,001-35,000 บาท","ไม่มี (หากตอบ ""ไม่มี"" ให้ข้ามไปตอบตอนที่ 3)",,,,,,ค่าน้ำมัน,"ต่ำกว่า 500,000 บาท",เพื่อใช้ในการเดินทางไปทำงาน,ยังไม่มีแนวโน้มที่จะซื้อ,รถยนต์ไฮบริด (Hybrid),"ค่าบำรุงรักษา, เทคโนโลยีและความทันสมัย",4,5,5,5,4,5,5,4,5,5,5,4,5,5,4,5,5,3,3,5,3
"23/7/2026, 22:27:21",ชาย,41-50 ปี,ไม่มีบุตร,ปริญญาตรี,พนักงานเอกชน,1-2 คน,ทาวน์โฮม / ทาวเฮาท์,เช่า,ไม่มีที่จอดรถ,"ต่ำกว่า 15,000 บาท",มี,ขับในเมือง,ใช้เป็นครั้งคราว,น้อยกว่า 10 กิโลเมตร,มูลค่าการขายต่อ,"รถยนต์สันดาป (ดีเซล / เบนซิน), รถยนต์ไฮบริด (Hybrid)",ค่าน้ำมัน,"500,001-800,000 บาท",เพื่อหลีกเลี่ยงปัญหาจากระบบการขนส่งมวลชน,มีแนวโน้มที่จะซื้อ,รถยนต์ไฮบริด (Hybrid),ค่าบำรุงรักษา,5,4,5,3,5,5,5,5,3,3,4,5,4,3,5,3,5,5,5,3,5
"23/7/2026, 22:27:21",หญิง,41-50 ปี,1 คน,ปวช. / ปวส.,รัฐวิสาหกิจ,1-2 คน,ทาวน์โฮม / ทาวเฮาท์,เช่า,มีที่จอดรถส่วนตัว,"ต่ำกว่า 15,000 บาท",มี,ขับทั้งในเมืองและนอกเมือง,ใช้เป็นครั้งคราว,10-30 กิโลเมตร,ราคาน้ำมัน,รถยนต์ไฟฟ้า (EV),รูปลักษณ์ / ดีไซน์,"500,001-800,000 บาท","เพื่อใช้ในการเดินทางไปทำงาน, เพื่อความสะดวกในการเดินทาง",ยังไม่มีแนวโน้มที่จะซื้อ,รถยนต์ไฮบริด (Hybrid),"ราคาซื้อเริ่มต้น, ค่าบำรุงรักษา",5,4,3,5,4,4,4,4,5,5,4,5,5,4,4,5,5,4,4,5,3
"23/7/2026, 22:27:22",หญิง,41-50 ปี,ไม่มีบุตร,ปริญญาตรี,รัฐวิสาหกิจ,5 คนขึ้นไป,ทาวน์โฮม / ทาวเฮาท์,เช่า,มีที่จอดรถส่วนตัว,"ต่ำกว่า 15,000 บาท","ไม่มี (หากตอบ ""ไม่มี"" ให้ข้ามไปตอบตอนที่ 3)",,,,,,สมรรถนะในการขับขี่,"800,001-1,200,000 บาท",เพื่อใช้ในการเดินทางไปทำงาน,ยังไม่มีแนวโน้มที่จะซื้อ,รถยนต์สันดาป (ดีเซล / เบนซิน),ราคาซื้อเริ่มต้น,4,5,4,5,4,5,5,4,4,5,4,4,4,5,5,4,4,5,5,5,5
"23/7/2026, 22:27:23",หญิง,27-30 ปี,ไม่มีบุตร,ปวช. / ปวส.,พนักงานเอกชน,5 คนขึ้นไป,ทาวน์โฮม / ทาวเฮาท์,เป็นเจ้าของ,มีที่จอดรถส่วนตัว,"25,001-35,000 บาท",มี,ขับทั้งในเมืองและนอกเมือง,ใช้เป็นครั้งคราว,น้อยกว่า 10 กิโลเมตร,ศูนย์บริการและอะไหล่,รถยนต์สันดาป (ดีเซล / เบนซิน),"ค่าน้ำมัน, เทคโนโลยีและฟังก์ชันภายในรถ","500,001-800,000 บาท",เพื่อใช้ในการเดินทางไปทำงาน,ยังไม่มีแนวโน้มที่จะซื้อ,รถยนต์สันดาป (ดีเซล / เบนซิน),ประหยัดค่าเชื้อเพลิง,5,4,4,4,4,4,5,4,4,5,5,4,5,5,5,5,3,5,2,4,4
"23/7/2026, 22:27:23",ชาย,27-30 ปี,ไม่มีบุตร,ปริญญาตรี,รัฐวิสาหกิจ,1-2 คน,ทาวน์โฮม / ทาวเฮาท์,พักอาศัยกับครอบครัว / ผู้อื่น,มีที่จอดรถส่วนตัว,"15,001-25,000 บาท",มี,ขับทั้งในเมืองและนอกเมือง,ใช้เป็นครั้งคราว,10-30 กิโลเมตร,มูลค่าการขายต่อ,รถยนต์สันดาป (ดีเซล / เบนซิน),"ราคา, ค่าน้ำมัน","ต่ำกว่า 500,000 บาท",เพื่อใช้ในการเดินทางไปทำงาน,ยังไม่มีแนวโน้มที่จะซื้อ,รถยนต์ไฮบริด (Hybrid),ราคาซื้อเริ่มต้น,5,5,5,4,5,3,5,5,4,5,5,4,5,4,5,5,5,4,5,5,4
"23/7/2026, 22:27:24",หญิง,20-23 ปี,2 คน,ปริญญาตรี,รัฐวิสาหกิจ,1-2 คน,ทาวน์โฮม / ทาวเฮาท์,เช่า,มีที่จอดรถส่วนตัว,"25,001-35,000 บาท",มี,ขับทั้งในเมืองและนอกเมือง,1-2 วัน / สัปดาห์,10-30 กิโลเมตร,"ราคาน้ำมัน, มูลค่าการขายต่อ",รถยนต์สันดาป (ดีเซล / เบนซิน),ค่าน้ำมัน,"ต่ำกว่า 500,000 บาท","เพื่อใช้ในการเดินทางไปทำงาน, เพื่อใช้ในการเดินทางท่องเที่ยว",มีแนวโน้มที่จะซื้อ,รถยนต์สันดาป (ดีเซล / เบนซิน),ค่าบำรุงรักษา,4,4,5,4,4,5,5,4,4,4,4,3,3,5,4,4,4,5,5,4,3
"23/7/2026, 22:27:25",ชาย,27-30 ปี,1 คน,ม.3,ข้าราชการ,5 คนขึ้นไป,ทาวน์โฮม / ทาวเฮาท์,เช่า,มีที่จอดรถส่วนตัว,"15,001-25,000 บาท",มี,ขับทั้งในเมืองและนอกเมือง,5-6 วัน / สัปดาห์,น้อยกว่า 10 กิโลเมตร,ปั๊มน้ำมัน / สถานีชาร์จ,"รถยนต์สันดาป (ดีเซล / เบนซิน), รถยนต์ไฟฟ้า (EV)",การรับประกันและบริการหลังการขาย,"500,001-800,000 บาท",เพื่อหลีกเลี่ยงปัญหาจากระบบการขนส่งมวลชน,ยังไม่มีแนวโน้มที่จะซื้อ,รถยนต์ไฮบริด (Hybrid),"ราคาซื้อเริ่มต้น, ความสะดวกในการใช้งาน, เทคโนโลยีและความทันสมัย",5,5,4,5,5,4,5,5,5,4,5,4,4,5,3,5,5,3,5,5,5
"23/7/2026, 22:27:26",หญิง,31-40 ปี,1 คน,ต่ำกว่า ม.3,เจ้าของกิจการ,1-2 คน,บ้านเดี่ยว / บ้านแฝด,เช่า,มีที่จอดรถส่วนกลาง / เช่า,"35,001-50,000 บาท",มี,ขับทั้งในเมืองและนอกเมือง,ใช้เป็นครั้งคราว,31-50 กิโลเมตร,อายุการใช้งาน,"รถยนต์สันดาป (ดีเซล / เบนซิน), รถยนต์ไฮบริด (Hybrid)",การรับประกันและบริการหลังการขาย,"500,001-800,000 บาท",เพื่อใช้ในการเดินทางไปทำงาน,ยังไม่มีแนวโน้มที่จะซื้อ,รถยนต์ไฮบริด (Hybrid),ค่าบำรุงรักษา,4,5,4,4,3,5,5,4,3,4,5,5,4,4,5,4,5,4,4,3,5
"23/7/2026, 22:27:27",ชาย,27-30 ปี,1 คน,ม.3,ข้าราชการ,1-2 คน,ทาวน์โฮม / ทาวเฮาท์,เช่า,มีที่จอดรถส่วนตัว,"25,001-35,000 บาท","ไม่มี (หากตอบ ""ไม่มี"" ให้ข้ามไปตอบตอนที่ 3)",,,,,,สมรรถนะในการขับขี่,"500,001-800,000 บาท",เพื่อใช้ในการเดินทางไปทำงาน,ยังไม่มีแนวโน้มที่จะซื้อ,รถยนต์สันดาป (ดีเซล / เบนซิน),"ประหยัดค่าเชื้อเพลิง, ค่าบำรุงรักษา",2,4,4,4,4,3,5,5,3,5,5,4,5,4,5,5,4,3,5,3,5
"23/7/2026, 22:27:28",หญิง,41-50 ปี,ไม่มีบุตร,ปริญญาตรี,ข้าราชการ,1-2 คน,คอนโด / อพาร์ตเมนต์ / หอพัก,เป็นเจ้าของ,มีที่จอดรถส่วนตัว,"25,001-35,000 บาท","ไม่มี (หากตอบ ""ไม่มี"" ให้ข้ามไปตอบตอนที่ 3)",,,,,,สมรรถนะในการขับขี่,"500,001-800,000 บาท",เพื่อหลีกเลี่ยงปัญหาจากระบบการขนส่งมวลชน,ยังไม่มีแนวโน้มที่จะซื้อ,รถยนต์ไฮบริด (Hybrid),"ค่าบำรุงรักษา, ความสะดวกในการใช้งาน",4,5,4,4,5,3,4,3,5,4,3,3,5,5,5,4,4,5,5,5,5
"23/7/2026, 22:27:29",ชาย,31-40 ปี,1 คน,ต่ำกว่า ม.3,อาชีพอิสระ,1-2 คน,ทาวน์โฮม / ทาวเฮาท์,เช่า,ไม่มีที่จอดรถ,"25,001-35,000 บาท",มี,ขับทั้งในเมืองและนอกเมือง,ใช้เป็นครั้งคราว,น้อยกว่า 10 กิโลเมตร,ราคาน้ำมัน,รถยนต์สันดาป (ดีเซล / เบนซิน),รูปลักษณ์ / ดีไซน์,"500,001-800,000 บาท",เพื่อความสะดวกในการเดินทาง,ยังไม่มีแนวโน้มที่จะซื้อ,รถยนต์ไฮบริด (Hybrid),ค่าบำรุงรักษา,4,5,4,5,5,5,5,5,5,4,5,5,4,5,4,4,4,4,4,4,5
"23/7/2026, 22:27:30",ชาย,20-23 ปี,3 คน,ต่ำกว่า ม.3,พนักงานเอกชน,1-2 คน,ทาวน์โฮม / ทาวเฮาท์,เช่า,มีที่จอดรถส่วนตัว,"25,001-35,000 บาท","ไม่มี (หากตอบ ""ไม่มี"" ให้ข้ามไปตอบตอนที่ 3)",,,,,,"ค่าน้ำมัน, สมรรถนะในการขับขี่, รูปลักษณ์ / ดีไซน์","500,001-800,000 บาท",เพื่อใช้ในการเดินทางไปทำงาน,ยังไม่มีแนวโน้มที่จะซื้อ,รถยนต์ไฟฟ้า (EV),ค่าบำรุงรักษา,4,5,5,5,4,5,5,2,5,4,3,4,2,3,3,5,5,5,4,5,5
"23/7/2026, 22:27:30",หญิง,31-40 ปี,ไม่มีบุตร,ปริญญาตรี,รัฐวิสาหกิจ,1-2 คน,ทาวน์โฮม / ทาวเฮาท์,เช่า,มีที่จอดรถส่วนตัว,"15,001-25,000 บาท",มี,ขับในเมือง,5-6 วัน / สัปดาห์,น้อยกว่า 10 กิโลเมตร,ราคาน้ำมัน,"รถยนต์สันดาป (ดีเซล / เบนซิน), รถยนต์ไฮบริด (Hybrid)",ค่าไฟฟ้า,"500,001-800,000 บาท",เพื่อใช้ในการเดินทางไปทำงาน,มีแนวโน้มที่จะซื้อ,รถยนต์ไฟฟ้า (EV),ค่าบำรุงรักษา,5,4,5,3,4,5,5,4,5,3,5,5,4,3,3,5,4,5,5,5,3
"23/7/2026, 22:27:31",หญิง,20-23 ปี,ไม่มีบุตร,ปวช. / ปวส.,รัฐวิสาหกิจ,5 คนขึ้นไป,ทาวน์โฮม / ทาวเฮาท์,เป็นเจ้าของ,มีที่จอดรถส่วนตัว,"15,001-25,000 บาท",มี,ขับในเมือง,ใช้เป็นครั้งคราว,น้อยกว่า 10 กิโลเมตร,"ราคาน้ำมัน, มูลค่าการขายต่อ","รถยนต์สันดาป (ดีเซล / เบนซิน), รถยนต์ไฟฟ้า (EV)","ราคา, การรับประกันและบริการหลังการขาย","500,001-800,000 บาท",เพื่อใช้ในการเดินทางไปทำงาน,ยังไม่มีแนวโน้มที่จะซื้อ,รถยนต์ไฟฟ้า (EV),ค่าบำรุงรักษา,4,5,5,4,3,4,4,5,5,5,4,5,4,5,5,5,5,5,5,5,4
"23/7/2026, 22:27:32",ชาย,20-23 ปี,1 คน,ปริญญาตรี,รัฐวิสาหกิจ,5 คนขึ้นไป,ทาวน์โฮม / ทาวเฮาท์,เช่า,มีที่จอดรถส่วนตัว,"ต่ำกว่า 15,000 บาท","ไม่มี (หากตอบ ""ไม่มี"" ให้ข้ามไปตอบตอนที่ 3)",,,,,,ค่าน้ำมัน,"1,200,000-1,500,000 บาท","เพื่อใช้ในการเดินทางไปทำงาน, เพื่อใช้ในการเดินทางท่องเที่ยว, เพื่อหลีกเลี่ยงปัญหาจากระบบการขนส่งมวลชน",ยังไม่มีแนวโน้มที่จะซื้อ,รถยนต์ไฟฟ้า (EV),ค่าบำรุงรักษา,5,5,3,2,4,5,5,4,4,5,5,5,5,5,3,5,3,4,4,5,5
"23/7/2026, 22:27:33",หญิง,20-23 ปี,ไม่มีบุตร,ต่ำกว่า ม.3,รัฐวิสาหกิจ,1-2 คน,ทาวน์โฮม / ทาวเฮาท์,เช่า,มีที่จอดรถส่วนตัว,"15,001-25,000 บาท",มี,ขับในเมือง,ใช้เป็นครั้งคราว,น้อยกว่า 10 กิโลเมตร,"ราคาน้ำมัน, ปั๊มน้ำมัน / สถานีชาร์จ, มูลค่าการขายต่อ",รถยนต์สันดาป (ดีเซล / เบนซิน),สมรรถนะในการขับขี่,"500,001-800,000 บาท","เพื่อใช้ในการเดินทางไปทำงาน, เพื่อความสะดวกในการเดินทาง",ยังไม่มีแนวโน้มที่จะซื้อ,รถยนต์สันดาป (ดีเซล / เบนซิน),ค่าบำรุงรักษา,5,4,4,5,4,5,3,5,5,4,4,4,5,5,3,5,3,5,4,4,3
"23/7/2026, 22:27:34",หญิง,20-23 ปี,ไม่มีบุตร,ต่ำกว่า ม.3,ข้าราชการ,1-2 คน,ทาวน์โฮม / ทาวเฮาท์,เช่า,มีที่จอดรถส่วนตัว,"25,001-35,000 บาท",มี,ขับในเมือง,ใช้เป็นครั้งคราว,10-30 กิโลเมตร,ราคาน้ำมัน,รถยนต์ไฟฟ้า (EV),สมรรถนะในการขับขี่,"500,001-800,000 บาท",เพื่อใช้ในการเดินทางไปทำงาน,ยังไม่มีแนวโน้มที่จะซื้อ,รถยนต์ไฮบริด (Hybrid),ค่าบำรุงรักษา,2,4,3,5,5,5,4,5,4,5,4,5,5,4,4,3,5,3,4,5,5
"23/7/2026, 22:27:35",ชาย,31-40 ปี,1 คน,ต่ำกว่า ม.3,รัฐวิสาหกิจ,5 คนขึ้นไป,ทาวน์โฮม / ทาวเฮาท์,เช่า,มีที่จอดรถส่วนตัว,"15,001-25,000 บาท","ไม่มี (หากตอบ ""ไม่มี"" ให้ข้ามไปตอบตอนที่ 3)",,,,,,การรับประกันและบริการหลังการขาย,"500,001-800,000 บาท",เพื่อใช้ในการเดินทางไปทำงาน,ยังไม่มีแนวโน้มที่จะซื้อ,รถยนต์สันดาป (ดีเซล / เบนซิน),ค่าบำรุงรักษา,4,4,4,5,5,4,4,5,4,4,4,3,4,4,5,4,4,5,4,5,5
"23/7/2026, 22:27:35",ชาย,41-50 ปี,ไม่มีบุตร,ปริญญาตรี,รัฐวิสาหกิจ,5 คนขึ้นไป,ทาวน์โฮม / ทาวเฮาท์,เป็นเจ้าของ,มีที่จอดรถส่วนตัว,"ต่ำกว่า 15,000 บาท","ไม่มี (หากตอบ ""ไม่มี"" ให้ข้ามไปตอบตอนที่ 3)",,,,,,สมรรถนะในการขับขี่,"800,001-1,200,000 บาท",เพื่อใช้ในการค้าขาย,ยังไม่มีแนวโน้มที่จะซื้อ,รถยนต์ไฟฟ้า (EV),ค่าบำรุงรักษา,5,5,4,3,5,5,5,4,4,4,4,5,5,4,5,5,5,4,5,4,4
"23/7/2026, 22:27:36",หญิง,27-30 ปี,2 คน,ต่ำกว่า ม.3,ข้าราชการ,1-2 คน,ทาวน์โฮม / ทาวเฮาท์,เช่า,มีที่จอดรถส่วนตัว,"15,001-25,000 บาท",มี,ขับทั้งในเมืองและนอกเมือง,1-2 วัน / สัปดาห์,10-30 กิโลเมตร,ราคาน้ำมัน,รถยนต์สันดาป (ดีเซล / เบนซิน),สมรรถนะในการขับขี่,"500,001-800,000 บาท","เพื่อใช้ในการเดินทางไปทำงาน, เพื่อใช้ในการค้าขาย",ยังไม่มีแนวโน้มที่จะซื้อ,รถยนต์สันดาป (ดีเซล / เบนซิน),ราคาซื้อเริ่มต้น,4,5,5,5,4,5,5,5,2,5,2,3,4,3,5,5,2,5,5,5,3
"23/7/2026, 22:27:37",หญิง,41-50 ปี,ไม่มีบุตร,ม.6,อาชีพอิสระ,1-2 คน,ทาวน์โฮม / ทาวเฮาท์,เช่า,มีที่จอดรถส่วนตัว,"25,001-35,000 บาท","ไม่มี (หากตอบ ""ไม่มี"" ให้ข้ามไปตอบตอนที่ 3)",,,,,,สมรรถนะในการขับขี่,"ต่ำกว่า 500,000 บาท",เพื่อใช้ในการเดินทางท่องเที่ยว,ยังไม่มีแนวโน้มที่จะซื้อ,รถยนต์ไฮบริด (Hybrid),ค่าบำรุงรักษา,4,5,5,3,5,3,4,4,5,4,4,4,4,5,5,4,4,5,3,5,3
"23/7/2026, 22:27:38",หญิง,20-23 ปี,1 คน,ปริญญาเอก,พนักงานเอกชน,1-2 คน,ทาวน์โฮม / ทาวเฮาท์,เช่า,มีที่จอดรถส่วนกลาง / เช่า,"50,001-75,000 บาท",มี,ขับทั้งในเมืองและนอกเมือง,ใช้เป็นครั้งคราว,น้อยกว่า 10 กิโลเมตร,ราคาน้ำมัน,รถยนต์สันดาป (ดีเซล / เบนซิน),สมรรถนะในการขับขี่,"800,001-1,200,000 บาท",เพื่อใช้ในการเดินทางไปทำงาน,ยังไม่มีแนวโน้มที่จะซื้อ,รถยนต์สันดาป (ดีเซล / เบนซิน),ค่าบำรุงรักษา,4,5,5,5,5,4,4,5,5,4,5,3,5,3,5,4,4,3,4,5,3
"23/7/2026, 22:27:39",หญิง,20-23 ปี,2 คน,ปริญญาตรี,นักเรียน / นักศึกษา,1-2 คน,ทาวน์โฮม / ทาวเฮาท์,พักอาศัยกับครอบครัว / ผู้อื่น,มีที่จอดรถส่วนตัว,"35,001-50,000 บาท","ไม่มี (หากตอบ ""ไม่มี"" ให้ข้ามไปตอบตอนที่ 3)",,,,,,"ค่าน้ำมัน, ค่าซ่อมบำรุง, การรับประกันและบริการหลังการขาย","1,200,000-1,500,000 บาท","เพื่อใช้ในการเดินทางไปทำงาน, เพื่อหลีกเลี่ยงปัญหาจากระบบการขนส่งมวลชน",ยังไม่มีแนวโน้มที่จะซื้อ,รถยนต์ไฮบริด (Hybrid),"ราคาซื้อเริ่มต้น, ค่าบำรุงรักษา",5,4,4,3,3,5,5,4,4,4,5,4,5,5,5,5,5,5,5,5,3
"23/7/2026, 22:27:39",หญิง,51-60 ปี,ไม่มีบุตร,ต่ำกว่า ม.3,รัฐวิสาหกิจ,5 คนขึ้นไป,คอนโด / อพาร์ตเมนต์ / หอพัก,เช่า,ไม่มีที่จอดรถ,"25,001-35,000 บาท",มี,ขับทั้งในเมืองและนอกเมือง,ใช้เป็นครั้งคราว,71-90 กิโลเมตร,"ราคาน้ำมัน, มูลค่าการขายต่อ",รถยนต์สันดาป (ดีเซล / เบนซิน),การรับประกันและบริการหลังการขาย,"500,001-800,000 บาท",เพื่อใช้ในการเดินทางไปทำงาน,ยังไม่มีแนวโน้มที่จะซื้อ,รถยนต์ไฟฟ้า (EV),ค่าบำรุงรักษา,4,4,4,5,5,4,4,5,3,5,5,4,3,5,5,5,4,3,3,5,3
"23/7/2026, 22:27:40",หญิง,31-40 ปี,2 คน,ปริญญาตรี,ข้าราชการ,5 คนขึ้นไป,ทาวน์โฮม / ทาวเฮาท์,เป็นเจ้าของ,มีที่จอดรถส่วนกลาง / เช่า,"25,001-35,000 บาท",มี,ขับในเมือง,5-6 วัน / สัปดาห์,น้อยกว่า 10 กิโลเมตร,ราคาน้ำมัน,รถยนต์สันดาป (ดีเซล / เบนซิน),"ค่าน้ำมัน, ค่าซ่อมบำรุง","500,001-800,000 บาท",เพื่อใช้ในการเดินทางไปทำงาน,มีแนวโน้มที่จะซื้อ,รถยนต์ไฮบริด (Hybrid),"ราคาซื้อเริ่มต้น, เทคโนโลยีและความทันสมัย",3,5,4,5,5,5,4,5,5,5,4,5,4,4,4,4,3,5,3,4,5
"23/7/2026, 22:27:41",หญิง,27-30 ปี,1 คน,ม.6,เจ้าของกิจการ,5 คนขึ้นไป,คอนโด / อพาร์ตเมนต์ / หอพัก,เช่า,มีที่จอดรถส่วนตัว,"15,001-25,000 บาท",มี,ขับทั้งในเมืองและนอกเมือง,ใช้เป็นครั้งคราว,31-50 กิโลเมตร,ราคาน้ำมัน,รถยนต์สันดาป (ดีเซล / เบนซิน),ค่าซ่อมบำรุง,"800,001-1,200,000 บาท","เพื่อใช้ในการเดินทางไปทำงาน, เพื่อความสะดวกในการเดินทาง",มีแนวโน้มที่จะซื้อ,รถยนต์สันดาป (ดีเซล / เบนซิน),"ความสะดวกในการใช้งาน, เทคโนโลยีและความทันสมัย",4,3,5,5,4,5,2,4,5,5,4,5,3,5,5,4,5,5,4,5,5
"23/7/2026, 22:27:42",หญิง,41-50 ปี,มากกว่า 3 คน,ปริญญาตรี,พนักงานเอกชน,1-2 คน,คอนโด / อพาร์ตเมนต์ / หอพัก,เป็นเจ้าของ,มีที่จอดรถส่วนตัว,"25,001-35,000 บาท",มี,ขับทั้งในเมืองและนอกเมือง,5-6 วัน / สัปดาห์,10-30 กิโลเมตร,"ราคาน้ำมัน, ค่าไฟฟ้า, มูลค่าการขายต่อ",รถยนต์สันดาป (ดีเซล / เบนซิน),การรับประกันและบริการหลังการขาย,"500,001-800,000 บาท",เพื่อใช้ในการเดินทางไปทำงาน,ยังไม่มีแนวโน้มที่จะซื้อ,รถยนต์สันดาป (ดีเซล / เบนซิน),ประหยัดค่าเชื้อเพลิง,5,4,4,5,4,5,3,4,4,4,4,5,5,4,5,4,3,3,5,5,3
"23/7/2026, 22:27:43",ชาย,20-23 ปี,ไม่มีบุตร,ปวช. / ปวส.,รัฐวิสาหกิจ,5 คนขึ้นไป,ทาวน์โฮม / ทาวเฮาท์,เช่า,มีที่จอดรถส่วนกลาง / เช่า,"15,001-25,000 บาท",มี,ขับในเมือง,ใช้เป็นครั้งคราว,10-30 กิโลเมตร,"ราคาน้ำมัน, มูลค่าการขายต่อ","รถยนต์สันดาป (ดีเซล / เบนซิน), รถยนต์ไฟฟ้า (EV)",สมรรถนะในการขับขี่,"1,200,000-1,500,000 บาท","เพื่อใช้ในการเดินทางไปทำงาน, เพื่อใช้ในการเดินทางท่องเที่ยว",ยังไม่มีแนวโน้มที่จะซื้อ,รถยนต์สันดาป (ดีเซล / เบนซิน),ค่าบำรุงรักษา,5,5,5,5,4,5,4,5,4,5,5,5,5,3,4,5,4,5,4,5,5
"23/7/2026, 22:27:43",หญิง,41-50 ปี,ไม่มีบุตร,ต่ำกว่า ม.3,พนักงานเอกชน,1-2 คน,ทาวน์โฮม / ทาวเฮาท์,เป็นเจ้าของ,มีที่จอดรถส่วนตัว,"25,001-35,000 บาท",มี,ขับทั้งในเมืองและนอกเมือง,5-6 วัน / สัปดาห์,10-30 กิโลเมตร,ราคาน้ำมัน,รถยนต์ไฮบริด (Hybrid),สมรรถนะในการขับขี่,"500,001-800,000 บาท",เพื่อใช้ในการเดินทางไปทำงาน,ยังไม่มีแนวโน้มที่จะซื้อ,รถยนต์สันดาป (ดีเซล / เบนซิน),ราคาซื้อเริ่มต้น,5,5,4,5,5,5,5,4,4,4,5,5,5,5,4,3,4,5,5,3,5
"23/7/2026, 22:27:44",ชาย,31-40 ปี,1 คน,ปริญญาตรี,ข้าราชการ,1-2 คน,ทาวน์โฮม / ทาวเฮาท์,เช่า,มีที่จอดรถส่วนกลาง / เช่า,"15,001-25,000 บาท",มี,ขับในเมือง,1-2 วัน / สัปดาห์,71-90 กิโลเมตร,ราคาน้ำมัน,รถยนต์สันดาป (ดีเซล / เบนซิน),สมรรถนะในการขับขี่,"500,001-800,000 บาท","เพื่อใช้ในการเดินทางไปทำงาน, เพื่อใช้ในการค้าขาย",ยังไม่มีแนวโน้มที่จะซื้อ,รถยนต์ไฟฟ้า (EV),ค่าบำรุงรักษา,4,5,4,5,5,4,5,5,4,5,5,3,5,5,5,4,4,5,5,5,4
"23/7/2026, 22:27:45",หญิง,24-26 ปี,2 คน,ปวช. / ปวส.,ข้าราชการ,1-2 คน,ทาวน์โฮม / ทาวเฮาท์,เช่า,มีที่จอดรถส่วนกลาง / เช่า,"25,001-35,000 บาท",มี,ขับในเมือง,ใช้เป็นครั้งคราว,น้อยกว่า 10 กิโลเมตร,ราคาน้ำมัน,รถยนต์สันดาป (ดีเซล / เบนซิน),เทคโนโลยีและฟังก์ชันภายในรถ,"800,001-1,200,000 บาท",เพื่อใช้ในการค้าขาย,มีแนวโน้มที่จะซื้อ,รถยนต์ไฟฟ้า (EV),ราคาซื้อเริ่มต้น,5,4,5,2,5,5,5,5,4,4,5,5,4,3,5,3,5,5,5,4,5
"23/7/2026, 22:27:46",ชาย,31-40 ปี,2 คน,ม.6,พนักงานเอกชน,5 คนขึ้นไป,คอนโด / อพาร์ตเมนต์ / หอพัก,เช่า,มีที่จอดรถส่วนกลาง / เช่า,"25,001-35,000 บาท","ไม่มี (หากตอบ ""ไม่มี"" ให้ข้ามไปตอบตอนที่ 3)",,,,,,ความคุ้มค่าโดยรวม,"500,001-800,000 บาท",เพื่อใช้ในการเดินทางไปทำงาน,ยังไม่มีแนวโน้มที่จะซื้อ,รถยนต์สันดาป (ดีเซล / เบนซิน),เทคโนโลยีและความทันสมัย,3,5,5,4,4,4,5,5,4,3,4,2,5,5,4,5,5,4,4,5,4
"23/7/2026, 22:27:46",หญิง,41-50 ปี,มากกว่า 3 คน,ปริญญาตรี,ข้าราชการ,1-2 คน,คอนโด / อพาร์ตเมนต์ / หอพัก,เช่า,มีที่จอดรถส่วนกลาง / เช่า,"25,001-35,000 บาท",มี,ขับในเมือง,5-6 วัน / สัปดาห์,10-30 กิโลเมตร,ราคาน้ำมัน,"รถยนต์สันดาป (ดีเซล / เบนซิน), รถยนต์ไฟฟ้า (EV)",ความสามารถในการผ่อนชำระ,"1,200,000-1,500,000 บาท",เพื่อใช้ในการเดินทางไปทำงาน,ยังไม่มีแนวโน้มที่จะซื้อ,รถยนต์สันดาป (ดีเซล / เบนซิน),เทคโนโลยีและความทันสมัย,5,3,4,5,5,5,5,5,4,4,4,5,5,4,5,5,4,4,3,5,5
"23/7/2026, 22:27:47",ชาย,31-40 ปี,1 คน,ปวช. / ปวส.,เจ้าของกิจการ,1-2 คน,บ้านเดี่ยว / บ้านแฝด,เช่า,มีที่จอดรถส่วนตัว,"35,001-50,000 บาท","ไม่มี (หากตอบ ""ไม่มี"" ให้ข้ามไปตอบตอนที่ 3)",,,,,,ค่าซ่อมบำรุง,"1,200,000-1,500,000 บาท",เพื่อใช้ในการเดินทางไปทำงาน,ยังไม่มีแนวโน้มที่จะซื้อ,รถยนต์สันดาป (ดีเซล / เบนซิน),ค่าบำรุงรักษา,4,5,4,4,5,5,4,3,5,5,5,5,5,5,5,4,5,4,5,4,4
"23/7/2026, 22:27:48",หญิง,41-50 ปี,1 คน,ปริญญาโท,พนักงานเอกชน,1-2 คน,ทาวน์โฮม / ทาวเฮาท์,เช่า,มีที่จอดรถส่วนตัว,"15,001-25,000 บาท",มี,ขับทั้งในเมืองและนอกเมือง,ใช้เป็นครั้งคราว,31-50 กิโลเมตร,ราคาน้ำมัน,รถยนต์ไฮบริด (Hybrid),"ค่าน้ำมัน, สมรรถนะในการขับขี่, รูปลักษณ์ / ดีไซน์","500,001-800,000 บาท","เพื่อใช้ในการเดินทางไปทำงาน, เพื่อใช้ในการเดินทางท่องเที่ยว",ยังไม่มีแนวโน้มที่จะซื้อ,รถยนต์สันดาป (ดีเซล / เบนซิน),"เป็นมิตรต่อสิ่งแวดล้อม, เทคโนโลยีและความทันสมัย",5,5,5,4,5,5,5,5,4,5,3,5,5,2,5,5,3,4,5,5,5
"23/7/2026, 22:27:49",หญิง,31-40 ปี,ไม่มีบุตร,ม.3,พนักงานเอกชน,5 คนขึ้นไป,บ้านเดี่ยว / บ้านแฝด,เป็นเจ้าของ,มีที่จอดรถส่วนตัว,"15,001-25,000 บาท",มี,ขับทั้งในเมืองและนอกเมือง,ใช้เป็นครั้งคราว,10-30 กิโลเมตร,ราคาน้ำมัน,รถยนต์ไฮบริด (Hybrid),สมรรถนะในการขับขี่,"500,001-800,000 บาท","เพื่อใช้ในการค้าขาย, เพื่อหลีกเลี่ยงปัญหาจากระบบการขนส่งมวลชน",ยังไม่มีแนวโน้มที่จะซื้อ,รถยนต์สันดาป (ดีเซล / เบนซิน),ราคาซื้อเริ่มต้น,4,4,4,5,4,4,4,5,5,4,5,5,4,5,5,3,3,5,4,4,4
"23/7/2026, 22:27:50",ชาย,31-40 ปี,ไม่มีบุตร,ปริญญาตรี,ข้าราชการ,1-2 คน,คอนโด / อพาร์ตเมนต์ / หอพัก,เช่า,มีที่จอดรถส่วนตัว,"ต่ำกว่า 15,000 บาท","ไม่มี (หากตอบ ""ไม่มี"" ให้ข้ามไปตอบตอนที่ 3)",,,,,,สมรรถนะในการขับขี่,"800,001-1,200,000 บาท",เพื่อใช้ในการเดินทางไปทำงาน,ยังไม่มีแนวโน้มที่จะซื้อ,รถยนต์สันดาป (ดีเซล / เบนซิน),ค่าบำรุงรักษา,5,4,5,5,5,4,5,3,5,3,3,5,4,4,5,5,3,4,4,3,4
"23/7/2026, 22:27:50",หญิง,31-40 ปี,2 คน,ม.3,เจ้าของกิจการ,1-2 คน,ทาวน์โฮม / ทาวเฮาท์,เป็นเจ้าของ,มีที่จอดรถส่วนตัว,"35,001-50,000 บาท",มี,ขับนอกเมือง,ใช้งานทุกวัน,10-30 กิโลเมตร,"ราคาน้ำมัน, ศูนย์บริการและอะไหล่, อายุการใช้งาน",รถยนต์สันดาป (ดีเซล / เบนซิน),สมรรถนะในการขับขี่,"800,001-1,200,000 บาท",เพื่อใช้ในการเดินทางไปทำงาน,ยังไม่มีแนวโน้มที่จะซื้อ,รถยนต์ไฟฟ้า (EV),ราคาซื้อเริ่มต้น,4,4,5,5,4,5,5,5,4,3,5,4,4,4,5,2,3,5,4,5,3
"23/7/2026, 22:27:51",หญิง,27-30 ปี,ไม่มีบุตร,ต่ำกว่า ม.3,ข้าราชการ,5 คนขึ้นไป,บ้านเดี่ยว / บ้านแฝด,เช่า,มีที่จอดรถส่วนตัว,"25,001-35,000 บาท",มี,ขับทั้งในเมืองและนอกเมือง,ใช้งานทุกวัน,น้อยกว่า 10 กิโลเมตร,ค่าไฟฟ้า,รถยนต์สันดาป (ดีเซล / เบนซิน),สมรรถนะในการขับขี่,"1,200,000-1,500,000 บาท",เพื่อใช้ในการเดินทางไปทำงาน,ยังไม่มีแนวโน้มที่จะซื้อ,รถยนต์สันดาป (ดีเซล / เบนซิน),ค่าบำรุงรักษา,4,5,5,5,4,5,5,5,4,5,4,4,5,5,4,3,5,4,4,5,5
"23/7/2026, 22:27:51",หญิง,31-40 ปี,1 คน,ปริญญาตรี,ข้าราชการ,1-2 คน,ทาวน์โฮม / ทาวเฮาท์,เช่า,มีที่จอดรถส่วนตัว,"ต่ำกว่า 15,000 บาท","ไม่มี (หากตอบ ""ไม่มี"" ให้ข้ามไปตอบตอนที่ 3)",,,,,,"ค่าน้ำมัน, สมรรถนะในการขับขี่","500,001-800,000 บาท","เพื่อใช้ในการเดินทางไปทำงาน, เพื่อใช้ในการเดินทางท่องเที่ยว",มีแนวโน้มที่จะซื้อ,รถยนต์สันดาป (ดีเซล / เบนซิน),ราคาซื้อเริ่มต้น,5,4,5,5,4,4,5,3,4,5,4,4,5,5,5,5,5,5,4,3,5
"23/7/2026, 22:27:52",ชาย,24-26 ปี,ไม่มีบุตร,ปวช. / ปวส.,พนักงานเอกชน,1-2 คน,ทาวน์โฮม / ทาวเฮาท์,เป็นเจ้าของ,มีที่จอดรถส่วนตัว,"15,001-25,000 บาท","ไม่มี (หากตอบ ""ไม่มี"" ให้ข้ามไปตอบตอนที่ 3)",,,,,,สมรรถนะในการขับขี่,"800,001-1,200,000 บาท",เพื่อใช้ในการเดินทางไปทำงาน,ยังไม่มีแนวโน้มที่จะซื้อ,รถยนต์สันดาป (ดีเซล / เบนซิน),"ค่าบำรุงรักษา, ความสะดวกในการใช้งาน, เทคโนโลยีและความทันสมัย",5,3,5,5,5,4,5,2,4,4,3,4,4,5,4,4,4,5,5,4,5
"23/7/2026, 22:27:53",ชาย,41-50 ปี,ไม่มีบุตร,ปริญญาตรี,ข้าราชการ,1-2 คน,ทาวน์โฮม / ทาวเฮาท์,เป็นเจ้าของ,มีที่จอดรถส่วนตัว,"35,001-50,000 บาท",มี,ขับในเมือง,ใช้งานทุกวัน,10-30 กิโลเมตร,อายุการใช้งาน,"รถยนต์สันดาป (ดีเซล / เบนซิน), รถยนต์ไฟฟ้า (EV)",การรับประกันและบริการหลังการขาย,"800,001-1,200,000 บาท",เพื่อใช้ในการเดินทางไปทำงาน,ยังไม่มีแนวโน้มที่จะซื้อ,รถยนต์ไฟฟ้า (EV),"ราคาซื้อเริ่มต้น, เทคโนโลยีและความทันสมัย",3,5,5,4,3,5,5,4,3,5,4,5,2,4,4,5,5,5,5,4,4
"23/7/2026, 22:27:54",ชาย,41-50 ปี,1 คน,ปริญญาตรี,พนักงานเอกชน,1-2 คน,ทาวน์โฮม / ทาวเฮาท์,เช่า,มีที่จอดรถส่วนตัว,"ต่ำกว่า 15,000 บาท",มี,ขับทั้งในเมืองและนอกเมือง,ใช้เป็นครั้งคราว,10-30 กิโลเมตร,ราคาน้ำมัน,รถยนต์สันดาป (ดีเซล / เบนซิน),รูปลักษณ์ / ดีไซน์,"1,200,000-1,500,000 บาท",เพื่อใช้ในการเดินทางไปทำงาน,ยังไม่มีแนวโน้มที่จะซื้อ,รถยนต์ไฟฟ้า (EV),"ค่าบำรุงรักษา, ความสะดวกในการใช้งาน",5,4,4,4,5,5,4,4,5,5,4,5,4,4,5,5,5,5,5,4,5
"23/7/2026, 22:27:54",ชาย,20-23 ปี,ไม่มีบุตร,ม.3,ข้าราชการ,1-2 คน,ทาวน์โฮม / ทาวเฮาท์,เช่า,มีที่จอดรถส่วนตัว,"ต่ำกว่า 15,000 บาท",มี,ขับในเมือง,ใช้เป็นครั้งคราว,31-50 กิโลเมตร,ศูนย์บริการและอะไหล่,รถยนต์ไฟฟ้า (EV),"ความสามารถในการผ่อนชำระ, ค่าน้ำมัน, การรับประกันและบริการหลังการขาย","500,001-800,000 บาท",เพื่อใช้ในการค้าขาย,ยังไม่มีแนวโน้มที่จะซื้อ,รถยนต์สันดาป (ดีเซล / เบนซิน),"ประหยัดค่าเชื้อเพลิง, ความสะดวกในการใช้งาน, เทคโนโลยีและความทันสมัย",5,5,4,5,4,5,4,4,5,3,5,5,4,5,5,4,5,4,5,5,5
"23/7/2026, 22:27:55",ชาย,31-40 ปี,2 คน,ต่ำกว่า ม.3,นักเรียน / นักศึกษา,5 คนขึ้นไป,ทาวน์โฮม / ทาวเฮาท์,เช่า,มีที่จอดรถส่วนตัว,"35,001-50,000 บาท","ไม่มี (หากตอบ ""ไม่มี"" ให้ข้ามไปตอบตอนที่ 3)",,,,,,สมรรถนะในการขับขี่,"800,001-1,200,000 บาท",เพื่อใช้ในการเดินทางไปทำงาน,ยังไม่มีแนวโน้มที่จะซื้อ,รถยนต์สันดาป (ดีเซล / เบนซิน),"ราคาซื้อเริ่มต้น, ค่าบำรุงรักษา",5,4,4,4,4,4,5,4,4,5,5,5,5,3,4,5,5,5,5,4,3
"23/7/2026, 22:27:56",หญิง,41-50 ปี,1 คน,ม.3,พนักงานเอกชน,1-2 คน,ทาวน์โฮม / ทาวเฮาท์,เป็นเจ้าของ,มีที่จอดรถส่วนตัว,"15,001-25,000 บาท",มี,ขับทั้งในเมืองและนอกเมือง,ใช้เป็นครั้งคราว,71-90 กิโลเมตร,"ราคาน้ำมัน, ปั๊มน้ำมัน / สถานีชาร์จ, ศูนย์บริการและอะไหล่",รถยนต์สันดาป (ดีเซล / เบนซิน),สมรรถนะในการขับขี่,"800,001-1,200,000 บาท","เพื่อใช้ในการเดินทางไปทำงาน, เพื่อความสะดวกในการเดินทาง",ยังไม่มีแนวโน้มที่จะซื้อ,รถยนต์สันดาป (ดีเซล / เบนซิน),"ราคาซื้อเริ่มต้น, ประหยัดค่าเชื้อเพลิง, ค่าบำรุงรักษา, เทคโนโลยีและความทันสมัย",4,5,5,4,5,4,4,5,3,4,4,5,5,5,5,5,5,4,4,5,3
"23/7/2026, 22:27:56",หญิง,20-23 ปี,ไม่มีบุตร,ต่ำกว่า ม.3,นักเรียน / นักศึกษา,1-2 คน,ทาวน์โฮม / ทาวเฮาท์,เป็นเจ้าของ,มีที่จอดรถส่วนตัว,"15,001-25,000 บาท",มี,ขับทั้งในเมืองและนอกเมือง,ใช้เป็นครั้งคราว,10-30 กิโลเมตร,ราคาน้ำมัน,รถยนต์ไฟฟ้า (EV),"ความสามารถในการผ่อนชำระ, สมรรถนะในการขับขี่","500,001-800,000 บาท","เพื่อใช้ในการเดินทางไปทำงาน, เพื่อใช้ในการเดินทางท่องเที่ยว",ยังไม่มีแนวโน้มที่จะซื้อ,รถยนต์ไฮบริด (Hybrid),ราคาซื้อเริ่มต้น,5,5,4,4,5,3,5,5,5,4,5,4,4,5,4,5,4,5,4,5,4
"23/7/2026, 22:27:57",หญิง,31-40 ปี,ไม่มีบุตร,ต่ำกว่า ม.3,รัฐวิสาหกิจ,1-2 คน,ทาวน์โฮม / ทาวเฮาท์,เช่า,มีที่จอดรถส่วนตัว,"15,001-25,000 บาท",มี,ขับในเมือง,ใช้งานทุกวัน,มากกว่า 90 กิโลเมตร,ราคาน้ำมัน,รถยนต์ไฮบริด (Hybrid),เทคโนโลยีและฟังก์ชันภายในรถ,"500,001-800,000 บาท",เพื่อใช้ในการเดินทางไปทำงาน,ยังไม่มีแนวโน้มที่จะซื้อ,รถยนต์สันดาป (ดีเซล / เบนซิน),"ประหยัดค่าเชื้อเพลิง, ค่าบำรุงรักษา, เทคโนโลยีและความทันสมัย",5,4,5,3,5,4,5,4,4,5,5,5,5,4,5,5,3,4,5,5,4
"23/7/2026, 22:27:58",หญิง,27-30 ปี,2 คน,ปริญญาตรี,ข้าราชการ,1-2 คน,ทาวน์โฮม / ทาวเฮาท์,เช่า,มีที่จอดรถส่วนตัว,"25,001-35,000 บาท","ไม่มี (หากตอบ ""ไม่มี"" ให้ข้ามไปตอบตอนที่ 3)",,,,,,สมรรถนะในการขับขี่,"1,200,000-1,500,000 บาท",เพื่อใช้ในการเดินทางไปทำงาน,ยังไม่มีแนวโน้มที่จะซื้อ,รถยนต์ไฟฟ้า (EV),ความสะดวกในการใช้งาน,4,5,5,5,5,3,4,5,5,5,5,5,5,3,4,3,5,4,4,5,4
"23/7/2026, 22:27:59",หญิง,31-40 ปี,ไม่มีบุตร,ปวช. / ปวส.,รัฐวิสาหกิจ,1-2 คน,ทาวน์โฮม / ทาวเฮาท์,เช่า,มีที่จอดรถส่วนตัว,"ต่ำกว่า 15,000 บาท",มี,ขับในเมือง,5-6 วัน / สัปดาห์,51-70 กิโลเมตร,ราคาน้ำมัน,"รถยนต์สันดาป (ดีเซล / เบนซิน), รถยนต์ไฮบริด (Hybrid)","ค่าน้ำมัน, รูปลักษณ์ / ดีไซน์, การรับประกันและบริการหลังการขาย","500,001-800,000 บาท",เพื่อใช้ในการเดินทางไปทำงาน,ยังไม่มีแนวโน้มที่จะซื้อ,รถยนต์สันดาป (ดีเซล / เบนซิน),ค่าบำรุงรักษา,4,5,4,4,5,5,5,5,4,5,5,5,5,5,5,4,5,4,5,4,4
"23/7/2026, 22:28:00",ชาย,41-50 ปี,ไม่มีบุตร,ต่ำกว่า ม.3,นักเรียน / นักศึกษา,1-2 คน,คอนโด / อพาร์ตเมนต์ / หอพัก,เช่า,มีที่จอดรถส่วนตัว,"15,001-25,000 บาท","ไม่มี (หากตอบ ""ไม่มี"" ให้ข้ามไปตอบตอนที่ 3)",,,,,,รูปลักษณ์ / ดีไซน์,"800,001-1,200,000 บาท",เพื่อใช้ในการเดินทางไปทำงาน,ยังไม่มีแนวโน้มที่จะซื้อ,รถยนต์ไฮบริด (Hybrid),"ราคาซื้อเริ่มต้น, ค่าบำรุงรักษา",2,4,5,5,4,5,4,4,4,5,5,5,4,5,4,4,5,4,4,3,5
"23/7/2026, 22:28:00",ชาย,41-50 ปี,2 คน,ปริญญาตรี,นักเรียน / นักศึกษา,1-2 คน,ทาวน์โฮม / ทาวเฮาท์,เช่า,มีที่จอดรถส่วนตัว,"15,001-25,000 บาท",มี,ขับในเมือง,ใช้เป็นครั้งคราว,31-50 กิโลเมตร,ราคาน้ำมัน,รถยนต์สันดาป (ดีเซล / เบนซิน),สมรรถนะในการขับขี่,"500,001-800,000 บาท",เพื่อใช้ในการเดินทางไปทำงาน,ยังไม่มีแนวโน้มที่จะซื้อ,รถยนต์สันดาป (ดีเซล / เบนซิน),"ราคาซื้อเริ่มต้น, ความสะดวกในการใช้งาน",5,5,5,4,5,4,5,3,5,4,5,5,4,5,5,3,4,4,5,5,5
"23/7/2026, 22:28:01",ชาย,20-23 ปี,1 คน,ม.3,ข้าราชการ,1-2 คน,บ้านเดี่ยว / บ้านแฝด,เป็นเจ้าของ,มีที่จอดรถส่วนตัว,"15,001-25,000 บาท","ไม่มี (หากตอบ ""ไม่มี"" ให้ข้ามไปตอบตอนที่ 3)",,,,,,"รูปลักษณ์ / ดีไซน์, การรับประกันและบริการหลังการขาย","500,001-800,000 บาท",เพื่อใช้ในการเดินทางท่องเที่ยว,ยังไม่มีแนวโน้มที่จะซื้อ,รถยนต์สันดาป (ดีเซล / เบนซิน),ค่าบำรุงรักษา,5,4,3,3,4,4,4,5,4,4,3,5,5,5,4,5,4,4,5,5,4
"23/7/2026, 22:28:02",ชาย,31-40 ปี,ไม่มีบุตร,ม.3,เจ้าของกิจการ,1-2 คน,ทาวน์โฮม / ทาวเฮาท์,เช่า,มีที่จอดรถส่วนตัว,"15,001-25,000 บาท",มี,ขับทั้งในเมืองและนอกเมือง,ใช้เป็นครั้งคราว,10-30 กิโลเมตร,ราคาน้ำมัน,"รถยนต์สันดาป (ดีเซล / เบนซิน), รถยนต์ไฮบริด (Hybrid)",รูปลักษณ์ / ดีไซน์,"500,001-800,000 บาท",เพื่อใช้ในการเดินทางไปทำงาน,ยังไม่มีแนวโน้มที่จะซื้อ,รถยนต์สันดาป (ดีเซล / เบนซิน),ค่าบำรุงรักษา,5,4,4,4,4,5,5,3,5,5,5,5,4,5,5,4,3,2,4,2,5
"23/7/2026, 22:28:02",หญิง,27-30 ปี,ไม่มีบุตร,ต่ำกว่า ม.3,นักเรียน / นักศึกษา,1-2 คน,ทาวน์โฮม / ทาวเฮาท์,เช่า,มีที่จอดรถส่วนกลาง / เช่า,"25,001-35,000 บาท","ไม่มี (หากตอบ ""ไม่มี"" ให้ข้ามไปตอบตอนที่ 3)",,,,,,รูปลักษณ์ / ดีไซน์,"800,001-1,200,000 บาท","เพื่อใช้ในการเดินทางไปทำงาน, เพื่อใช้ในการค้าขาย, เพื่อใช้ในการเดินทางท่องเที่ยว",ยังไม่มีแนวโน้มที่จะซื้อ,รถยนต์สันดาป (ดีเซล / เบนซิน),ราคาซื้อเริ่มต้น,3,5,5,3,5,4,4,4,5,3,5,5,5,4,3,4,5,5,5,4,4
"23/7/2026, 22:28:03",หญิง,51-60 ปี,ไม่มีบุตร,ปริญญาตรี,รัฐวิสาหกิจ,5 คนขึ้นไป,ทาวน์โฮม / ทาวเฮาท์,เช่า,มีที่จอดรถส่วนกลาง / เช่า,"ต่ำกว่า 15,000 บาท",มี,ขับทั้งในเมืองและนอกเมือง,ใช้งานทุกวัน,31-50 กิโลเมตร,"ราคาน้ำมัน, ศูนย์บริการและอะไหล่",รถยนต์สันดาป (ดีเซล / เบนซิน),สมรรถนะในการขับขี่,"800,001-1,200,000 บาท",เพื่อใช้ในการเดินทางไปทำงาน,ยังไม่มีแนวโน้มที่จะซื้อ,รถยนต์สันดาป (ดีเซล / เบนซิน),ค่าบำรุงรักษา,4,5,5,5,4,4,5,5,3,5,4,4,4,5,5,5,4,4,5,5,5
"23/7/2026, 22:28:04",หญิง,51-60 ปี,ไม่มีบุตร,ม.3,นักเรียน / นักศึกษา,1-2 คน,บ้านเดี่ยว / บ้านแฝด,เป็นเจ้าของ,มีที่จอดรถส่วนตัว,"25,001-35,000 บาท","ไม่มี (หากตอบ ""ไม่มี"" ให้ข้ามไปตอบตอนที่ 3)",,,,,,สมรรถนะในการขับขี่,"500,001-800,000 บาท","เพื่อใช้ในการเดินทางไปทำงาน, เพื่อความสะดวกในการเดินทาง",ยังไม่มีแนวโน้มที่จะซื้อ,รถยนต์สันดาป (ดีเซล / เบนซิน),ค่าบำรุงรักษา,5,5,5,5,5,4,4,5,5,4,4,4,4,4,4,4,4,5,5,2,5
"23/7/2026, 22:28:05",หญิง,27-30 ปี,1 คน,ปริญญาตรี,พนักงานเอกชน,5 คนขึ้นไป,บ้านเดี่ยว / บ้านแฝด,เป็นเจ้าของ,มีที่จอดรถส่วนตัว,"15,001-25,000 บาท",มี,ขับนอกเมือง,ใช้เป็นครั้งคราว,น้อยกว่า 10 กิโลเมตร,ราคาน้ำมัน,รถยนต์สันดาป (ดีเซล / เบนซิน),สมรรถนะในการขับขี่,"800,001-1,200,000 บาท","เพื่อใช้ในการเดินทางไปทำงาน, เพื่อหลีกเลี่ยงปัญหาจากระบบการขนส่งมวลชน",ยังไม่มีแนวโน้มที่จะซื้อ,รถยนต์สันดาป (ดีเซล / เบนซิน),ค่าบำรุงรักษา,3,3,5,5,5,5,4,5,3,5,4,4,4,5,4,5,4,5,5,5,4
"23/7/2026, 22:28:06",ชาย,31-40 ปี,1 คน,ปริญญาตรี,อาชีพอิสระ,1-2 คน,ทาวน์โฮม / ทาวเฮาท์,เช่า,มีที่จอดรถส่วนตัว,"ต่ำกว่า 15,000 บาท","ไม่มี (หากตอบ ""ไม่มี"" ให้ข้ามไปตอบตอนที่ 3)",,,,,,"ค่าน้ำมัน, สมรรถนะในการขับขี่","500,001-800,000 บาท",เพื่อใช้ในการเดินทางไปทำงาน,มีแนวโน้มที่จะซื้อ,รถยนต์ไฮบริด (Hybrid),"ราคาซื้อเริ่มต้น, ค่าบำรุงรักษา",4,5,5,5,4,3,4,4,5,5,3,5,4,5,5,4,5,5,5,4,3
"23/7/2026, 22:28:06",หญิง,31-40 ปี,1 คน,ปริญญาตรี,รัฐวิสาหกิจ,3-4 คน,ทาวน์โฮม / ทาวเฮาท์,เป็นเจ้าของ,มีที่จอดรถส่วนตัว,"15,001-25,000 บาท",มี,ขับทั้งในเมืองและนอกเมือง,ใช้เป็นครั้งคราว,10-30 กิโลเมตร,มูลค่าการขายต่อ,รถยนต์สันดาป (ดีเซล / เบนซิน),สมรรถนะในการขับขี่,"800,001-1,200,000 บาท",เพื่อหลีกเลี่ยงปัญหาจากระบบการขนส่งมวลชน,ยังไม่มีแนวโน้มที่จะซื้อ,รถยนต์สันดาป (ดีเซล / เบนซิน),ค่าบำรุงรักษา,4,4,4,5,3,4,5,4,5,5,5,4,4,5,4,3,4,5,3,5,3
"23/7/2026, 22:28:07",ชาย,41-50 ปี,ไม่มีบุตร,ปริญญาตรี,พนักงานเอกชน,1-2 คน,ทาวน์โฮม / ทาวเฮาท์,เป็นเจ้าของ,มีที่จอดรถส่วนตัว,"ต่ำกว่า 15,000 บาท",มี,ขับทั้งในเมืองและนอกเมือง,ใช้เป็นครั้งคราว,31-50 กิโลเมตร,ศูนย์บริการและอะไหล่,รถยนต์สันดาป (ดีเซล / เบนซิน),สมรรถนะในการขับขี่,"500,001-800,000 บาท",เพื่อใช้ในการเดินทางไปทำงาน,มีแนวโน้มที่จะซื้อ,รถยนต์ไฟฟ้า (EV),ค่าบำรุงรักษา,5,3,3,4,5,5,5,5,5,5,5,5,5,5,5,5,4,5,5,4,5
"23/7/2026, 22:28:08",หญิง,51-60 ปี,1 คน,ปริญญาตรี,ข้าราชการ,1-2 คน,ทาวน์โฮม / ทาวเฮาท์,เป็นเจ้าของ,มีที่จอดรถส่วนตัว,"15,001-25,000 บาท","ไม่มี (หากตอบ ""ไม่มี"" ให้ข้ามไปตอบตอนที่ 3)",,,,,,สมรรถนะในการขับขี่,"1,200,000-1,500,000 บาท","เพื่อใช้ในการค้าขาย, เพื่อใช้ในการเดินทางท่องเที่ยว",มีแนวโน้มที่จะซื้อ,รถยนต์สันดาป (ดีเซล / เบนซิน),"ราคาซื้อเริ่มต้น, ค่าบำรุงรักษา, เทคโนโลยีและความทันสมัย",4,5,5,4,5,5,4,5,4,5,5,4,5,4,3,5,5,2,4,5,5
"23/7/2026, 22:28:09",หญิง,51-60 ปี,ไม่มีบุตร,ปวช. / ปวส.,รัฐวิสาหกิจ,5 คนขึ้นไป,คอนโด / อพาร์ตเมนต์ / หอพัก,เช่า,มีที่จอดรถส่วนตัว,"15,001-25,000 บาท",มี,ขับในเมือง,ใช้เป็นครั้งคราว,10-30 กิโลเมตร,"ราคาน้ำมัน, มูลค่าการขายต่อ",รถยนต์สันดาป (ดีเซล / เบนซิน),สมรรถนะในการขับขี่,"500,001-800,000 บาท","เพื่อใช้ในการเดินทางไปทำงาน, เพื่อใช้ในการเดินทางท่องเที่ยว",ยังไม่มีแนวโน้มที่จะซื้อ,รถยนต์ไฟฟ้า (EV),ค่าบำรุงรักษา,5,4,5,5,5,3,3,5,4,5,4,5,4,4,5,3,5,5,4,3,5
"23/7/2026, 22:28:10",หญิง,31-40 ปี,3 คน,ปวช. / ปวส.,พนักงานเอกชน,1-2 คน,ทาวน์โฮม / ทาวเฮาท์,เป็นเจ้าของ,มีที่จอดรถส่วนกลาง / เช่า,"25,001-35,000 บาท",มี,ขับนอกเมือง,1-2 วัน / สัปดาห์,10-30 กิโลเมตร,มูลค่าการขายต่อ,"รถยนต์สันดาป (ดีเซล / เบนซิน), รถยนต์ไฟฟ้า (EV)",สมรรถนะในการขับขี่,"800,001-1,200,000 บาท","เพื่อใช้ในการเดินทางท่องเที่ยว, เพื่อความสะดวกในการเดินทาง",ยังไม่มีแนวโน้มที่จะซื้อ,รถยนต์ไฮบริด (Hybrid),ค่าบำรุงรักษา,4,4,5,5,5,5,5,5,2,5,4,5,5,5,3,5,3,5,4,5,4
"23/7/2026, 22:28:11",หญิง,27-30 ปี,ไม่มีบุตร,ต่ำกว่า ม.3,ข้าราชการ,1-2 คน,ทาวน์โฮม / ทาวเฮาท์,เช่า,มีที่จอดรถส่วนกลาง / เช่า,"15,001-25,000 บาท",มี,ขับทั้งในเมืองและนอกเมือง,ใช้เป็นครั้งคราว,น้อยกว่า 10 กิโลเมตร,ราคาน้ำมัน,รถยนต์สันดาป (ดีเซล / เบนซิน),การรับประกันและบริการหลังการขาย,"500,001-800,000 บาท","เพื่อใช้ในการเดินทางไปทำงาน, เพื่อใช้ในการเดินทางท่องเที่ยว",ยังไม่มีแนวโน้มที่จะซื้อ,รถยนต์สันดาป (ดีเซล / เบนซิน),ค่าบำรุงรักษา,5,5,4,5,4,5,5,5,4,5,4,3,5,5,5,3,3,5,3,5,4
"23/7/2026, 22:28:11",ชาย,20-23 ปี,2 คน,ปริญญาเอก,ข้าราชการ,5 คนขึ้นไป,บ้านเดี่ยว / บ้านแฝด,เป็นเจ้าของ,มีที่จอดรถส่วนกลาง / เช่า,"15,001-25,000 บาท",มี,ขับในเมือง,5-6 วัน / สัปดาห์,10-30 กิโลเมตร,"ราคาน้ำมัน, ปั๊มน้ำมัน / สถานีชาร์จ, ศูนย์บริการและอะไหล่","รถยนต์สันดาป (ดีเซล / เบนซิน), รถยนต์ไฮบริด (Hybrid), รถยนต์ไฟฟ้า (EV)",รูปลักษณ์ / ดีไซน์,"800,001-1,200,000 บาท",เพื่อใช้ในการเดินทางไปทำงาน,มีแนวโน้มที่จะซื้อ,รถยนต์สันดาป (ดีเซล / เบนซิน),"ราคาซื้อเริ่มต้น, เทคโนโลยีและความทันสมัย",5,4,4,4,5,4,3,5,4,4,5,5,4,5,5,5,5,4,5,5,3
"23/7/2026, 22:28:12",หญิง,31-40 ปี,2 คน,ม.3,อาชีพอิสระ,5 คนขึ้นไป,ทาวน์โฮม / ทาวเฮาท์,เช่า,มีที่จอดรถส่วนตัว,"15,001-25,000 บาท","ไม่มี (หากตอบ ""ไม่มี"" ให้ข้ามไปตอบตอนที่ 3)",,,,,,"ค่าซ่อมบำรุง, สมรรถนะในการขับขี่, การรับประกันและบริการหลังการขาย","500,001-800,000 บาท",เพื่อใช้ในการเดินทางไปทำงาน,ยังไม่มีแนวโน้มที่จะซื้อ,รถยนต์สันดาป (ดีเซล / เบนซิน),"ราคาซื้อเริ่มต้น, ค่าบำรุงรักษา",4,4,4,4,4,5,5,4,5,4,5,5,4,3,4,5,5,5,5,4,4
"23/7/2026, 22:28:13",หญิง,20-23 ปี,1 คน,ม.3,พนักงานเอกชน,5 คนขึ้นไป,ทาวน์โฮม / ทาวเฮาท์,เช่า,มีที่จอดรถส่วนกลาง / เช่า,"15,001-25,000 บาท",มี,ขับนอกเมือง,1-2 วัน / สัปดาห์,น้อยกว่า 10 กิโลเมตร,ราคาน้ำมัน,รถยนต์สันดาป (ดีเซล / เบนซิน),สมรรถนะในการขับขี่,"800,001-1,200,000 บาท","เพื่อใช้ในการเดินทางท่องเที่ยว, เพื่อความสะดวกในการเดินทาง",ยังไม่มีแนวโน้มที่จะซื้อ,รถยนต์สันดาป (ดีเซล / เบนซิน),"ความสะดวกในการใช้งาน, เทคโนโลยีและความทันสมัย",3,4,4,5,4,3,5,5,5,4,5,4,4,4,4,5,5,3,5,5,4
"23/7/2026, 22:28:14",หญิง,31-40 ปี,ไม่มีบุตร,ปริญญาโท,ข้าราชการ,5 คนขึ้นไป,ทาวน์โฮม / ทาวเฮาท์,เช่า,ไม่มีที่จอดรถ,"35,001-50,000 บาท","ไม่มี (หากตอบ ""ไม่มี"" ให้ข้ามไปตอบตอนที่ 3)",,,,,,รูปลักษณ์ / ดีไซน์,"800,001-1,200,000 บาท","เพื่อใช้ในการเดินทางไปทำงาน, เพื่อความสะดวกในการเดินทาง",มีแนวโน้มที่จะซื้อ,รถยนต์สันดาป (ดีเซล / เบนซิน),"ประหยัดค่าเชื้อเพลิง, ค่าบำรุงรักษา, ความสะดวกในการใช้งาน",4,2,4,4,4,5,5,5,5,5,2,5,5,5,4,4,5,4,5,4,5
"23/7/2026, 22:28:14",หญิง,41-50 ปี,ไม่มีบุตร,ปริญญาตรี,ค้าขาย,1-2 คน,ทาวน์โฮม / ทาวเฮาท์,เป็นเจ้าของ,มีที่จอดรถส่วนกลาง / เช่า,"ต่ำกว่า 15,000 บาท",มี,ขับในเมือง,5-6 วัน / สัปดาห์,น้อยกว่า 10 กิโลเมตร,ราคาน้ำมัน,รถยนต์ไฟฟ้า (EV),"ค่าซ่อมบำรุง, รูปลักษณ์ / ดีไซน์, การรับประกันและบริการหลังการขาย","500,001-800,000 บาท",เพื่อใช้ในการเดินทางไปทำงาน,มีแนวโน้มที่จะซื้อ,รถยนต์สันดาป (ดีเซล / เบนซิน),ค่าบำรุงรักษา,4,4,5,3,4,4,3,5,5,4,4,5,5,5,4,4,4,3,5,4,4
"23/7/2026, 22:28:15",ชาย,51-60 ปี,ไม่มีบุตร,ต่ำกว่า ม.3,ข้าราชการ,5 คนขึ้นไป,ทาวน์โฮม / ทาวเฮาท์,พักอาศัยกับครอบครัว / ผู้อื่น,มีที่จอดรถส่วนตัว,"35,001-50,000 บาท","ไม่มี (หากตอบ ""ไม่มี"" ให้ข้ามไปตอบตอนที่ 3)",,,,,,สมรรถนะในการขับขี่,"ต่ำกว่า 500,000 บาท",เพื่อใช้ในการเดินทางไปทำงาน,ยังไม่มีแนวโน้มที่จะซื้อ,รถยนต์ไฟฟ้า (EV),ค่าบำรุงรักษา,4,3,4,5,4,5,4,4,4,4,5,5,4,4,5,5,3,3,5,4,5
"23/7/2026, 22:28:16",ชาย,20-23 ปี,ไม่มีบุตร,ปริญญาตรี,ข้าราชการ,3-4 คน,ทาวน์โฮม / ทาวเฮาท์,เช่า,มีที่จอดรถส่วนตัว,"25,001-35,000 บาท","ไม่มี (หากตอบ ""ไม่มี"" ให้ข้ามไปตอบตอนที่ 3)",,,,,,สมรรถนะในการขับขี่,"ต่ำกว่า 500,000 บาท",เพื่อหลีกเลี่ยงปัญหาจากระบบการขนส่งมวลชน,ยังไม่มีแนวโน้มที่จะซื้อ,รถยนต์ไฟฟ้า (EV),"ความสะดวกในการใช้งาน, เทคโนโลยีและความทันสมัย",5,5,5,4,4,5,5,2,5,4,4,4,5,4,4,5,4,4,3,3,4
"23/7/2026, 22:28:17",หญิง,20-23 ปี,ไม่มีบุตร,ปวช. / ปวส.,รัฐวิสาหกิจ,1-2 คน,บ้านเดี่ยว / บ้านแฝด,เช่า,มีที่จอดรถส่วนตัว,"15,001-25,000 บาท",มี,ขับในเมือง,1-2 วัน / สัปดาห์,71-90 กิโลเมตร,ราคาน้ำมัน,รถยนต์สันดาป (ดีเซล / เบนซิน),สมรรถนะในการขับขี่,"800,001-1,200,000 บาท",เพื่อใช้ในการเดินทางไปทำงาน,ยังไม่มีแนวโน้มที่จะซื้อ,รถยนต์ไฟฟ้า (EV),ความสะดวกในการใช้งาน,4,3,5,5,4,5,4,5,5,5,2,4,4,4,5,5,5,5,5,5,5
"23/7/2026, 22:28:18",หญิง,31-40 ปี,ไม่มีบุตร,ปริญญาเอก,ค้าขาย,3-4 คน,คอนโด / อพาร์ตเมนต์ / หอพัก,เช่า,มีที่จอดรถส่วนตัว,"15,001-25,000 บาท","ไม่มี (หากตอบ ""ไม่มี"" ให้ข้ามไปตอบตอนที่ 3)",,,,,,สมรรถนะในการขับขี่,"800,001-1,200,000 บาท",เพื่อใช้ในการเดินทางไปทำงาน,ยังไม่มีแนวโน้มที่จะซื้อ,รถยนต์ไฟฟ้า (EV),ความสะดวกในการใช้งาน,5,5,4,4,4,5,3,4,5,4,5,5,3,5,5,4,5,4,3,5,5
"23/7/2026, 22:28:18",หญิง,41-50 ปี,3 คน,ปริญญาตรี,รัฐวิสาหกิจ,1-2 คน,ทาวน์โฮม / ทาวเฮาท์,เช่า,มีที่จอดรถส่วนตัว,"25,001-35,000 บาท","ไม่มี (หากตอบ ""ไม่มี"" ให้ข้ามไปตอบตอนที่ 3)",,,,,,ค่าไฟฟ้า,"500,001-800,000 บาท",เพื่อใช้ในการเดินทางไปทำงาน,มีแนวโน้มที่จะซื้อ,รถยนต์สันดาป (ดีเซล / เบนซิน),ค่าบำรุงรักษา,5,4,3,5,5,3,4,3,4,5,4,5,4,4,5,5,4,4,5,5,3
"23/7/2026, 22:28:19",ชาย,27-30 ปี,2 คน,ต่ำกว่า ม.3,ข้าราชการ,5 คนขึ้นไป,คอนโด / อพาร์ตเมนต์ / หอพัก,เช่า,มีที่จอดรถส่วนตัว,"มากกว่า 75,000",มี,ขับในเมือง,ใช้เป็นครั้งคราว,น้อยกว่า 10 กิโลเมตร,มูลค่าการขายต่อ,รถยนต์ไฮบริด (Hybrid),"สมรรถนะในการขับขี่, เทคโนโลยีและฟังก์ชันภายในรถ","500,001-800,000 บาท",เพื่อใช้ในการเดินทางไปทำงาน,มีแนวโน้มที่จะซื้อ,รถยนต์สันดาป (ดีเซล / เบนซิน),"ราคาซื้อเริ่มต้น, ความสะดวกในการใช้งาน, เป็นมิตรต่อสิ่งแวดล้อม",5,4,5,5,4,5,4,5,5,5,4,4,5,5,5,3,3,4,4,5,5
"23/7/2026, 22:28:20",หญิง,31-40 ปี,2 คน,ปวช. / ปวส.,ข้าราชการ,5 คนขึ้นไป,คอนโด / อพาร์ตเมนต์ / หอพัก,พักอาศัยกับครอบครัว / ผู้อื่น,มีที่จอดรถส่วนกลาง / เช่า,"15,001-25,000 บาท","ไม่มี (หากตอบ ""ไม่มี"" ให้ข้ามไปตอบตอนที่ 3)",,,,,,"ค่าซ่อมบำรุง, รูปลักษณ์ / ดีไซน์, ความคุ้มค่าโดยรวม","800,001-1,200,000 บาท",เพื่อใช้ในการเดินทางไปทำงาน,ยังไม่มีแนวโน้มที่จะซื้อ,รถยนต์ไฮบริด (Hybrid),ค่าบำรุงรักษา,5,5,5,5,4,5,5,5,4,5,4,4,4,5,5,4,5,4,5,5,5
"23/7/2026, 22:28:21",หญิง,41-50 ปี,ไม่มีบุตร,ปริญญาตรี,รัฐวิสาหกิจ,1-2 คน,ทาวน์โฮม / ทาวเฮาท์,เช่า,มีที่จอดรถส่วนตัว,"25,001-35,000 บาท",มี,ขับในเมือง,ใช้เป็นครั้งคราว,น้อยกว่า 10 กิโลเมตร,ราคาน้ำมัน,รถยนต์สันดาป (ดีเซล / เบนซิน),สมรรถนะในการขับขี่,"500,001-800,000 บาท",เพื่อใช้ในการเดินทางไปทำงาน,ยังไม่มีแนวโน้มที่จะซื้อ,รถยนต์สันดาป (ดีเซล / เบนซิน),ค่าบำรุงรักษา,3,4,5,4,4,5,5,4,4,5,5,4,4,5,5,4,4,3,5,5,5
"23/7/2026, 22:28:21",ชาย,41-50 ปี,1 คน,ปริญญาตรี,ข้าราชการ,1-2 คน,คอนโด / อพาร์ตเมนต์ / หอพัก,เช่า,มีที่จอดรถส่วนตัว,"15,001-25,000 บาท",มี,ขับทั้งในเมืองและนอกเมือง,5-6 วัน / สัปดาห์,31-50 กิโลเมตร,ราคาน้ำมัน,รถยนต์ไฮบริด (Hybrid),สมรรถนะในการขับขี่,"800,001-1,200,000 บาท",เพื่อความสะดวกในการเดินทาง,ยังไม่มีแนวโน้มที่จะซื้อ,รถยนต์สันดาป (ดีเซล / เบนซิน),"ราคาซื้อเริ่มต้น, ค่าบำรุงรักษา",4,5,4,5,4,4,5,5,5,4,5,4,4,4,5,4,4,5,4,4,4
"23/7/2026, 22:28:22",หญิง,31-40 ปี,2 คน,ปวช. / ปวส.,ข้าราชการ,1-2 คน,ทาวน์โฮม / ทาวเฮาท์,เป็นเจ้าของ,มีที่จอดรถส่วนตัว,"15,001-25,000 บาท",มี,ขับในเมือง,ใช้เป็นครั้งคราว,น้อยกว่า 10 กิโลเมตร,"ราคาน้ำมัน, ปั๊มน้ำมัน / สถานีชาร์จ",รถยนต์สันดาป (ดีเซล / เบนซิน),รูปลักษณ์ / ดีไซน์,"800,001-1,200,000 บาท",เพื่อใช้ในการเดินทางไปทำงาน,ยังไม่มีแนวโน้มที่จะซื้อ,รถยนต์สันดาป (ดีเซล / เบนซิน),ค่าบำรุงรักษา,5,5,5,4,5,2,4,4,4,4,5,3,4,4,4,5,5,4,5,5,5
"23/7/2026, 22:28:22",หญิง,31-40 ปี,1 คน,ต่ำกว่า ม.3,ข้าราชการ,1-2 คน,ทาวน์โฮม / ทาวเฮาท์,เช่า,มีที่จอดรถส่วนกลาง / เช่า,"15,001-25,000 บาท","ไม่มี (หากตอบ ""ไม่มี"" ให้ข้ามไปตอบตอนที่ 3)",,,,,,รูปลักษณ์ / ดีไซน์,"800,001-1,200,000 บาท",เพื่อใช้ในการเดินทางไปทำงาน,ยังไม่มีแนวโน้มที่จะซื้อ,รถยนต์ไฟฟ้า (EV),ค่าบำรุงรักษา,5,5,4,3,3,5,5,5,3,5,5,4,5,3,3,5,5,4,4,5,5
"23/7/2026, 22:28:23",หญิง,20-23 ปี,1 คน,ต่ำกว่า ม.3,รัฐวิสาหกิจ,5 คนขึ้นไป,คอนโด / อพาร์ตเมนต์ / หอพัก,เช่า,มีที่จอดรถส่วนตัว,"50,001-75,000 บาท","ไม่มี (หากตอบ ""ไม่มี"" ให้ข้ามไปตอบตอนที่ 3)",,,,,,"ความสามารถในการผ่อนชำระ, สมรรถนะในการขับขี่, เทคโนโลยีและฟังก์ชันภายในรถ, การรับประกันและบริการหลังการขาย","500,001-800,000 บาท",เพื่อใช้ในการค้าขาย,ยังไม่มีแนวโน้มที่จะซื้อ,รถยนต์สันดาป (ดีเซล / เบนซิน),ค่าบำรุงรักษา,4,4,4,3,3,4,4,5,5,5,4,4,4,4,5,5,5,5,4,5,4
"23/7/2026, 22:28:24",หญิง,31-40 ปี,ไม่มีบุตร,ปริญญาตรี,รัฐวิสาหกิจ,5 คนขึ้นไป,ทาวน์โฮม / ทาวเฮาท์,เช่า,มีที่จอดรถส่วนตัว,"ต่ำกว่า 15,000 บาท",มี,ขับทั้งในเมืองและนอกเมือง,ใช้เป็นครั้งคราว,น้อยกว่า 10 กิโลเมตร,"ราคาน้ำมัน, อายุการใช้งาน",รถยนต์สันดาป (ดีเซล / เบนซิน),ค่าน้ำมัน,"500,001-800,000 บาท","เพื่อใช้ในการเดินทางไปทำงาน, เพื่อความสะดวกในการเดินทาง",ยังไม่มีแนวโน้มที่จะซื้อ,รถยนต์สันดาป (ดีเซล / เบนซิน),"ราคาซื้อเริ่มต้น, เทคโนโลยีและความทันสมัย",5,5,5,5,5,5,5,5,5,4,5,4,4,4,5,4,3,5,5,3,4
"23/7/2026, 22:28:25",หญิง,31-40 ปี,ไม่มีบุตร,ต่ำกว่า ม.3,อาชีพอิสระ,1-2 คน,ทาวน์โฮม / ทาวเฮาท์,พักอาศัยกับครอบครัว / ผู้อื่น,มีที่จอดรถส่วนตัว,"35,001-50,000 บาท","ไม่มี (หากตอบ ""ไม่มี"" ให้ข้ามไปตอบตอนที่ 3)",,,,,,การรับประกันและบริการหลังการขาย,"500,001-800,000 บาท",เพื่อใช้ในการเดินทางไปทำงาน,ยังไม่มีแนวโน้มที่จะซื้อ,รถยนต์สันดาป (ดีเซล / เบนซิน),"ความสะดวกในการใช้งาน, เทคโนโลยีและความทันสมัย",3,3,4,5,4,5,4,3,5,5,5,5,4,5,5,3,5,3,5,4,4
"23/7/2026, 22:28:25",หญิง,41-50 ปี,ไม่มีบุตร,ปริญญาโท,ข้าราชการ,5 คนขึ้นไป,บ้านเดี่ยว / บ้านแฝด,เป็นเจ้าของ,มีที่จอดรถส่วนตัว,"50,001-75,000 บาท","ไม่มี (หากตอบ ""ไม่มี"" ให้ข้ามไปตอบตอนที่ 3)",,,,,,การรับประกันและบริการหลังการขาย,"500,001-800,000 บาท","เพื่อใช้ในการเดินทางไปทำงาน, เพื่อใช้ในการเดินทางท่องเที่ยว",ยังไม่มีแนวโน้มที่จะซื้อ,รถยนต์สันดาป (ดีเซล / เบนซิน),"ราคาซื้อเริ่มต้น, ประหยัดค่าเชื้อเพลิง, ค่าบำรุงรักษา",4,5,4,5,2,5,4,5,4,3,5,4,5,5,5,4,5,4,3,4,5
"23/7/2026, 22:28:26",ชาย,31-40 ปี,2 คน,ปริญญาตรี,นักเรียน / นักศึกษา,1-2 คน,ทาวน์โฮม / ทาวเฮาท์,เช่า,มีที่จอดรถส่วนตัว,"ต่ำกว่า 15,000 บาท",มี,ขับนอกเมือง,ใช้เป็นครั้งคราว,31-50 กิโลเมตร,มูลค่าการขายต่อ,รถยนต์สันดาป (ดีเซล / เบนซิน),"ค่าน้ำมัน, เทคโนโลยีและฟังก์ชันภายในรถ","500,001-800,000 บาท","เพื่อใช้ในการเดินทางไปทำงาน, เพื่อใช้ในการค้าขาย",ยังไม่มีแนวโน้มที่จะซื้อ,รถยนต์ไฟฟ้า (EV),ความสะดวกในการใช้งาน,5,3,5,4,5,5,4,5,3,5,4,5,5,4,5,5,5,5,5,5,3
"23/7/2026, 22:28:27",ชาย,24-26 ปี,2 คน,ปวช. / ปวส.,พนักงานเอกชน,5 คนขึ้นไป,ทาวน์โฮม / ทาวเฮาท์,เช่า,มีที่จอดรถส่วนตัว,"35,001-50,000 บาท","ไม่มี (หากตอบ ""ไม่มี"" ให้ข้ามไปตอบตอนที่ 3)",,,,,,รูปลักษณ์ / ดีไซน์,"500,001-800,000 บาท","เพื่อใช้ในการเดินทางไปทำงาน, เพื่อใช้ในการเดินทางท่องเที่ยว",ยังไม่มีแนวโน้มที่จะซื้อ,รถยนต์สันดาป (ดีเซล / เบนซิน),"ราคาซื้อเริ่มต้น, ค่าบำรุงรักษา",3,5,5,4,5,4,4,3,4,4,5,5,5,5,4,4,4,5,4,4,5
"23/7/2026, 22:28:28",หญิง,31-40 ปี,1 คน,ต่ำกว่า ม.3,พนักงานเอกชน,1-2 คน,ทาวน์โฮม / ทาวเฮาท์,เป็นเจ้าของ,มีที่จอดรถส่วนตัว,"15,001-25,000 บาท",มี,ขับทั้งในเมืองและนอกเมือง,ใช้เป็นครั้งคราว,น้อยกว่า 10 กิโลเมตร,"ราคาน้ำมัน, อายุการใช้งาน",รถยนต์ไฟฟ้า (EV),สมรรถนะในการขับขี่,"500,001-800,000 บาท",เพื่อใช้ในการเดินทางไปทำงาน,ยังไม่มีแนวโน้มที่จะซื้อ,รถยนต์สันดาป (ดีเซล / เบนซิน),ค่าบำรุงรักษา,5,5,5,3,4,5,3,5,3,5,5,4,4,4,5,3,4,5,5,5,4
"23/7/2026, 22:28:28",หญิง,41-50 ปี,1 คน,ม.6,ข้าราชการ,5 คนขึ้นไป,ทาวน์โฮม / ทาวเฮาท์,เป็นเจ้าของ,มีที่จอดรถส่วนกลาง / เช่า,"35,001-50,000 บาท",มี,ขับในเมือง,ใช้เป็นครั้งคราว,31-50 กิโลเมตร,"ศูนย์บริการและอะไหล่, มูลค่าการขายต่อ",รถยนต์ไฮบริด (Hybrid),สมรรถนะในการขับขี่,"500,001-800,000 บาท",เพื่อใช้ในการเดินทางไปทำงาน,ยังไม่มีแนวโน้มที่จะซื้อ,รถยนต์สันดาป (ดีเซล / เบนซิน),เทคโนโลยีและความทันสมัย,4,3,4,5,5,4,5,5,4,5,5,5,5,5,4,5,5,5,3,5,3
"23/7/2026, 22:28:29",หญิง,20-23 ปี,ไม่มีบุตร,ม.6,ข้าราชการ,5 คนขึ้นไป,ทาวน์โฮม / ทาวเฮาท์,เช่า,มีที่จอดรถส่วนตัว,"35,001-50,000 บาท","ไม่มี (หากตอบ ""ไม่มี"" ให้ข้ามไปตอบตอนที่ 3)",,,,,,ค่าซ่อมบำรุง,"500,001-800,000 บาท",เพื่อใช้ในการเดินทางไปทำงาน,ยังไม่มีแนวโน้มที่จะซื้อ,รถยนต์สันดาป (ดีเซล / เบนซิน),ค่าบำรุงรักษา,5,5,4,3,4,5,4,3,5,5,4,5,4,4,5,5,5,4,5,3,4
"23/7/2026, 22:28:30",ชาย,27-30 ปี,1 คน,ปวช. / ปวส.,รัฐวิสาหกิจ,1-2 คน,ทาวน์โฮม / ทาวเฮาท์,เป็นเจ้าของ,มีที่จอดรถส่วนตัว,"ต่ำกว่า 15,000 บาท","ไม่มี (หากตอบ ""ไม่มี"" ให้ข้ามไปตอบตอนที่ 3)",,,,,,สมรรถนะในการขับขี่,"1,200,000-1,500,000 บาท",เพื่อใช้ในการเดินทางไปทำงาน,ยังไม่มีแนวโน้มที่จะซื้อ,รถยนต์ไฮบริด (Hybrid),"ราคาซื้อเริ่มต้น, ค่าบำรุงรักษา, ความสะดวกในการใช้งาน, เป็นมิตรต่อสิ่งแวดล้อม",4,5,5,4,4,5,3,4,4,4,5,4,5,5,5,5,4,5,5,5,4
"23/7/2026, 22:28:31",หญิง,20-23 ปี,1 คน,ปริญญาตรี,รัฐวิสาหกิจ,1-2 คน,ทาวน์โฮม / ทาวเฮาท์,เช่า,มีที่จอดรถส่วนตัว,"50,001-75,000 บาท",มี,ขับทั้งในเมืองและนอกเมือง,5-6 วัน / สัปดาห์,71-90 กิโลเมตร,ราคาน้ำมัน,รถยนต์ไฟฟ้า (EV),"ค่าซ่อมบำรุง, รูปลักษณ์ / ดีไซน์, การรับประกันและบริการหลังการขาย","500,001-800,000 บาท","เพื่อใช้ในการเดินทางไปทำงาน, เพื่อใช้ในการค้าขาย, เพื่อหลีกเลี่ยงปัญหาจากระบบการขนส่งมวลชน",ยังไม่มีแนวโน้มที่จะซื้อ,รถยนต์สันดาป (ดีเซล / เบนซิน),"ประหยัดค่าเชื้อเพลิง, ค่าบำรุงรักษา",3,3,5,4,5,5,4,4,3,4,4,5,2,4,4,5,3,5,5,4,4
"23/7/2026, 22:28:32",ชาย,41-50 ปี,1 คน,ปวช. / ปวส.,เจ้าของกิจการ,1-2 คน,ทาวน์โฮม / ทาวเฮาท์,เช่า,มีที่จอดรถส่วนตัว,"15,001-25,000 บาท","ไม่มี (หากตอบ ""ไม่มี"" ให้ข้ามไปตอบตอนที่ 3)",,,,,,รูปลักษณ์ / ดีไซน์,"1,200,000-1,500,000 บาท",เพื่อใช้ในการเดินทางไปทำงาน,มีแนวโน้มที่จะซื้อ,รถยนต์สันดาป (ดีเซล / เบนซิน),"ราคาซื้อเริ่มต้น, ความสะดวกในการใช้งาน",5,3,5,5,5,5,5,5,5,5,5,3,4,4,4,4,5,5,5,5,3
"23/7/2026, 22:28:32",หญิง,20-23 ปี,ไม่มีบุตร,ต่ำกว่า ม.3,นักเรียน / นักศึกษา,1-2 คน,ทาวน์โฮม / ทาวเฮาท์,เช่า,ไม่มีที่จอดรถ,"ต่ำกว่า 15,000 บาท",มี,ขับทั้งในเมืองและนอกเมือง,ใช้เป็นครั้งคราว,51-70 กิโลเมตร,"ราคาน้ำมัน, ค่าไฟฟ้า",รถยนต์สันดาป (ดีเซล / เบนซิน),สมรรถนะในการขับขี่,"500,001-800,000 บาท","เพื่อความสะดวกในการเดินทาง, เพื่อหลีกเลี่ยงปัญหาจากระบบการขนส่งมวลชน",ยังไม่มีแนวโน้มที่จะซื้อ,รถยนต์สันดาป (ดีเซล / เบนซิน),ค่าบำรุงรักษา,5,2,5,5,5,5,3,5,5,5,4,4,5,4,5,5,5,5,4,4,5
"23/7/2026, 22:28:33",หญิง,41-50 ปี,1 คน,ปริญญาโท,รัฐวิสาหกิจ,5 คนขึ้นไป,ทาวน์โฮม / ทาวเฮาท์,เช่า,มีที่จอดรถส่วนตัว,"50,001-75,000 บาท","ไม่มี (หากตอบ ""ไม่มี"" ให้ข้ามไปตอบตอนที่ 3)",,,,,,สมรรถนะในการขับขี่,"800,001-1,200,000 บาท",เพื่อใช้ในการเดินทางไปทำงาน,ยังไม่มีแนวโน้มที่จะซื้อ,รถยนต์สันดาป (ดีเซล / เบนซิน),"ราคาซื้อเริ่มต้น, ความสะดวกในการใช้งาน",4,4,4,5,4,5,5,4,5,5,4,4,4,5,4,4,3,4,4,5,4
"23/7/2026, 22:28:34",ชาย,20-23 ปี,ไม่มีบุตร,ต่ำกว่า ม.3,อาชีพอิสระ,1-2 คน,ทาวน์โฮม / ทาวเฮาท์,เช่า,มีที่จอดรถส่วนตัว,"15,001-25,000 บาท","ไม่มี (หากตอบ ""ไม่มี"" ให้ข้ามไปตอบตอนที่ 3)",,,,,,สมรรถนะในการขับขี่,"1,200,000-1,500,000 บาท",เพื่อใช้ในการเดินทางไปทำงาน,ยังไม่มีแนวโน้มที่จะซื้อ,รถยนต์สันดาป (ดีเซล / เบนซิน),เทคโนโลยีและความทันสมัย,5,3,4,5,5,5,5,4,5,2,5,5,4,3,5,4,4,5,4,4,4
"23/7/2026, 22:28:35",ชาย,27-30 ปี,ไม่มีบุตร,ต่ำกว่า ม.3,ข้าราชการ,1-2 คน,ทาวน์โฮม / ทาวเฮาท์,เช่า,มีที่จอดรถส่วนตัว,"15,001-25,000 บาท","ไม่มี (หากตอบ ""ไม่มี"" ให้ข้ามไปตอบตอนที่ 3)",,,,,,สมรรถนะในการขับขี่,"500,001-800,000 บาท",เพื่อใช้ในการเดินทางไปทำงาน,ยังไม่มีแนวโน้มที่จะซื้อ,รถยนต์ไฮบริด (Hybrid),ประหยัดค่าเชื้อเพลิง,5,5,5,4,4,5,3,5,4,4,3,5,4,5,5,4,4,5,4,4,5
"23/7/2026, 22:28:35",หญิง,20-23 ปี,1 คน,ปวช. / ปวส.,พนักงานเอกชน,1-2 คน,ทาวน์โฮม / ทาวเฮาท์,เป็นเจ้าของ,มีที่จอดรถส่วนตัว,"ต่ำกว่า 15,000 บาท","ไม่มี (หากตอบ ""ไม่มี"" ให้ข้ามไปตอบตอนที่ 3)",,,,,,สมรรถนะในการขับขี่,"500,001-800,000 บาท","เพื่อใช้ในการเดินทางไปทำงาน, เพื่อความสะดวกในการเดินทาง, เพื่อหลีกเลี่ยงปัญหาจากระบบการขนส่งมวลชน",มีแนวโน้มที่จะซื้อ,รถยนต์สันดาป (ดีเซล / เบนซิน),ค่าบำรุงรักษา,5,4,5,4,4,5,5,4,4,4,4,5,5,5,3,4,5,5,4,4,3
"23/7/2026, 22:28:36",ชาย,31-40 ปี,ไม่มีบุตร,ปวช. / ปวส.,พนักงานเอกชน,3-4 คน,ทาวน์โฮม / ทาวเฮาท์,เป็นเจ้าของ,มีที่จอดรถส่วนตัว,"25,001-35,000 บาท","ไม่มี (หากตอบ ""ไม่มี"" ให้ข้ามไปตอบตอนที่ 3)",,,,,,"ค่าน้ำมัน, สมรรถนะในการขับขี่","500,001-800,000 บาท",เพื่อใช้ในการเดินทางไปทำงาน,ยังไม่มีแนวโน้มที่จะซื้อ,รถยนต์สันดาป (ดีเซล / เบนซิน),ค่าบำรุงรักษา,4,5,4,4,3,3,5,5,2,5,3,4,5,5,4,3,5,3,4,4,5
"23/7/2026, 22:28:37",หญิง,31-40 ปี,ไม่มีบุตร,ต่ำกว่า ม.3,อาชีพอิสระ,1-2 คน,ทาวน์โฮม / ทาวเฮาท์,เช่า,มีที่จอดรถส่วนตัว,"50,001-75,000 บาท","ไม่มี (หากตอบ ""ไม่มี"" ให้ข้ามไปตอบตอนที่ 3)",,,,,,การรับประกันและบริการหลังการขาย,"500,001-800,000 บาท",เพื่อความสะดวกในการเดินทาง,มีแนวโน้มที่จะซื้อ,รถยนต์สันดาป (ดีเซล / เบนซิน),"ราคาซื้อเริ่มต้น, ประหยัดค่าเชื้อเพลิง",4,4,5,4,3,5,4,4,4,4,3,4,5,4,5,5,4,5,4,5,5
"23/7/2026, 22:28:38",หญิง,41-50 ปี,1 คน,ม.3,รัฐวิสาหกิจ,5 คนขึ้นไป,ทาวน์โฮม / ทาวเฮาท์,เช่า,มีที่จอดรถส่วนตัว,"ต่ำกว่า 15,000 บาท","ไม่มี (หากตอบ ""ไม่มี"" ให้ข้ามไปตอบตอนที่ 3)",,,,,,สมรรถนะในการขับขี่,"800,001-1,200,000 บาท",เพื่อใช้ในการเดินทางไปทำงาน,ยังไม่มีแนวโน้มที่จะซื้อ,รถยนต์สันดาป (ดีเซล / เบนซิน),ค่าบำรุงรักษา,3,5,5,5,5,5,4,4,5,4,5,5,2,4,5,3,5,5,4,5,5
"23/7/2026, 22:28:38",ชาย,31-40 ปี,1 คน,ปริญญาตรี,ข้าราชการ,1-2 คน,ทาวน์โฮม / ทาวเฮาท์,เช่า,มีที่จอดรถส่วนกลาง / เช่า,"50,001-75,000 บาท","ไม่มี (หากตอบ ""ไม่มี"" ให้ข้ามไปตอบตอนที่ 3)",,,,,,การรับประกันและบริการหลังการขาย,"800,001-1,200,000 บาท",เพื่อใช้ในการค้าขาย,ยังไม่มีแนวโน้มที่จะซื้อ,รถยนต์สันดาป (ดีเซล / เบนซิน),ค่าบำรุงรักษา,5,5,4,5,4,5,5,3,4,3,4,5,5,5,4,5,5,5,5,5,5
"23/7/2026, 22:28:39",หญิง,24-26 ปี,ไม่มีบุตร,ต่ำกว่า ม.3,ค้าขาย,1-2 คน,ทาวน์โฮม / ทาวเฮาท์,เป็นเจ้าของ,ไม่มีที่จอดรถ,"25,001-35,000 บาท","ไม่มี (หากตอบ ""ไม่มี"" ให้ข้ามไปตอบตอนที่ 3)",,,,,,ค่าไฟฟ้า,"800,001-1,200,000 บาท",เพื่อใช้ในการค้าขาย,ยังไม่มีแนวโน้มที่จะซื้อ,รถยนต์สันดาป (ดีเซล / เบนซิน),"ราคาซื้อเริ่มต้น, ค่าบำรุงรักษา",3,5,5,5,5,4,5,3,5,5,4,5,5,5,4,4,5,3,5,5,4
"23/7/2026, 22:28:40",ชาย,20-23 ปี,2 คน,ต่ำกว่า ม.3,พนักงานเอกชน,5 คนขึ้นไป,ทาวน์โฮม / ทาวเฮาท์,เช่า,มีที่จอดรถส่วนตัว,"25,001-35,000 บาท",มี,ขับในเมือง,ใช้เป็นครั้งคราว,31-50 กิโลเมตร,ราคาน้ำมัน,รถยนต์ไฮบริด (Hybrid),ค่าน้ำมัน,"500,001-800,000 บาท",เพื่อใช้ในการเดินทางไปทำงาน,ยังไม่มีแนวโน้มที่จะซื้อ,รถยนต์ไฟฟ้า (EV),"ประหยัดค่าเชื้อเพลิง, ความสะดวกในการใช้งาน",5,5,3,4,4,4,4,5,4,3,3,5,4,5,5,4,4,5,4,4,5
"23/7/2026, 22:28:41",หญิง,31-40 ปี,1 คน,ม.3,นักเรียน / นักศึกษา,1-2 คน,ทาวน์โฮม / ทาวเฮาท์,เป็นเจ้าของ,ไม่มีที่จอดรถ,"ต่ำกว่า 15,000 บาท",มี,ขับในเมือง,1-2 วัน / สัปดาห์,10-30 กิโลเมตร,ราคาน้ำมัน,รถยนต์สันดาป (ดีเซล / เบนซิน),สมรรถนะในการขับขี่,"500,001-800,000 บาท",เพื่อใช้ในการเดินทางไปทำงาน,ยังไม่มีแนวโน้มที่จะซื้อ,รถยนต์สันดาป (ดีเซล / เบนซิน),ค่าบำรุงรักษา,3,5,5,5,4,2,4,5,5,5,5,5,4,4,4,4,4,4,5,3,3
"23/7/2026, 22:28:42",หญิง,41-50 ปี,1 คน,ปริญญาเอก,รัฐวิสาหกิจ,1-2 คน,ทาวน์โฮม / ทาวเฮาท์,เช่า,มีที่จอดรถส่วนตัว,"25,001-35,000 บาท","ไม่มี (หากตอบ ""ไม่มี"" ให้ข้ามไปตอบตอนที่ 3)",,,,,,สมรรถนะในการขับขี่,"500,001-800,000 บาท",เพื่อใช้ในการเดินทางไปทำงาน,ยังไม่มีแนวโน้มที่จะซื้อ,รถยนต์ไฟฟ้า (EV),"ราคาซื้อเริ่มต้น, ค่าบำรุงรักษา",3,5,5,5,3,3,5,4,5,5,5,3,5,4,3,4,5,4,5,3,4
"23/7/2026, 22:28:42",หญิง,41-50 ปี,ไม่มีบุตร,ปริญญาโท,อาชีพอิสระ,1-2 คน,คอนโด / อพาร์ตเมนต์ / หอพัก,เป็นเจ้าของ,มีที่จอดรถส่วนตัว,"25,001-35,000 บาท","ไม่มี (หากตอบ ""ไม่มี"" ให้ข้ามไปตอบตอนที่ 3)",,,,,,"รูปลักษณ์ / ดีไซน์, การรับประกันและบริการหลังการขาย","500,001-800,000 บาท",เพื่อใช้ในการเดินทางไปทำงาน,ยังไม่มีแนวโน้มที่จะซื้อ,รถยนต์สันดาป (ดีเซล / เบนซิน),ค่าบำรุงรักษา,4,5,5,3,5,5,5,4,5,4,4,4,5,4,4,3,5,5,5,5,4
"23/7/2026, 22:28:43",หญิง,20-23 ปี,2 คน,ต่ำกว่า ม.3,รัฐวิสาหกิจ,1-2 คน,ทาวน์โฮม / ทาวเฮาท์,เช่า,มีที่จอดรถส่วนกลาง / เช่า,"15,001-25,000 บาท",มี,ขับในเมือง,1-2 วัน / สัปดาห์,น้อยกว่า 10 กิโลเมตร,มูลค่าการขายต่อ,"รถยนต์สันดาป (ดีเซล / เบนซิน), รถยนต์ไฟฟ้า (EV)",สมรรถนะในการขับขี่,"800,001-1,200,000 บาท",เพื่อใช้ในการเดินทางไปทำงาน,มีแนวโน้มที่จะซื้อ,รถยนต์สันดาป (ดีเซล / เบนซิน),ค่าบำรุงรักษา,5,5,3,3,5,5,5,4,5,3,4,2,5,5,5,3,4,5,4,5,5
"23/7/2026, 22:28:44",หญิง,51-60 ปี,3 คน,ปริญญาตรี,พนักงานเอกชน,3-4 คน,บ้านเดี่ยว / บ้านแฝด,เช่า,มีที่จอดรถส่วนตัว,"15,001-25,000 บาท","ไม่มี (หากตอบ ""ไม่มี"" ให้ข้ามไปตอบตอนที่ 3)",,,,,,สมรรถนะในการขับขี่,"800,001-1,200,000 บาท",เพื่อใช้ในการเดินทางท่องเที่ยว,ยังไม่มีแนวโน้มที่จะซื้อ,รถยนต์ไฟฟ้า (EV),ค่าบำรุงรักษา,5,5,5,5,5,4,4,5,4,5,5,5,5,5,4,4,5,5,4,5,5
"23/7/2026, 22:28:44",หญิง,27-30 ปี,2 คน,ปวช. / ปวส.,รัฐวิสาหกิจ,5 คนขึ้นไป,ทาวน์โฮม / ทาวเฮาท์,เป็นเจ้าของ,มีที่จอดรถส่วนตัว,"15,001-25,000 บาท","ไม่มี (หากตอบ ""ไม่มี"" ให้ข้ามไปตอบตอนที่ 3)",,,,,,ค่าซ่อมบำรุง,"500,001-800,000 บาท",เพื่อใช้ในการเดินทางไปทำงาน,ยังไม่มีแนวโน้มที่จะซื้อ,รถยนต์ไฮบริด (Hybrid),ค่าบำรุงรักษา,5,4,5,5,5,3,4,4,4,4,3,4,4,5,4,5,4,5,5,4,5
"23/7/2026, 22:28:45",ชาย,41-50 ปี,ไม่มีบุตร,ปริญญาตรี,นักเรียน / นักศึกษา,1-2 คน,ทาวน์โฮม / ทาวเฮาท์,เช่า,มีที่จอดรถส่วนกลาง / เช่า,"15,001-25,000 บาท","ไม่มี (หากตอบ ""ไม่มี"" ให้ข้ามไปตอบตอนที่ 3)",,,,,,การรับประกันและบริการหลังการขาย,"ต่ำกว่า 500,000 บาท",เพื่อใช้ในการเดินทางไปทำงาน,ยังไม่มีแนวโน้มที่จะซื้อ,รถยนต์ไฟฟ้า (EV),ความสะดวกในการใช้งาน,3,4,4,4,3,5,5,2,4,4,5,4,4,5,5,5,5,4,5,4,5
"23/7/2026, 22:28:46",หญิง,31-40 ปี,ไม่มีบุตร,ปริญญาโท,ค้าขาย,5 คนขึ้นไป,ทาวน์โฮม / ทาวเฮาท์,เป็นเจ้าของ,มีที่จอดรถส่วนตัว,"15,001-25,000 บาท","ไม่มี (หากตอบ ""ไม่มี"" ให้ข้ามไปตอบตอนที่ 3)",,,,,,"ค่าซ่อมบำรุง, สมรรถนะในการขับขี่","500,001-800,000 บาท",เพื่อใช้ในการเดินทางไปทำงาน,ยังไม่มีแนวโน้มที่จะซื้อ,รถยนต์สันดาป (ดีเซล / เบนซิน),ค่าบำรุงรักษา,4,4,4,3,3,5,3,3,5,5,4,5,5,4,4,5,4,5,5,5,5
"23/7/2026, 22:28:47",หญิง,20-23 ปี,2 คน,ต่ำกว่า ม.3,รัฐวิสาหกิจ,5 คนขึ้นไป,คอนโด / อพาร์ตเมนต์ / หอพัก,เป็นเจ้าของ,มีที่จอดรถส่วนตัว,"35,001-50,000 บาท",มี,ขับในเมือง,ใช้เป็นครั้งคราว,10-30 กิโลเมตร,ราคาน้ำมัน,รถยนต์สันดาป (ดีเซล / เบนซิน),"ความสามารถในการผ่อนชำระ, ค่าน้ำมัน, สมรรถนะในการขับขี่","1,200,000-1,500,000 บาท",เพื่อใช้ในการเดินทางไปทำงาน,ยังไม่มีแนวโน้มที่จะซื้อ,รถยนต์สันดาป (ดีเซล / เบนซิน),ราคาซื้อเริ่มต้น,5,5,5,4,5,3,5,3,5,4,5,4,5,5,5,4,4,2,4,4,5
"23/7/2026, 22:28:48",ชาย,27-30 ปี,1 คน,ปริญญาตรี,รัฐวิสาหกิจ,5 คนขึ้นไป,ทาวน์โฮม / ทาวเฮาท์,เช่า,มีที่จอดรถส่วนตัว,"15,001-25,000 บาท",มี,ขับในเมือง,ใช้เป็นครั้งคราว,31-50 กิโลเมตร,"อายุการใช้งาน, ค่าใช้จ่ายในการซ่อมบำรุง",รถยนต์สันดาป (ดีเซล / เบนซิน),"ค่าน้ำมัน, ค่าซ่อมบำรุง","500,001-800,000 บาท",เพื่อใช้ในการเดินทางไปทำงาน,ยังไม่มีแนวโน้มที่จะซื้อ,รถยนต์สันดาป (ดีเซล / เบนซิน),ค่าบำรุงรักษา,4,3,5,3,5,5,5,4,4,5,4,5,4,5,4,5,3,4,4,4,5
"23/7/2026, 22:28:48",ชาย,41-50 ปี,ไม่มีบุตร,ปวช. / ปวส.,เจ้าของกิจการ,1-2 คน,คอนโด / อพาร์ตเมนต์ / หอพัก,เป็นเจ้าของ,มีที่จอดรถส่วนตัว,"25,001-35,000 บาท","ไม่มี (หากตอบ ""ไม่มี"" ให้ข้ามไปตอบตอนที่ 3)",,,,,,"ค่าไฟฟ้า, สมรรถนะในการขับขี่, รูปลักษณ์ / ดีไซน์","800,001-1,200,000 บาท",เพื่อใช้ในการเดินทางไปทำงาน,มีแนวโน้มที่จะซื้อ,รถยนต์สันดาป (ดีเซล / เบนซิน),"ราคาซื้อเริ่มต้น, เทคโนโลยีและความทันสมัย",4,5,3,2,5,4,4,5,3,4,5,4,5,4,4,4,5,5,5,5,4
"23/7/2026, 22:28:49",ชาย,31-40 ปี,3 คน,ปริญญาเอก,พนักงานเอกชน,3-4 คน,ทาวน์โฮม / ทาวเฮาท์,เป็นเจ้าของ,มีที่จอดรถส่วนตัว,"35,001-50,000 บาท",มี,ขับนอกเมือง,1-2 วัน / สัปดาห์,10-30 กิโลเมตร,"ราคาน้ำมัน, ปั๊มน้ำมัน / สถานีชาร์จ",รถยนต์ไฮบริด (Hybrid),"รูปลักษณ์ / ดีไซน์, การรับประกันและบริการหลังการขาย","1,200,000-1,500,000 บาท","เพื่อใช้ในการเดินทางไปทำงาน, เพื่อหลีกเลี่ยงปัญหาจากระบบการขนส่งมวลชน",มีแนวโน้มที่จะซื้อ,รถยนต์สันดาป (ดีเซล / เบนซิน),"ราคาซื้อเริ่มต้น, เทคโนโลยีและความทันสมัย",3,5,4,4,4,4,5,4,2,4,5,3,5,5,4,2,5,4,5,5,4
"23/7/2026, 22:28:50",ชาย,31-40 ปี,ไม่มีบุตร,ปวช. / ปวส.,ข้าราชการ,1-2 คน,คอนโด / อพาร์ตเมนต์ / หอพัก,เช่า,ไม่มีที่จอดรถ,"35,001-50,000 บาท",มี,ขับทั้งในเมืองและนอกเมือง,ใช้เป็นครั้งคราว,71-90 กิโลเมตร,"อายุการใช้งาน, มูลค่าการขายต่อ",รถยนต์สันดาป (ดีเซล / เบนซิน),สมรรถนะในการขับขี่,"800,001-1,200,000 บาท","เพื่อใช้ในการเดินทางไปทำงาน, เพื่อความสะดวกในการเดินทาง",มีแนวโน้มที่จะซื้อ,รถยนต์ไฮบริด (Hybrid),ค่าบำรุงรักษา,5,4,4,5,5,5,4,4,5,4,5,5,4,4,5,4,3,5,5,5,5
"23/7/2026, 22:28:51",หญิง,31-40 ปี,ไม่มีบุตร,ม.3,อาชีพอิสระ,1-2 คน,ทาวน์โฮม / ทาวเฮาท์,เป็นเจ้าของ,มีที่จอดรถส่วนกลาง / เช่า,"15,001-25,000 บาท",มี,ขับทั้งในเมืองและนอกเมือง,1-2 วัน / สัปดาห์,31-50 กิโลเมตร,ราคาน้ำมัน,"รถยนต์สันดาป (ดีเซล / เบนซิน), รถยนต์ไฮบริด (Hybrid)",สมรรถนะในการขับขี่,"500,001-800,000 บาท","เพื่อใช้ในการเดินทางไปทำงาน, เพื่อใช้ในการค้าขาย",ยังไม่มีแนวโน้มที่จะซื้อ,รถยนต์ไฮบริด (Hybrid),ค่าบำรุงรักษา,4,4,3,5,4,4,4,4,5,5,4,3,4,4,5,5,5,5,5,5,4
"23/7/2026, 22:28:51",ชาย,31-40 ปี,ไม่มีบุตร,ปริญญาตรี,พนักงานเอกชน,5 คนขึ้นไป,บ้านเดี่ยว / บ้านแฝด,เป็นเจ้าของ,ไม่มีที่จอดรถ,"25,001-35,000 บาท","ไม่มี (หากตอบ ""ไม่มี"" ให้ข้ามไปตอบตอนที่ 3)",,,,,,สมรรถนะในการขับขี่,"500,001-800,000 บาท",เพื่อใช้ในการเดินทางไปทำงาน,ยังไม่มีแนวโน้มที่จะซื้อ,รถยนต์สันดาป (ดีเซล / เบนซิน),"ค่าบำรุงรักษา, ความสะดวกในการใช้งาน",5,5,5,4,3,4,5,5,3,5,3,4,4,5,5,5,5,5,4,4,4
"23/7/2026, 22:28:52",ชาย,24-26 ปี,ไม่มีบุตร,ปริญญาตรี,นักเรียน / นักศึกษา,1-2 คน,ทาวน์โฮม / ทาวเฮาท์,เช่า,มีที่จอดรถส่วนกลาง / เช่า,"25,001-35,000 บาท","ไม่มี (หากตอบ ""ไม่มี"" ให้ข้ามไปตอบตอนที่ 3)",,,,,,ราคา,"500,001-800,000 บาท","เพื่อใช้ในการเดินทางไปทำงาน, เพื่อใช้ในการค้าขาย, เพื่อความสะดวกในการเดินทาง, เพื่อหลีกเลี่ยงปัญหาจากระบบการขนส่งมวลชน",มีแนวโน้มที่จะซื้อ,รถยนต์สันดาป (ดีเซล / เบนซิน),ค่าบำรุงรักษา,5,5,5,4,5,5,4,5,3,5,4,4,4,4,4,3,3,5,4,5,5
"23/7/2026, 22:28:53",หญิง,41-50 ปี,1 คน,ปริญญาตรี,ข้าราชการ,5 คนขึ้นไป,ทาวน์โฮม / ทาวเฮาท์,เป็นเจ้าของ,มีที่จอดรถส่วนกลาง / เช่า,"15,001-25,000 บาท","ไม่มี (หากตอบ ""ไม่มี"" ให้ข้ามไปตอบตอนที่ 3)",,,,,,สมรรถนะในการขับขี่,"500,001-800,000 บาท",เพื่อใช้ในการเดินทางท่องเที่ยว,ยังไม่มีแนวโน้มที่จะซื้อ,รถยนต์ไฮบริด (Hybrid),ค่าบำรุงรักษา,5,5,5,5,4,4,5,5,5,5,5,4,5,4,5,5,3,4,5,5,5
"23/7/2026, 22:28:53",ชาย,51-60 ปี,1 คน,ปริญญาตรี,รัฐวิสาหกิจ,1-2 คน,ทาวน์โฮม / ทาวเฮาท์,เป็นเจ้าของ,มีที่จอดรถส่วนตัว,"มากกว่า 75,000",มี,ขับทั้งในเมืองและนอกเมือง,ใช้เป็นครั้งคราว,น้อยกว่า 10 กิโลเมตร,ราคาน้ำมัน,รถยนต์ไฟฟ้า (EV),สมรรถนะในการขับขี่,"1,200,000-1,500,000 บาท",เพื่อใช้ในการเดินทางไปทำงาน,ยังไม่มีแนวโน้มที่จะซื้อ,รถยนต์ไฟฟ้า (EV),ค่าบำรุงรักษา,4,5,4,4,4,4,5,5,4,5,4,4,4,5,5,5,4,5,5,5,5
"23/7/2026, 22:28:54",ชาย,27-30 ปี,1 คน,ม.6,พนักงานเอกชน,1-2 คน,ทาวน์โฮม / ทาวเฮาท์,เช่า,มีที่จอดรถส่วนตัว,"15,001-25,000 บาท",มี,ขับทั้งในเมืองและนอกเมือง,5-6 วัน / สัปดาห์,31-50 กิโลเมตร,ราคาน้ำมัน,รถยนต์สันดาป (ดีเซล / เบนซิน),"สมรรถนะในการขับขี่, การรับประกันและบริการหลังการขาย","500,001-800,000 บาท",เพื่อใช้ในการเดินทางไปทำงาน,ยังไม่มีแนวโน้มที่จะซื้อ,รถยนต์ไฮบริด (Hybrid),ค่าบำรุงรักษา,5,5,5,5,3,5,5,5,3,5,5,4,5,4,5,4,5,5,4,4,3
"23/7/2026, 22:28:55",ชาย,24-26 ปี,1 คน,ปริญญาเอก,ข้าราชการ,5 คนขึ้นไป,ทาวน์โฮม / ทาวเฮาท์,เช่า,มีที่จอดรถส่วนกลาง / เช่า,"35,001-50,000 บาท","ไม่มี (หากตอบ ""ไม่มี"" ให้ข้ามไปตอบตอนที่ 3)",,,,,,สมรรถนะในการขับขี่,"800,001-1,200,000 บาท",เพื่อใช้ในการเดินทางท่องเที่ยว,ยังไม่มีแนวโน้มที่จะซื้อ,รถยนต์สันดาป (ดีเซล / เบนซิน),"ค่าบำรุงรักษา, เป็นมิตรต่อสิ่งแวดล้อม",4,4,5,4,3,4,4,5,4,4,5,5,3,4,4,5,5,5,5,5,4
"23/7/2026, 22:28:56",ชาย,20-23 ปี,1 คน,ม.6,ข้าราชการ,1-2 คน,ทาวน์โฮม / ทาวเฮาท์,เช่า,มีที่จอดรถส่วนตัว,"15,001-25,000 บาท",มี,ขับในเมือง,ใช้เป็นครั้งคราว,น้อยกว่า 10 กิโลเมตร,ราคาน้ำมัน,รถยนต์สันดาป (ดีเซล / เบนซิน),รูปลักษณ์ / ดีไซน์,"1,200,000-1,500,000 บาท",เพื่อใช้ในการเดินทางท่องเที่ยว,ยังไม่มีแนวโน้มที่จะซื้อ,รถยนต์สันดาป (ดีเซล / เบนซิน),"ราคาซื้อเริ่มต้น, ค่าบำรุงรักษา",4,5,5,4,2,5,5,5,5,4,4,4,5,4,4,5,3,4,5,4,4
"23/7/2026, 22:28:56",ชาย,27-30 ปี,1 คน,ต่ำกว่า ม.3,ข้าราชการ,5 คนขึ้นไป,ทาวน์โฮม / ทาวเฮาท์,เช่า,มีที่จอดรถส่วนตัว,"35,001-50,000 บาท","ไม่มี (หากตอบ ""ไม่มี"" ให้ข้ามไปตอบตอนที่ 3)",,,,,,"ความสามารถในการผ่อนชำระ, สมรรถนะในการขับขี่, รูปลักษณ์ / ดีไซน์","500,001-800,000 บาท","เพื่อใช้ในการเดินทางไปทำงาน, เพื่อความสะดวกในการเดินทาง",ยังไม่มีแนวโน้มที่จะซื้อ,รถยนต์สันดาป (ดีเซล / เบนซิน),ค่าบำรุงรักษา,4,4,5,5,5,4,5,3,4,2,5,5,5,4,4,4,5,5,4,3,4
"23/7/2026, 22:28:57",หญิง,41-50 ปี,ไม่มีบุตร,ต่ำกว่า ม.3,รัฐวิสาหกิจ,1-2 คน,ทาวน์โฮม / ทาวเฮาท์,เป็นเจ้าของ,มีที่จอดรถส่วนตัว,"25,001-35,000 บาท",มี,ขับในเมือง,ใช้เป็นครั้งคราว,น้อยกว่า 10 กิโลเมตร,"ราคาน้ำมัน, มูลค่าการขายต่อ",รถยนต์สันดาป (ดีเซล / เบนซิน),"ค่าน้ำมัน, ค่าซ่อมบำรุง, การรับประกันและบริการหลังการขาย","500,001-800,000 บาท",เพื่อใช้ในการเดินทางไปทำงาน,ยังไม่มีแนวโน้มที่จะซื้อ,รถยนต์สันดาป (ดีเซล / เบนซิน),ค่าบำรุงรักษา,4,5,5,5,5,5,3,5,4,5,5,4,5,4,5,4,5,5,5,5,5
"23/7/2026, 22:28:58",หญิง,31-40 ปี,ไม่มีบุตร,ต่ำกว่า ม.3,อาชีพอิสระ,1-2 คน,ทาวน์โฮม / ทาวเฮาท์,เป็นเจ้าของ,มีที่จอดรถส่วนตัว,"35,001-50,000 บาท",มี,ขับในเมือง,5-6 วัน / สัปดาห์,10-30 กิโลเมตร,ราคาน้ำมัน,"รถยนต์สันดาป (ดีเซล / เบนซิน), รถยนต์ไฟฟ้า (EV)",เทคโนโลยีและฟังก์ชันภายในรถ,"500,001-800,000 บาท","เพื่อใช้ในการเดินทางไปทำงาน, เพื่อหลีกเลี่ยงปัญหาจากระบบการขนส่งมวลชน",ยังไม่มีแนวโน้มที่จะซื้อ,รถยนต์สันดาป (ดีเซล / เบนซิน),ประหยัดค่าเชื้อเพลิง,4,5,5,2,5,5,4,3,4,5,5,4,4,3,2,5,4,5,5,4,4
"23/7/2026, 22:28:59",หญิง,31-40 ปี,2 คน,ต่ำกว่า ม.3,ข้าราชการ,1-2 คน,ทาวน์โฮม / ทาวเฮาท์,เช่า,มีที่จอดรถส่วนกลาง / เช่า,"35,001-50,000 บาท",มี,ขับทั้งในเมืองและนอกเมือง,3-4 วัน / สัปดาห์,10-30 กิโลเมตร,ราคาน้ำมัน,รถยนต์สันดาป (ดีเซล / เบนซิน),สมรรถนะในการขับขี่,"500,001-800,000 บาท",เพื่อใช้ในการเดินทางไปทำงาน,ยังไม่มีแนวโน้มที่จะซื้อ,รถยนต์สันดาป (ดีเซล / เบนซิน),ค่าบำรุงรักษา,3,3,5,5,5,5,3,4,4,4,4,3,5,4,3,4,4,3,5,4,4
"23/7/2026, 22:28:59",ชาย,20-23 ปี,ไม่มีบุตร,ต่ำกว่า ม.3,พนักงานเอกชน,1-2 คน,ทาวน์โฮม / ทาวเฮาท์,พักอาศัยกับครอบครัว / ผู้อื่น,มีที่จอดรถส่วนตัว,"35,001-50,000 บาท","ไม่มี (หากตอบ ""ไม่มี"" ให้ข้ามไปตอบตอนที่ 3)",,,,,,สมรรถนะในการขับขี่,"1,200,000-1,500,000 บาท",เพื่อใช้ในการเดินทางไปทำงาน,ยังไม่มีแนวโน้มที่จะซื้อ,รถยนต์ไฟฟ้า (EV),เทคโนโลยีและความทันสมัย,5,4,5,4,4,5,3,3,5,5,5,5,5,5,4,5,5,5,5,4,5
"23/7/2026, 22:38:16",ชาย,51-60 ปี,1 คน,ม.3,พนักงานเอกชน,1-2 คน,คอนโด / อพาร์ตเมนต์ / หอพัก,เช่า,มีที่จอดรถส่วนกลาง / เช่า,"15,001-25,000 บาท","ไม่มี (หากตอบ ""ไม่มี"" ให้ข้ามไปตอบตอนที่ 3)",,,,,,ค่าซ่อมบำรุง,"มากกว่า 1,500,000 บาท","เพื่อใช้ในการค้าขาย, เพื่อใช้ในการเดินทางท่องเที่ยว, เพื่อหลีกเลี่ยงปัญหาจากระบบการขนส่งมวลชน",มีแนวโน้มที่จะซื้อ,รถยนต์ไฮบริด (Hybrid),เทคโนโลยีและความทันสมัย,5,3,5,5,4,3,5,4,5,3,2,3,4,5,5,5,5,5,4,4,5
"23/7/2026, 22:38:17",ชาย,24-26 ปี,3 คน,ปริญญาตรี,อาชีพอิสระ,3-4 คน,ทาวน์โฮม / ทาวเฮาท์,เช่า,มีที่จอดรถส่วนกลาง / เช่า,"25,001-35,000 บาท",มี,ขับทั้งในเมืองและนอกเมือง,5-6 วัน / สัปดาห์,51-70 กิโลเมตร,อายุการใช้งาน,รถยนต์ไฟฟ้า (EV),ราคา,"มากกว่า 1,500,000 บาท",เพื่อใช้ในการค้าขาย,มีแนวโน้มที่จะซื้อ,รถยนต์ไฮบริด (Hybrid),"ราคาซื้อเริ่มต้น, ค่าบำรุงรักษา",5,4,4,5,5,4,5,5,5,4,5,4,5,5,5,4,4,5,2,5,5
"23/7/2026, 22:38:17",ชาย,มากกว่า 60 ปี,1 คน,ปริญญาตรี,ข้าราชการ,3-4 คน,คอนโด / อพาร์ตเมนต์ / หอพัก,พักอาศัยกับครอบครัว / ผู้อื่น,มีที่จอดรถส่วนกลาง / เช่า,"ต่ำกว่า 15,000 บาท","ไม่มี (หากตอบ ""ไม่มี"" ให้ข้ามไปตอบตอนที่ 3)",,,,,,ราคา,"500,001-800,000 บาท",เพื่อใช้ในการค้าขาย,มีแนวโน้มที่จะซื้อ,รถยนต์ไฟฟ้า (EV),"ราคาซื้อเริ่มต้น, เทคโนโลยีและความทันสมัย",5,5,5,5,4,4,5,5,5,4,5,4,4,5,4,3,5,5,5,3,4
"23/7/2026, 22:38:18",หญิง,31-40 ปี,ไม่มีบุตร,ปริญญาตรี,พนักงานเอกชน,1-2 คน,คอนโด / อพาร์ตเมนต์ / หอพัก,เช่า,มีที่จอดรถส่วนกลาง / เช่า,"ต่ำกว่า 15,000 บาท","ไม่มี (หากตอบ ""ไม่มี"" ให้ข้ามไปตอบตอนที่ 3)",,,,,,ราคา,"มากกว่า 1,500,000 บาท","เพื่อใช้ในการค้าขาย, เพื่อใช้ในการเดินทางท่องเที่ยว",มีแนวโน้มที่จะซื้อ,รถยนต์ไฟฟ้า (EV),ราคาซื้อเริ่มต้น,5,2,4,5,5,5,3,3,5,4,4,2,4,5,4,5,3,5,5,5,4
"23/7/2026, 22:38:19",ชาย,24-26 ปี,ไม่มีบุตร,ม.6,เจ้าของกิจการ,1-2 คน,ทาวน์โฮม / ทาวเฮาท์,เช่า,มีที่จอดรถส่วนกลาง / เช่า,"15,001-25,000 บาท",มี,ขับนอกเมือง,3-4 วัน / สัปดาห์,31-50 กิโลเมตร,ค่าใช้จ่ายในการซ่อมบำรุง,รถยนต์ไฟฟ้า (EV),"ราคา, ค่าน้ำมัน","500,001-800,000 บาท","เพื่อใช้ในการค้าขาย, เพื่อใช้ในการเดินทางท่องเที่ยว",มีแนวโน้มที่จะซื้อ,รถยนต์ไฟฟ้า (EV),ความสะดวกในการใช้งาน,5,5,4,5,5,4,4,4,3,5,5,4,5,5,5,5,5,3,3,4,5
"23/7/2026, 22:38:19",ชาย,24-26 ปี,ไม่มีบุตร,ม.6,พนักงานเอกชน,3-4 คน,คอนโด / อพาร์ตเมนต์ / หอพัก,เช่า,มีที่จอดรถส่วนกลาง / เช่า,"25,001-35,000 บาท","ไม่มี (หากตอบ ""ไม่มี"" ให้ข้ามไปตอบตอนที่ 3)",,,,,,"ราคา, ค่าน้ำมัน","800,001-1,200,000 บาท","เพื่อใช้ในการค้าขาย, เพื่อหลีกเลี่ยงปัญหาจากระบบการขนส่งมวลชน",มีแนวโน้มที่จะซื้อ,รถยนต์ไฟฟ้า (EV),ความสะดวกในการใช้งาน,4,4,5,4,4,5,4,5,5,5,5,4,5,5,5,5,4,4,4,5,4
"23/7/2026, 22:38:20",หญิง,27-30 ปี,ไม่มีบุตร,ปริญญาตรี,อาชีพอิสระ,1-2 คน,คอนโด / อพาร์ตเมนต์ / หอพัก,เช่า,มีที่จอดรถส่วนกลาง / เช่า,"25,001-35,000 บาท","ไม่มี (หากตอบ ""ไม่มี"" ให้ข้ามไปตอบตอนที่ 3)",,,,,,"สมรรถนะในการขับขี่, การรับประกันและบริการหลังการขาย","800,001-1,200,000 บาท",เพื่อใช้ในการค้าขาย,ยังไม่มีแนวโน้มที่จะซื้อ,รถยนต์ไฟฟ้า (EV),ความสะดวกในการใช้งาน,5,5,5,3,3,4,5,5,4,3,4,2,4,5,5,2,3,5,4,3,4
"23/7/2026, 22:38:21",ชาย,31-40 ปี,1 คน,ม.6,รัฐวิสาหกิจ,3-4 คน,คอนโด / อพาร์ตเมนต์ / หอพัก,เช่า,มีที่จอดรถส่วนกลาง / เช่า,"15,001-25,000 บาท",มี,ขับทั้งในเมืองและนอกเมือง,1-2 วัน / สัปดาห์,น้อยกว่า 10 กิโลเมตร,ปั๊มน้ำมัน / สถานีชาร์จ,รถยนต์สันดาป (ดีเซล / เบนซิน),ค่าซ่อมบำรุง,"800,001-1,200,000 บาท","เพื่อใช้ในการค้าขาย, เพื่อหลีกเลี่ยงปัญหาจากระบบการขนส่งมวลชน",ยังไม่มีแนวโน้มที่จะซื้อ,รถยนต์สันดาป (ดีเซล / เบนซิน),"ความสะดวกในการใช้งาน, เป็นมิตรต่อสิ่งแวดล้อม",3,4,5,3,5,4,4,3,5,5,4,5,4,4,5,4,4,5,4,4,4
"23/7/2026, 22:38:21",หญิง,20-23 ปี,ไม่มีบุตร,ม.3,รัฐวิสาหกิจ,1-2 คน,คอนโด / อพาร์ตเมนต์ / หอพัก,เช่า,มีที่จอดรถส่วนตัว,"15,001-25,000 บาท","ไม่มี (หากตอบ ""ไม่มี"" ให้ข้ามไปตอบตอนที่ 3)",,,,,,ราคา,"800,001-1,200,000 บาท",เพื่อใช้ในการค้าขาย,ยังไม่มีแนวโน้มที่จะซื้อ,รถยนต์ไฟฟ้า (EV),ค่าบำรุงรักษา,5,3,5,5,5,4,4,5,5,3,5,4,5,5,4,5,5,5,4,4,4
"23/7/2026, 22:38:22",ชาย,31-40 ปี,1 คน,ปริญญาตรี,รัฐวิสาหกิจ,3-4 คน,คอนโด / อพาร์ตเมนต์ / หอพัก,เช่า,มีที่จอดรถส่วนกลาง / เช่า,"ต่ำกว่า 15,000 บาท",มี,ขับนอกเมือง,ใช้เป็นครั้งคราว,31-50 กิโลเมตร,"ราคาน้ำมัน, อายุการใช้งาน",รถยนต์สันดาป (ดีเซล / เบนซิน),ค่าน้ำมัน,"500,001-800,000 บาท",เพื่อใช้ในการค้าขาย,มีแนวโน้มที่จะซื้อ,รถยนต์ไฮบริด (Hybrid),ราคาซื้อเริ่มต้น,4,4,5,3,4,5,5,5,5,5,4,4,5,3,5,5,4,5,4,5,5
"23/7/2026, 22:38:23",ชาย,51-60 ปี,ไม่มีบุตร,ต่ำกว่า ม.3,พนักงานเอกชน,5 คนขึ้นไป,คอนโด / อพาร์ตเมนต์ / หอพัก,เช่า,มีที่จอดรถส่วนกลาง / เช่า,"ต่ำกว่า 15,000 บาท",มี,ขับนอกเมือง,1-2 วัน / สัปดาห์,31-50 กิโลเมตร,ค่าใช้จ่ายในการซ่อมบำรุง,รถยนต์ไฮบริด (Hybrid),ราคา,"มากกว่า 1,500,000 บาท",เพื่อใช้ในการค้าขาย,มีแนวโน้มที่จะซื้อ,รถยนต์ไฟฟ้า (EV),ความสะดวกในการใช้งาน,4,3,5,5,4,5,3,4,5,5,3,5,4,4,5,4,5,4,4,5,5
"23/7/2026, 22:38:23",ชาย,24-26 ปี,1 คน,ปริญญาโท,ข้าราชการ,3-4 คน,คอนโด / อพาร์ตเมนต์ / หอพัก,เช่า,มีที่จอดรถส่วนกลาง / เช่า,"15,001-25,000 บาท","ไม่มี (หากตอบ ""ไม่มี"" ให้ข้ามไปตอบตอนที่ 3)",,,,,,"ค่าน้ำมัน, เทคโนโลยีและฟังก์ชันภายในรถ","500,001-800,000 บาท",เพื่อใช้ในการค้าขาย,ยังไม่มีแนวโน้มที่จะซื้อ,รถยนต์ไฟฟ้า (EV),"ค่าบำรุงรักษา, ความสะดวกในการใช้งาน",5,5,5,3,5,4,4,5,4,5,4,4,3,5,3,4,4,4,3,3,3
"23/7/2026, 22:38:24",ชาย,27-30 ปี,1 คน,ม.6,ข้าราชการ,5 คนขึ้นไป,คอนโด / อพาร์ตเมนต์ / หอพัก,เช่า,มีที่จอดรถส่วนกลาง / เช่า,"ต่ำกว่า 15,000 บาท",มี,ขับทั้งในเมืองและนอกเมือง,1-2 วัน / สัปดาห์,น้อยกว่า 10 กิโลเมตร,ปั๊มน้ำมัน / สถานีชาร์จ,รถยนต์ไฮบริด (Hybrid),แบรนด์,"500,001-800,000 บาท",เพื่อใช้ในการค้าขาย,มีแนวโน้มที่จะซื้อ,รถยนต์สันดาป (ดีเซล / เบนซิน),"ราคาซื้อเริ่มต้น, ความสะดวกในการใช้งาน",5,5,4,4,5,4,5,4,5,5,4,5,4,5,4,5,4,3,5,4,3
"23/7/2026, 22:38:25",หญิง,27-30 ปี,ไม่มีบุตร,ปริญญาโท,อาชีพอิสระ,1-2 คน,ทาวน์โฮม / ทาวเฮาท์,เช่า,มีที่จอดรถส่วนกลาง / เช่า,"25,001-35,000 บาท","ไม่มี (หากตอบ ""ไม่มี"" ให้ข้ามไปตอบตอนที่ 3)",,,,,,"ค่าน้ำมัน, รูปลักษณ์ / ดีไซน์","800,001-1,200,000 บาท","เพื่อใช้ในการค้าขาย, เพื่อความสะดวกในการเดินทาง",มีแนวโน้มที่จะซื้อ,รถยนต์สันดาป (ดีเซล / เบนซิน),"ค่าบำรุงรักษา, ความสะดวกในการใช้งาน",4,4,5,4,4,4,4,4,3,4,4,4,3,3,4,5,5,4,5,4,2
"23/7/2026, 22:38:25",ชาย,27-30 ปี,ไม่มีบุตร,ม.6,พนักงานเอกชน,1-2 คน,คอนโด / อพาร์ตเมนต์ / หอพัก,เช่า,มีที่จอดรถส่วนกลาง / เช่า,"25,001-35,000 บาท",มี,ขับทั้งในเมืองและนอกเมือง,5-6 วัน / สัปดาห์,31-50 กิโลเมตร,"ราคาน้ำมัน, มูลค่าการขายต่อ",รถยนต์ไฮบริด (Hybrid),ราคา,"500,001-800,000 บาท","เพื่อใช้ในการค้าขาย, เพื่อหลีกเลี่ยงปัญหาจากระบบการขนส่งมวลชน",ยังไม่มีแนวโน้มที่จะซื้อ,รถยนต์ไฟฟ้า (EV),ค่าบำรุงรักษา,5,5,5,5,3,2,4,5,4,5,5,4,4,4,3,3,4,4,5,2,3
"23/7/2026, 22:38:26",หญิง,มากกว่า 60 ปี,3 คน,ปริญญาตรี,ข้าราชการ,3-4 คน,คอนโด / อพาร์ตเมนต์ / หอพัก,เช่า,มีที่จอดรถส่วนกลาง / เช่า,"25,001-35,000 บาท",มี,ขับนอกเมือง,5-6 วัน / สัปดาห์,10-30 กิโลเมตร,ค่าใช้จ่ายในการซ่อมบำรุง,"รถยนต์สันดาป (ดีเซล / เบนซิน), รถยนต์ไฟฟ้า (EV)",ค่าน้ำมัน,"มากกว่า 1,500,000 บาท",เพื่อใช้ในการค้าขาย,มีแนวโน้มที่จะซื้อ,รถยนต์ไฟฟ้า (EV),"ราคาซื้อเริ่มต้น, ความสะดวกในการใช้งาน",4,3,4,3,4,5,5,5,5,5,4,4,5,5,4,4,5,3,4,5,4
"23/7/2026, 22:38:26",หญิง,24-26 ปี,ไม่มีบุตร,ปริญญาเอก,รัฐวิสาหกิจ,1-2 คน,คอนโด / อพาร์ตเมนต์ / หอพัก,เช่า,มีที่จอดรถส่วนกลาง / เช่า,"มากกว่า 75,000","ไม่มี (หากตอบ ""ไม่มี"" ให้ข้ามไปตอบตอนที่ 3)",,,,,,สมรรถนะในการขับขี่,"500,001-800,000 บาท",เพื่อใช้ในการค้าขาย,มีแนวโน้มที่จะซื้อ,รถยนต์ไฟฟ้า (EV),"ราคาซื้อเริ่มต้น, ค่าบำรุงรักษา",5,4,5,5,3,3,5,5,3,5,5,5,5,5,5,4,4,4,5,3,5
"23/7/2026, 22:38:27",หญิง,27-30 ปี,ไม่มีบุตร,ม.6,รัฐวิสาหกิจ,3-4 คน,คอนโด / อพาร์ตเมนต์ / หอพัก,เช่า,มีที่จอดรถส่วนกลาง / เช่า,"ต่ำกว่า 15,000 บาท",มี,ขับนอกเมือง,5-6 วัน / สัปดาห์,น้อยกว่า 10 กิโลเมตร,ค่าใช้จ่ายในการซ่อมบำรุง,รถยนต์สันดาป (ดีเซล / เบนซิน),ราคา,"500,001-800,000 บาท",เพื่อใช้ในการค้าขาย,มีแนวโน้มที่จะซื้อ,รถยนต์ไฟฟ้า (EV),ความสะดวกในการใช้งาน,4,3,3,5,5,5,5,5,4,5,4,4,5,3,4,4,4,4,5,4,4
"23/7/2026, 22:38:28",หญิง,24-26 ปี,3 คน,ม.6,เจ้าของกิจการ,5 คนขึ้นไป,บ้านเดี่ยว / บ้านแฝด,เช่า,มีที่จอดรถส่วนกลาง / เช่า,"ต่ำกว่า 15,000 บาท",มี,ขับทั้งในเมืองและนอกเมือง,1-2 วัน / สัปดาห์,น้อยกว่า 10 กิโลเมตร,"ราคาน้ำมัน, ค่าใช้จ่ายในการซ่อมบำรุง, มูลค่าการขายต่อ","รถยนต์สันดาป (ดีเซล / เบนซิน), รถยนต์ไฮบริด (Hybrid)",ราคา,"500,001-800,000 บาท","เพื่อใช้ในการเดินทางท่องเที่ยว, เพื่อหลีกเลี่ยงปัญหาจากระบบการขนส่งมวลชน",มีแนวโน้มที่จะซื้อ,รถยนต์ไฮบริด (Hybrid),ความสะดวกในการใช้งาน,3,4,3,4,4,3,5,4,4,4,5,5,4,3,4,4,4,5,4,4,5
"23/7/2026, 22:38:29",ชาย,มากกว่า 60 ปี,1 คน,ม.6,เจ้าของกิจการ,1-2 คน,คอนโด / อพาร์ตเมนต์ / หอพัก,เช่า,มีที่จอดรถส่วนกลาง / เช่า,"15,001-25,000 บาท",มี,ขับนอกเมือง,1-2 วัน / สัปดาห์,51-70 กิโลเมตร,มูลค่าการขายต่อ,รถยนต์ไฮบริด (Hybrid),ราคา,"มากกว่า 1,500,000 บาท",เพื่อใช้ในการค้าขาย,ยังไม่มีแนวโน้มที่จะซื้อ,รถยนต์ไฮบริด (Hybrid),ความสะดวกในการใช้งาน,5,4,5,4,4,4,4,5,3,5,3,5,5,4,4,4,3,3,3,5,4
"23/7/2026, 22:38:30",หญิง,27-30 ปี,ไม่มีบุตร,ม.6,อาชีพอิสระ,1-2 คน,คอนโด / อพาร์ตเมนต์ / หอพัก,เช่า,มีที่จอดรถส่วนกลาง / เช่า,"15,001-25,000 บาท","ไม่มี (หากตอบ ""ไม่มี"" ให้ข้ามไปตอบตอนที่ 3)",,,,,,ราคา,"ต่ำกว่า 500,000 บาท",เพื่อใช้ในการเดินทางท่องเที่ยว,มีแนวโน้มที่จะซื้อ,รถยนต์ไฟฟ้า (EV),"ความสะดวกในการใช้งาน, เป็นมิตรต่อสิ่งแวดล้อม",5,5,3,5,5,3,4,5,5,3,5,5,4,5,5,5,4,4,3,4,2
"23/7/2026, 22:38:30",หญิง,51-60 ปี,2 คน,ม.6,พนักงานเอกชน,1-2 คน,ทาวน์โฮม / ทาวเฮาท์,เป็นเจ้าของ,มีที่จอดรถส่วนกลาง / เช่า,"15,001-25,000 บาท","ไม่มี (หากตอบ ""ไม่มี"" ให้ข้ามไปตอบตอนที่ 3)",,,,,,การรับประกันและบริการหลังการขาย,"500,001-800,000 บาท",เพื่อหลีกเลี่ยงปัญหาจากระบบการขนส่งมวลชน,มีแนวโน้มที่จะซื้อ,รถยนต์ไฟฟ้า (EV),ความสะดวกในการใช้งาน,4,5,5,3,4,5,5,4,5,3,5,4,3,4,5,5,4,5,5,4,5
"23/7/2026, 22:38:31",ชาย,24-26 ปี,1 คน,ม.6,ข้าราชการ,3-4 คน,คอนโด / อพาร์ตเมนต์ / หอพัก,พักอาศัยกับครอบครัว / ผู้อื่น,มีที่จอดรถส่วนกลาง / เช่า,"ต่ำกว่า 15,000 บาท",มี,ขับทั้งในเมืองและนอกเมือง,1-2 วัน / สัปดาห์,51-70 กิโลเมตร,ค่าใช้จ่ายในการซ่อมบำรุง,"รถยนต์สันดาป (ดีเซล / เบนซิน), รถยนต์ไฟฟ้า (EV)",ราคา,"มากกว่า 1,500,000 บาท",เพื่อหลีกเลี่ยงปัญหาจากระบบการขนส่งมวลชน,ยังไม่มีแนวโน้มที่จะซื้อ,รถยนต์ไฮบริด (Hybrid),ราคาซื้อเริ่มต้น,4,5,5,4,5,5,3,5,4,5,5,5,5,5,5,5,5,4,5,4,5
"23/7/2026, 22:38:31",หญิง,27-30 ปี,2 คน,ม.6,เจ้าของกิจการ,3-4 คน,คอนโด / อพาร์ตเมนต์ / หอพัก,เช่า,มีที่จอดรถส่วนกลาง / เช่า,"15,001-25,000 บาท",มี,ขับนอกเมือง,5-6 วัน / สัปดาห์,น้อยกว่า 10 กิโลเมตร,ค่าใช้จ่ายในการซ่อมบำรุง,รถยนต์สันดาป (ดีเซล / เบนซิน),ราคา,"800,001-1,200,000 บาท","เพื่อใช้ในการค้าขาย, เพื่อหลีกเลี่ยงปัญหาจากระบบการขนส่งมวลชน",มีแนวโน้มที่จะซื้อ,รถยนต์ไฮบริด (Hybrid),ความสะดวกในการใช้งาน,4,4,3,3,4,4,5,5,4,5,3,5,4,5,5,3,4,5,4,4,5
"23/7/2026, 22:38:32",ชาย,24-26 ปี,ไม่มีบุตร,ปริญญาตรี,พนักงานเอกชน,1-2 คน,ทาวน์โฮม / ทาวเฮาท์,เช่า,มีที่จอดรถส่วนกลาง / เช่า,"ต่ำกว่า 15,000 บาท",มี,ขับทั้งในเมืองและนอกเมือง,1-2 วัน / สัปดาห์,น้อยกว่า 10 กิโลเมตร,ค่าใช้จ่ายในการซ่อมบำรุง,"รถยนต์ไฮบริด (Hybrid), รถยนต์ไฟฟ้า (EV)",ราคา,"500,001-800,000 บาท",เพื่อใช้ในการค้าขาย,ยังไม่มีแนวโน้มที่จะซื้อ,รถยนต์สันดาป (ดีเซล / เบนซิน),ความสะดวกในการใช้งาน,5,4,3,4,4,5,4,5,4,5,4,4,5,3,4,5,4,5,5,5,4
"23/7/2026, 22:38:33",หญิง,41-50 ปี,1 คน,ม.6,ค้าขาย,1-2 คน,คอนโด / อพาร์ตเมนต์ / หอพัก,พักอาศัยกับครอบครัว / ผู้อื่น,มีที่จอดรถส่วนกลาง / เช่า,"ต่ำกว่า 15,000 บาท","ไม่มี (หากตอบ ""ไม่มี"" ให้ข้ามไปตอบตอนที่ 3)",,,,,,ราคา,"500,001-800,000 บาท",เพื่อหลีกเลี่ยงปัญหาจากระบบการขนส่งมวลชน,ยังไม่มีแนวโน้มที่จะซื้อ,รถยนต์ไฮบริด (Hybrid),ความสะดวกในการใช้งาน,5,4,5,4,5,3,5,5,4,4,5,5,3,5,5,3,4,5,3,4,4
"23/7/2026, 22:38:34",หญิง,24-26 ปี,ไม่มีบุตร,ม.6,เจ้าของกิจการ,3-4 คน,คอนโด / อพาร์ตเมนต์ / หอพัก,เช่า,มีที่จอดรถส่วนกลาง / เช่า,"ต่ำกว่า 15,000 บาท",มี,ขับนอกเมือง,1-2 วัน / สัปดาห์,10-30 กิโลเมตร,ค่าใช้จ่ายในการซ่อมบำรุง,"รถยนต์ไฮบริด (Hybrid), รถยนต์ไฟฟ้า (EV)","แบรนด์, ความคุ้มค่าโดยรวม","มากกว่า 1,500,000 บาท","เพื่อใช้ในการค้าขาย, เพื่อใช้ในการเดินทางท่องเที่ยว",มีแนวโน้มที่จะซื้อ,รถยนต์ไฮบริด (Hybrid),ราคาซื้อเริ่มต้น,4,4,3,3,5,5,3,4,4,4,5,5,5,4,5,4,3,4,3,4,4
"23/7/2026, 22:38:35",หญิง,20-23 ปี,ไม่มีบุตร,ปริญญาโท,พนักงานเอกชน,5 คนขึ้นไป,คอนโด / อพาร์ตเมนต์ / หอพัก,เช่า,มีที่จอดรถส่วนกลาง / เช่า,"ต่ำกว่า 15,000 บาท",มี,ขับทั้งในเมืองและนอกเมือง,1-2 วัน / สัปดาห์,10-30 กิโลเมตร,ค่าใช้จ่ายในการซ่อมบำรุง,รถยนต์สันดาป (ดีเซล / เบนซิน),แบรนด์,"500,001-800,000 บาท",เพื่อความสะดวกในการเดินทาง,มีแนวโน้มที่จะซื้อ,รถยนต์ไฟฟ้า (EV),ความสะดวกในการใช้งาน,5,5,5,2,3,4,5,3,5,4,5,5,4,5,5,3,5,5,3,5,4
"23/7/2026, 22:38:35",ชาย,27-30 ปี,ไม่มีบุตร,ม.6,นักเรียน / นักศึกษา,1-2 คน,คอนโด / อพาร์ตเมนต์ / หอพัก,เช่า,มีที่จอดรถส่วนกลาง / เช่า,"ต่ำกว่า 15,000 บาท","ไม่มี (หากตอบ ""ไม่มี"" ให้ข้ามไปตอบตอนที่ 3)",,,,,,การรับประกันและบริการหลังการขาย,"500,001-800,000 บาท","เพื่อใช้ในการเดินทางไปทำงาน, เพื่อใช้ในการค้าขาย",ยังไม่มีแนวโน้มที่จะซื้อ,รถยนต์สันดาป (ดีเซล / เบนซิน),"ราคาซื้อเริ่มต้น, ความสะดวกในการใช้งาน",4,5,5,4,5,4,5,3,3,5,4,3,4,4,5,5,5,5,4,5,4
"23/7/2026, 22:38:36",หญิง,51-60 ปี,3 คน,ม.6,รัฐวิสาหกิจ,1-2 คน,คอนโด / อพาร์ตเมนต์ / หอพัก,เช่า,มีที่จอดรถส่วนกลาง / เช่า,"15,001-25,000 บาท","ไม่มี (หากตอบ ""ไม่มี"" ให้ข้ามไปตอบตอนที่ 3)",,,,,,แบรนด์,"1,200,000-1,500,000 บาท",เพื่อความสะดวกในการเดินทาง,ยังไม่มีแนวโน้มที่จะซื้อ,รถยนต์สันดาป (ดีเซล / เบนซิน),ค่าบำรุงรักษา,3,4,5,4,4,5,4,5,4,5,4,5,3,5,3,3,5,5,4,3,4
"23/7/2026, 22:38:37",หญิง,24-26 ปี,3 คน,ปริญญาตรี,พนักงานเอกชน,3-4 คน,คอนโด / อพาร์ตเมนต์ / หอพัก,เช่า,มีที่จอดรถส่วนกลาง / เช่า,"15,001-25,000 บาท","ไม่มี (หากตอบ ""ไม่มี"" ให้ข้ามไปตอบตอนที่ 3)",,,,,,ราคา,"500,001-800,000 บาท",เพื่อใช้ในการเดินทางท่องเที่ยว,มีแนวโน้มที่จะซื้อ,รถยนต์ไฟฟ้า (EV),เป็นมิตรต่อสิ่งแวดล้อม,4,5,5,5,3,4,4,5,4,5,3,5,3,4,5,4,4,5,5,5,5
"23/7/2026, 22:38:37",ชาย,24-26 ปี,1 คน,ม.6,พนักงานเอกชน,1-2 คน,คอนโด / อพาร์ตเมนต์ / หอพัก,เช่า,มีที่จอดรถส่วนกลาง / เช่า,"ต่ำกว่า 15,000 บาท","ไม่มี (หากตอบ ""ไม่มี"" ให้ข้ามไปตอบตอนที่ 3)",,,,,,ค่าน้ำมัน,"800,001-1,200,000 บาท",เพื่อใช้ในการค้าขาย,ยังไม่มีแนวโน้มที่จะซื้อ,รถยนต์ไฟฟ้า (EV),ความสะดวกในการใช้งาน,4,5,5,5,5,3,4,5,4,5,4,4,5,5,4,4,5,5,5,4,3
"23/7/2026, 22:38:38",ชาย,24-26 ปี,1 คน,ปริญญาเอก,ค้าขาย,1-2 คน,คอนโด / อพาร์ตเมนต์ / หอพัก,เช่า,มีที่จอดรถส่วนกลาง / เช่า,"ต่ำกว่า 15,000 บาท","ไม่มี (หากตอบ ""ไม่มี"" ให้ข้ามไปตอบตอนที่ 3)",,,,,,ราคา,"500,001-800,000 บาท","เพื่อใช้ในการค้าขาย, เพื่อหลีกเลี่ยงปัญหาจากระบบการขนส่งมวลชน",ยังไม่มีแนวโน้มที่จะซื้อ,รถยนต์ไฟฟ้า (EV),ความสะดวกในการใช้งาน,5,2,3,5,4,4,4,4,5,5,5,4,4,4,4,5,5,4,5,4,3
"23/7/2026, 22:38:39",หญิง,24-26 ปี,2 คน,ม.6,พนักงานเอกชน,1-2 คน,คอนโด / อพาร์ตเมนต์ / หอพัก,เช่า,มีที่จอดรถส่วนกลาง / เช่า,"ต่ำกว่า 15,000 บาท","ไม่มี (หากตอบ ""ไม่มี"" ให้ข้ามไปตอบตอนที่ 3)",,,,,,ราคา,"800,001-1,200,000 บาท",เพื่อใช้ในการค้าขาย,ยังไม่มีแนวโน้มที่จะซื้อ,รถยนต์สันดาป (ดีเซล / เบนซิน),"ราคาซื้อเริ่มต้น, ค่าบำรุงรักษา",5,5,5,5,4,5,5,3,3,5,5,5,5,5,5,5,4,5,5,5,5
"23/7/2026, 22:38:39",หญิง,27-30 ปี,ไม่มีบุตร,ปริญญาตรี,เจ้าของกิจการ,1-2 คน,คอนโด / อพาร์ตเมนต์ / หอพัก,เช่า,มีที่จอดรถส่วนกลาง / เช่า,"25,001-35,000 บาท","ไม่มี (หากตอบ ""ไม่มี"" ให้ข้ามไปตอบตอนที่ 3)",,,,,,"ค่าไฟฟ้า, แบรนด์, เทคโนโลยีและฟังก์ชันภายในรถ","500,001-800,000 บาท","เพื่อใช้ในการค้าขาย, เพื่อหลีกเลี่ยงปัญหาจากระบบการขนส่งมวลชน",มีแนวโน้มที่จะซื้อ,รถยนต์สันดาป (ดีเซล / เบนซิน),เป็นมิตรต่อสิ่งแวดล้อม,4,4,4,4,5,5,3,5,5,5,5,5,4,3,5,3,5,5,3,4,5
"23/7/2026, 22:38:40",หญิง,31-40 ปี,ไม่มีบุตร,ม.3,ข้าราชการ,1-2 คน,บ้านเดี่ยว / บ้านแฝด,เช่า,มีที่จอดรถส่วนกลาง / เช่า,"ต่ำกว่า 15,000 บาท","ไม่มี (หากตอบ ""ไม่มี"" ให้ข้ามไปตอบตอนที่ 3)",,,,,,ราคา,"ต่ำกว่า 500,000 บาท","เพื่อใช้ในการเดินทางไปทำงาน, เพื่อความสะดวกในการเดินทาง",มีแนวโน้มที่จะซื้อ,รถยนต์ไฟฟ้า (EV),ความสะดวกในการใช้งาน,4,4,5,3,4,4,5,5,3,3,4,5,4,4,4,3,4,3,5,5,4
"23/7/2026, 22:38:41",หญิง,มากกว่า 60 ปี,ไม่มีบุตร,ปริญญาตรี,พนักงานเอกชน,1-2 คน,คอนโด / อพาร์ตเมนต์ / หอพัก,พักอาศัยกับครอบครัว / ผู้อื่น,มีที่จอดรถส่วนกลาง / เช่า,"ต่ำกว่า 15,000 บาท","ไม่มี (หากตอบ ""ไม่มี"" ให้ข้ามไปตอบตอนที่ 3)",,,,,,ค่าน้ำมัน,"800,001-1,200,000 บาท",เพื่อใช้ในการค้าขาย,มีแนวโน้มที่จะซื้อ,รถยนต์ไฟฟ้า (EV),"ราคาซื้อเริ่มต้น, ความสะดวกในการใช้งาน, เป็นมิตรต่อสิ่งแวดล้อม",3,5,4,4,4,5,4,4,4,5,4,4,5,4,4,5,4,5,4,5,5
"23/7/2026, 22:38:41",ชาย,51-60 ปี,ไม่มีบุตร,ม.6,นักเรียน / นักศึกษา,5 คนขึ้นไป,คอนโด / อพาร์ตเมนต์ / หอพัก,เช่า,มีที่จอดรถส่วนกลาง / เช่า,"ต่ำกว่า 15,000 บาท",มี,ขับในเมือง,1-2 วัน / สัปดาห์,51-70 กิโลเมตร,ค่าใช้จ่ายในการซ่อมบำรุง,รถยนต์สันดาป (ดีเซล / เบนซิน),ราคา,"500,001-800,000 บาท","เพื่อใช้ในการค้าขาย, เพื่อใช้ในการเดินทางท่องเที่ยว",มีแนวโน้มที่จะซื้อ,รถยนต์ไฟฟ้า (EV),เป็นมิตรต่อสิ่งแวดล้อม,5,4,5,5,5,4,5,4,5,4,5,5,5,5,3,4,5,4,5,5,5
"23/7/2026, 22:38:42",หญิง,24-26 ปี,ไม่มีบุตร,ปริญญาตรี,รัฐวิสาหกิจ,5 คนขึ้นไป,บ้านเดี่ยว / บ้านแฝด,เช่า,มีที่จอดรถส่วนกลาง / เช่า,"15,001-25,000 บาท","ไม่มี (หากตอบ ""ไม่มี"" ให้ข้ามไปตอบตอนที่ 3)",,,,,,สมรรถนะในการขับขี่,"ต่ำกว่า 500,000 บาท","เพื่อความสะดวกในการเดินทาง, เพื่อหลีกเลี่ยงปัญหาจากระบบการขนส่งมวลชน",มีแนวโน้มที่จะซื้อ,รถยนต์สันดาป (ดีเซล / เบนซิน),ความสะดวกในการใช้งาน,4,5,5,3,5,3,4,4,4,5,5,5,4,4,5,4,3,5,3,5,4
"23/7/2026, 22:38:43",ชาย,มากกว่า 60 ปี,3 คน,ม.6,เจ้าของกิจการ,1-2 คน,คอนโด / อพาร์ตเมนต์ / หอพัก,เช่า,มีที่จอดรถส่วนกลาง / เช่า,"15,001-25,000 บาท","ไม่มี (หากตอบ ""ไม่มี"" ให้ข้ามไปตอบตอนที่ 3)",,,,,,ราคา,"1,200,000-1,500,000 บาท",เพื่อใช้ในการค้าขาย,ยังไม่มีแนวโน้มที่จะซื้อ,รถยนต์ไฟฟ้า (EV),ความสะดวกในการใช้งาน,3,4,5,3,4,4,5,4,5,5,5,5,4,4,3,5,5,4,3,4,4
"23/7/2026, 22:38:43",ชาย,24-26 ปี,1 คน,ม.6,เจ้าของกิจการ,1-2 คน,คอนโด / อพาร์ตเมนต์ / หอพัก,เช่า,มีที่จอดรถส่วนกลาง / เช่า,"ต่ำกว่า 15,000 บาท","ไม่มี (หากตอบ ""ไม่มี"" ให้ข้ามไปตอบตอนที่ 3)",,,,,,แบรนด์,"มากกว่า 1,500,000 บาท",เพื่อใช้ในการค้าขาย,ยังไม่มีแนวโน้มที่จะซื้อ,รถยนต์ไฮบริด (Hybrid),ราคาซื้อเริ่มต้น,4,4,4,4,4,4,3,5,3,5,5,5,4,5,4,4,2,5,5,3,5
"23/7/2026, 22:38:44",หญิง,27-30 ปี,3 คน,ปริญญาตรี,รัฐวิสาหกิจ,5 คนขึ้นไป,บ้านเดี่ยว / บ้านแฝด,เช่า,มีที่จอดรถส่วนกลาง / เช่า,"15,001-25,000 บาท","ไม่มี (หากตอบ ""ไม่มี"" ให้ข้ามไปตอบตอนที่ 3)",,,,,,เทคโนโลยีและฟังก์ชันภายในรถ,"มากกว่า 1,500,000 บาท","เพื่อใช้ในการค้าขาย, เพื่อใช้ในการเดินทางท่องเที่ยว",มีแนวโน้มที่จะซื้อ,รถยนต์ไฮบริด (Hybrid),ความสะดวกในการใช้งาน,3,4,5,4,5,4,3,3,4,4,4,5,5,4,3,4,5,4,5,5,4
"23/7/2026, 22:38:45",ชาย,27-30 ปี,1 คน,ม.6,รัฐวิสาหกิจ,1-2 คน,ทาวน์โฮม / ทาวเฮาท์,พักอาศัยกับครอบครัว / ผู้อื่น,มีที่จอดรถส่วนกลาง / เช่า,"ต่ำกว่า 15,000 บาท","ไม่มี (หากตอบ ""ไม่มี"" ให้ข้ามไปตอบตอนที่ 3)",,,,,,ราคา,"500,001-800,000 บาท",เพื่อใช้ในการค้าขาย,มีแนวโน้มที่จะซื้อ,รถยนต์ไฮบริด (Hybrid),เป็นมิตรต่อสิ่งแวดล้อม,3,2,3,5,3,5,5,4,5,4,5,3,5,4,4,5,5,4,4,4,3
"23/7/2026, 22:38:45",หญิง,24-26 ปี,2 คน,ม.6,พนักงานเอกชน,3-4 คน,คอนโด / อพาร์ตเมนต์ / หอพัก,เช่า,มีที่จอดรถส่วนกลาง / เช่า,"15,001-25,000 บาท",มี,ขับในเมือง,1-2 วัน / สัปดาห์,น้อยกว่า 10 กิโลเมตร,ค่าใช้จ่ายในการซ่อมบำรุง,รถยนต์สันดาป (ดีเซล / เบนซิน),สมรรถนะในการขับขี่,"500,001-800,000 บาท",เพื่อใช้ในการค้าขาย,ยังไม่มีแนวโน้มที่จะซื้อ,รถยนต์ไฟฟ้า (EV),ความสะดวกในการใช้งาน,5,5,5,4,5,5,5,5,3,5,4,5,5,5,3,5,5,3,4,4,4
"23/7/2026, 22:38:46",หญิง,24-26 ปี,1 คน,ม.6,รัฐวิสาหกิจ,1-2 คน,คอนโด / อพาร์ตเมนต์ / หอพัก,เช่า,มีที่จอดรถส่วนกลาง / เช่า,"มากกว่า 75,000",มี,ขับนอกเมือง,1-2 วัน / สัปดาห์,51-70 กิโลเมตร,มูลค่าการขายต่อ,รถยนต์สันดาป (ดีเซล / เบนซิน),ราคา,"มากกว่า 1,500,000 บาท","เพื่อใช้ในการค้าขาย, เพื่อใช้ในการเดินทางท่องเที่ยว",มีแนวโน้มที่จะซื้อ,รถยนต์สันดาป (ดีเซล / เบนซิน),"ราคาซื้อเริ่มต้น, ค่าบำรุงรักษา",5,5,3,5,3,3,4,3,5,5,4,5,2,3,5,4,3,4,4,4,4
"23/7/2026, 22:38:47",หญิง,41-50 ปี,1 คน,ม.6,พนักงานเอกชน,3-4 คน,คอนโด / อพาร์ตเมนต์ / หอพัก,เช่า,มีที่จอดรถส่วนกลาง / เช่า,"25,001-35,000 บาท",มี,ขับในเมือง,5-6 วัน / สัปดาห์,น้อยกว่า 10 กิโลเมตร,อายุการใช้งาน,รถยนต์สันดาป (ดีเซล / เบนซิน),ค่าน้ำมัน,"800,001-1,200,000 บาท",เพื่อใช้ในการเดินทางท่องเที่ยว,มีแนวโน้มที่จะซื้อ,รถยนต์ไฮบริด (Hybrid),ความสะดวกในการใช้งาน,5,3,4,4,5,4,3,4,3,5,4,5,5,3,5,4,5,4,4,5,5
"23/7/2026, 22:38:47",หญิง,24-26 ปี,1 คน,ม.6,รัฐวิสาหกิจ,1-2 คน,บ้านเดี่ยว / บ้านแฝด,เช่า,มีที่จอดรถส่วนกลาง / เช่า,"ต่ำกว่า 15,000 บาท","ไม่มี (หากตอบ ""ไม่มี"" ให้ข้ามไปตอบตอนที่ 3)",,,,,,ราคา,"500,001-800,000 บาท",เพื่อหลีกเลี่ยงปัญหาจากระบบการขนส่งมวลชน,ยังไม่มีแนวโน้มที่จะซื้อ,รถยนต์ไฮบริด (Hybrid),ค่าบำรุงรักษา,4,4,5,4,4,5,3,3,5,5,5,3,4,4,5,4,5,3,5,5,3
"23/7/2026, 22:38:48",หญิง,24-26 ปี,ไม่มีบุตร,ม.6,พนักงานเอกชน,1-2 คน,ทาวน์โฮม / ทาวเฮาท์,เช่า,มีที่จอดรถส่วนกลาง / เช่า,"25,001-35,000 บาท","ไม่มี (หากตอบ ""ไม่มี"" ให้ข้ามไปตอบตอนที่ 3)",,,,,,สมรรถนะในการขับขี่,"มากกว่า 1,500,000 บาท",เพื่อใช้ในการค้าขาย,มีแนวโน้มที่จะซื้อ,รถยนต์ไฮบริด (Hybrid),ความสะดวกในการใช้งาน,4,4,4,4,4,3,5,4,5,5,4,4,3,4,4,5,5,4,5,4,5
"23/7/2026, 22:38:49",หญิง,24-26 ปี,ไม่มีบุตร,ม.6,เจ้าของกิจการ,3-4 คน,คอนโด / อพาร์ตเมนต์ / หอพัก,เช่า,มีที่จอดรถส่วนกลาง / เช่า,"ต่ำกว่า 15,000 บาท","ไม่มี (หากตอบ ""ไม่มี"" ให้ข้ามไปตอบตอนที่ 3)",,,,,,ราคา,"มากกว่า 1,500,000 บาท",เพื่อใช้ในการค้าขาย,ยังไม่มีแนวโน้มที่จะซื้อ,รถยนต์ไฟฟ้า (EV),ความสะดวกในการใช้งาน,5,4,5,4,4,4,5,3,4,5,5,5,4,5,5,5,3,5,5,4,4
"23/7/2026, 22:38:49",หญิง,20-23 ปี,ไม่มีบุตร,ปวช. / ปวส.,รัฐวิสาหกิจ,1-2 คน,ทาวน์โฮม / ทาวเฮาท์,เช่า,มีที่จอดรถส่วนกลาง / เช่า,"ต่ำกว่า 15,000 บาท","ไม่มี (หากตอบ ""ไม่มี"" ให้ข้ามไปตอบตอนที่ 3)",,,,,,"ราคา, ค่าน้ำมัน","มากกว่า 1,500,000 บาท","เพื่อใช้ในการค้าขาย, เพื่อใช้ในการเดินทางท่องเที่ยว",มีแนวโน้มที่จะซื้อ,รถยนต์ไฮบริด (Hybrid),ความสะดวกในการใช้งาน,5,5,4,5,4,5,5,3,5,5,5,4,4,5,5,4,5,4,3,3,4
"23/7/2026, 22:38:50",หญิง,24-26 ปี,3 คน,ปริญญาตรี,ค้าขาย,3-4 คน,คอนโด / อพาร์ตเมนต์ / หอพัก,เช่า,มีที่จอดรถส่วนกลาง / เช่า,"15,001-25,000 บาท",มี,ขับนอกเมือง,5-6 วัน / สัปดาห์,10-30 กิโลเมตร,ค่าใช้จ่ายในการซ่อมบำรุง,รถยนต์สันดาป (ดีเซล / เบนซิน),ราคา,"800,001-1,200,000 บาท",เพื่อใช้ในการค้าขาย,มีแนวโน้มที่จะซื้อ,รถยนต์ไฟฟ้า (EV),ความสะดวกในการใช้งาน,4,4,5,3,4,5,5,3,5,5,3,3,5,5,4,5,3,5,5,5,5
"23/7/2026, 22:38:51",หญิง,27-30 ปี,ไม่มีบุตร,ปริญญาตรี,พนักงานเอกชน,1-2 คน,คอนโด / อพาร์ตเมนต์ / หอพัก,เช่า,มีที่จอดรถส่วนกลาง / เช่า,"ต่ำกว่า 15,000 บาท","ไม่มี (หากตอบ ""ไม่มี"" ให้ข้ามไปตอบตอนที่ 3)",,,,,,แบรนด์,"มากกว่า 1,500,000 บาท",เพื่อใช้ในการค้าขาย,มีแนวโน้มที่จะซื้อ,รถยนต์ไฟฟ้า (EV),"ราคาซื้อเริ่มต้น, ค่าบำรุงรักษา, ความสะดวกในการใช้งาน, เป็นมิตรต่อสิ่งแวดล้อม",3,4,3,3,4,4,5,4,5,4,5,5,5,5,5,4,4,4,5,5,5
"23/7/2026, 22:38:51",หญิง,41-50 ปี,2 คน,ปริญญาตรี,พนักงานเอกชน,5 คนขึ้นไป,ทาวน์โฮม / ทาวเฮาท์,เป็นเจ้าของ,มีที่จอดรถส่วนกลาง / เช่า,"25,001-35,000 บาท","ไม่มี (หากตอบ ""ไม่มี"" ให้ข้ามไปตอบตอนที่ 3)",,,,,,แบรนด์,"500,001-800,000 บาท","เพื่อใช้ในการค้าขาย, เพื่อหลีกเลี่ยงปัญหาจากระบบการขนส่งมวลชน",มีแนวโน้มที่จะซื้อ,รถยนต์สันดาป (ดีเซล / เบนซิน),ความสะดวกในการใช้งาน,5,4,4,5,2,5,3,5,3,5,5,3,3,4,3,5,5,2,4,3,4
"23/7/2026, 22:38:52",หญิง,31-40 ปี,ไม่มีบุตร,ม.3,พนักงานเอกชน,5 คนขึ้นไป,คอนโด / อพาร์ตเมนต์ / หอพัก,เช่า,มีที่จอดรถส่วนกลาง / เช่า,"ต่ำกว่า 15,000 บาท","ไม่มี (หากตอบ ""ไม่มี"" ให้ข้ามไปตอบตอนที่ 3)",,,,,,รูปลักษณ์ / ดีไซน์,"1,200,000-1,500,000 บาท",เพื่อใช้ในการค้าขาย,ยังไม่มีแนวโน้มที่จะซื้อ,รถยนต์สันดาป (ดีเซล / เบนซิน),เป็นมิตรต่อสิ่งแวดล้อม,4,5,4,4,5,5,5,5,4,4,3,4,4,4,4,4,4,5,4,4,4
"23/7/2026, 22:38:53",หญิง,24-26 ปี,ไม่มีบุตร,ม.6,เจ้าของกิจการ,5 คนขึ้นไป,คอนโด / อพาร์ตเมนต์ / หอพัก,เช่า,มีที่จอดรถส่วนกลาง / เช่า,"15,001-25,000 บาท","ไม่มี (หากตอบ ""ไม่มี"" ให้ข้ามไปตอบตอนที่ 3)",,,,,,ค่าน้ำมัน,"500,001-800,000 บาท",เพื่อใช้ในการเดินทางท่องเที่ยว,มีแนวโน้มที่จะซื้อ,รถยนต์สันดาป (ดีเซล / เบนซิน),"ประหยัดค่าเชื้อเพลิง, ค่าบำรุงรักษา, ความสะดวกในการใช้งาน",4,5,3,4,3,5,4,4,3,4,4,5,4,5,5,5,5,5,5,4,5
"23/7/2026, 22:38:53",หญิง,24-26 ปี,1 คน,ปริญญาตรี,ข้าราชการ,1-2 คน,คอนโด / อพาร์ตเมนต์ / หอพัก,เช่า,มีที่จอดรถส่วนกลาง / เช่า,"15,001-25,000 บาท","ไม่มี (หากตอบ ""ไม่มี"" ให้ข้ามไปตอบตอนที่ 3)",,,,,,"ค่าน้ำมัน, รูปลักษณ์ / ดีไซน์","500,001-800,000 บาท",เพื่อใช้ในการค้าขาย,มีแนวโน้มที่จะซื้อ,รถยนต์สันดาป (ดีเซล / เบนซิน),"ค่าบำรุงรักษา, เทคโนโลยีและความทันสมัย",5,5,3,4,5,4,4,4,3,4,3,4,4,4,5,5,4,5,5,5,5
"23/7/2026, 22:38:54",หญิง,24-26 ปี,ไม่มีบุตร,ปริญญาตรี,พนักงานเอกชน,1-2 คน,คอนโด / อพาร์ตเมนต์ / หอพัก,เช่า,มีที่จอดรถส่วนกลาง / เช่า,"35,001-50,000 บาท",มี,ขับทั้งในเมืองและนอกเมือง,3-4 วัน / สัปดาห์,31-50 กิโลเมตร,ราคาน้ำมัน,"รถยนต์สันดาป (ดีเซล / เบนซิน), รถยนต์ไฮบริด (Hybrid), รถยนต์ไฟฟ้า (EV)",รูปลักษณ์ / ดีไซน์,"800,001-1,200,000 บาท","เพื่อใช้ในการเดินทางไปทำงาน, เพื่อหลีกเลี่ยงปัญหาจากระบบการขนส่งมวลชน",มีแนวโน้มที่จะซื้อ,รถยนต์ไฟฟ้า (EV),"ราคาซื้อเริ่มต้น, เทคโนโลยีและความทันสมัย",5,4,4,5,4,5,3,5,5,5,5,4,3,5,4,4,4,5,4,4,3
"23/7/2026, 22:38:55",หญิง,27-30 ปี,1 คน,ปริญญาตรี,พนักงานเอกชน,1-2 คน,คอนโด / อพาร์ตเมนต์ / หอพัก,เช่า,มีที่จอดรถส่วนกลาง / เช่า,"25,001-35,000 บาท","ไม่มี (หากตอบ ""ไม่มี"" ให้ข้ามไปตอบตอนที่ 3)",,,,,,ค่าน้ำมัน,"500,001-800,000 บาท",เพื่อใช้ในการค้าขาย,มีแนวโน้มที่จะซื้อ,รถยนต์ไฟฟ้า (EV),เทคโนโลยีและความทันสมัย,5,3,4,5,5,5,4,4,5,4,5,4,4,4,3,5,4,4,4,5,4
"23/7/2026, 22:38:55",ชาย,27-30 ปี,3 คน,ปริญญาเอก,อาชีพอิสระ,1-2 คน,คอนโด / อพาร์ตเมนต์ / หอพัก,เช่า,มีที่จอดรถส่วนกลาง / เช่า,"15,001-25,000 บาท","ไม่มี (หากตอบ ""ไม่มี"" ให้ข้ามไปตอบตอนที่ 3)",,,,,,ราคา,"500,001-800,000 บาท",เพื่อใช้ในการค้าขาย,มีแนวโน้มที่จะซื้อ,รถยนต์ไฟฟ้า (EV),"ราคาซื้อเริ่มต้น, ความสะดวกในการใช้งาน",5,3,4,5,5,5,5,4,3,5,5,4,3,4,4,5,4,4,5,5,5
"23/7/2026, 22:38:56",ชาย,27-30 ปี,ไม่มีบุตร,ปวช. / ปวส.,รัฐวิสาหกิจ,3-4 คน,ทาวน์โฮม / ทาวเฮาท์,เช่า,มีที่จอดรถส่วนตัว,"ต่ำกว่า 15,000 บาท",มี,ขับในเมือง,1-2 วัน / สัปดาห์,31-50 กิโลเมตร,"ราคาน้ำมัน, ค่าใช้จ่ายในการซ่อมบำรุง","รถยนต์สันดาป (ดีเซล / เบนซิน), รถยนต์ไฮบริด (Hybrid)","ราคา, แบรนด์","มากกว่า 1,500,000 บาท","เพื่อใช้ในการค้าขาย, เพื่อหลีกเลี่ยงปัญหาจากระบบการขนส่งมวลชน",มีแนวโน้มที่จะซื้อ,รถยนต์ไฮบริด (Hybrid),ค่าบำรุงรักษา,5,5,5,4,4,5,4,5,4,5,4,4,4,5,5,4,2,5,5,5,3
"23/7/2026, 22:38:56",ชาย,27-30 ปี,1 คน,ม.6,ข้าราชการ,5 คนขึ้นไป,ทาวน์โฮม / ทาวเฮาท์,เช่า,มีที่จอดรถส่วนกลาง / เช่า,"15,001-25,000 บาท","ไม่มี (หากตอบ ""ไม่มี"" ให้ข้ามไปตอบตอนที่ 3)",,,,,,"ราคา, ค่าน้ำมัน","500,001-800,000 บาท",เพื่อใช้ในการค้าขาย,มีแนวโน้มที่จะซื้อ,รถยนต์สันดาป (ดีเซล / เบนซิน),"ราคาซื้อเริ่มต้น, ประหยัดค่าเชื้อเพลิง",5,4,5,4,5,3,5,3,5,5,4,5,5,4,4,3,4,5,5,4,5
"23/7/2026, 22:38:57",ชาย,31-40 ปี,ไม่มีบุตร,ม.6,ข้าราชการ,1-2 คน,คอนโด / อพาร์ตเมนต์ / หอพัก,เช่า,มีที่จอดรถส่วนกลาง / เช่า,"ต่ำกว่า 15,000 บาท","ไม่มี (หากตอบ ""ไม่มี"" ให้ข้ามไปตอบตอนที่ 3)",,,,,,ค่าน้ำมัน,"มากกว่า 1,500,000 บาท",เพื่อใช้ในการค้าขาย,มีแนวโน้มที่จะซื้อ,รถยนต์ไฟฟ้า (EV),ความสะดวกในการใช้งาน,4,5,5,4,4,5,4,5,5,4,5,2,5,4,4,5,5,5,5,4,4
"23/7/2026, 22:38:58",หญิง,24-26 ปี,2 คน,ปริญญาตรี,เจ้าของกิจการ,1-2 คน,คอนโด / อพาร์ตเมนต์ / หอพัก,เช่า,มีที่จอดรถส่วนกลาง / เช่า,"ต่ำกว่า 15,000 บาท",มี,ขับนอกเมือง,5-6 วัน / สัปดาห์,10-30 กิโลเมตร,ราคาน้ำมัน,"รถยนต์สันดาป (ดีเซล / เบนซิน), รถยนต์ไฮบริด (Hybrid)",แบรนด์,"มากกว่า 1,500,000 บาท",เพื่อใช้ในการเดินทางท่องเที่ยว,มีแนวโน้มที่จะซื้อ,รถยนต์ไฮบริด (Hybrid),"ความสะดวกในการใช้งาน, เทคโนโลยีและความทันสมัย",5,4,5,5,4,4,5,5,4,5,3,4,3,4,4,5,5,3,5,5,4
"23/7/2026, 22:38:58",หญิง,มากกว่า 60 ปี,ไม่มีบุตร,ม.6,พนักงานเอกชน,5 คนขึ้นไป,คอนโด / อพาร์ตเมนต์ / หอพัก,เช่า,มีที่จอดรถส่วนตัว,"ต่ำกว่า 15,000 บาท","ไม่มี (หากตอบ ""ไม่มี"" ให้ข้ามไปตอบตอนที่ 3)",,,,,,รูปลักษณ์ / ดีไซน์,"1,200,000-1,500,000 บาท","เพื่อใช้ในการเดินทางไปทำงาน, เพื่อใช้ในการเดินทางท่องเที่ยว",ยังไม่มีแนวโน้มที่จะซื้อ,รถยนต์ไฟฟ้า (EV),ราคาซื้อเริ่มต้น,4,4,4,5,5,5,4,5,3,3,4,4,5,5,5,5,3,4,5,5,3
"23/7/2026, 22:38:59",หญิง,41-50 ปี,ไม่มีบุตร,ปริญญาตรี,นักเรียน / นักศึกษา,1-2 คน,คอนโด / อพาร์ตเมนต์ / หอพัก,เช่า,มีที่จอดรถส่วนกลาง / เช่า,"25,001-35,000 บาท","ไม่มี (หากตอบ ""ไม่มี"" ให้ข้ามไปตอบตอนที่ 3)",,,,,,"เทคโนโลยีและฟังก์ชันภายในรถ, การรับประกันและบริการหลังการขาย","ต่ำกว่า 500,000 บาท",เพื่อหลีกเลี่ยงปัญหาจากระบบการขนส่งมวลชน,มีแนวโน้มที่จะซื้อ,รถยนต์ไฟฟ้า (EV),ราคาซื้อเริ่มต้น,4,5,4,4,5,3,5,5,3,3,4,4,5,3,5,5,2,4,5,3,5
"23/7/2026, 22:38:59",หญิง,24-26 ปี,ไม่มีบุตร,ม.6,พนักงานเอกชน,1-2 คน,คอนโด / อพาร์ตเมนต์ / หอพัก,เช่า,มีที่จอดรถส่วนกลาง / เช่า,"15,001-25,000 บาท",มี,ขับนอกเมือง,ใช้งานทุกวัน,31-50 กิโลเมตร,ราคาน้ำมัน,รถยนต์สันดาป (ดีเซล / เบนซิน),ราคา,"800,001-1,200,000 บาท",เพื่อหลีกเลี่ยงปัญหาจากระบบการขนส่งมวลชน,ยังไม่มีแนวโน้มที่จะซื้อ,รถยนต์ไฮบริด (Hybrid),"ค่าบำรุงรักษา, เป็นมิตรต่อสิ่งแวดล้อม",5,4,4,5,3,4,4,2,5,5,5,2,2,4,4,5,4,5,5,4,4
"23/7/2026, 22:39:00",ชาย,27-30 ปี,3 คน,ปริญญาตรี,นักเรียน / นักศึกษา,3-4 คน,คอนโด / อพาร์ตเมนต์ / หอพัก,เช่า,มีที่จอดรถส่วนกลาง / เช่า,"ต่ำกว่า 15,000 บาท",มี,ขับนอกเมือง,1-2 วัน / สัปดาห์,10-30 กิโลเมตร,"อายุการใช้งาน, มูลค่าการขายต่อ",รถยนต์สันดาป (ดีเซล / เบนซิน),ราคา,"500,001-800,000 บาท",เพื่อใช้ในการค้าขาย,มีแนวโน้มที่จะซื้อ,รถยนต์ไฮบริด (Hybrid),ความสะดวกในการใช้งาน,4,5,4,4,5,5,5,3,5,3,4,4,1,5,4,5,5,5,5,4,4
"23/7/2026, 22:39:01",หญิง,31-40 ปี,3 คน,ม.6,รัฐวิสาหกิจ,1-2 คน,คอนโด / อพาร์ตเมนต์ / หอพัก,เช่า,มีที่จอดรถส่วนกลาง / เช่า,"ต่ำกว่า 15,000 บาท","ไม่มี (หากตอบ ""ไม่มี"" ให้ข้ามไปตอบตอนที่ 3)",,,,,,ราคา,"มากกว่า 1,500,000 บาท",เพื่อความสะดวกในการเดินทาง,มีแนวโน้มที่จะซื้อ,รถยนต์ไฟฟ้า (EV),"ค่าบำรุงรักษา, ความสะดวกในการใช้งาน",4,4,5,5,5,5,5,5,3,5,5,5,4,3,4,4,2,3,4,5,5
"23/7/2026, 22:39:01",ชาย,27-30 ปี,1 คน,ม.6,พนักงานเอกชน,1-2 คน,คอนโด / อพาร์ตเมนต์ / หอพัก,เช่า,มีที่จอดรถส่วนกลาง / เช่า,"ต่ำกว่า 15,000 บาท",มี,ขับนอกเมือง,5-6 วัน / สัปดาห์,น้อยกว่า 10 กิโลเมตร,"ราคาน้ำมัน, ค่าไฟฟ้า, มูลค่าการขายต่อ",รถยนต์สันดาป (ดีเซล / เบนซิน),รูปลักษณ์ / ดีไซน์,"800,001-1,200,000 บาท",เพื่อหลีกเลี่ยงปัญหาจากระบบการขนส่งมวลชน,ยังไม่มีแนวโน้มที่จะซื้อ,รถยนต์สันดาป (ดีเซล / เบนซิน),เป็นมิตรต่อสิ่งแวดล้อม,5,3,4,4,5,4,4,4,3,5,3,3,5,3,5,5,5,5,5,5,5
"23/7/2026, 22:39:02",หญิง,27-30 ปี,3 คน,ปริญญาตรี,รัฐวิสาหกิจ,3-4 คน,ทาวน์โฮม / ทาวเฮาท์,เช่า,มีที่จอดรถส่วนกลาง / เช่า,"15,001-25,000 บาท","ไม่มี (หากตอบ ""ไม่มี"" ให้ข้ามไปตอบตอนที่ 3)",,,,,,ราคา,"800,001-1,200,000 บาท","เพื่อใช้ในการเดินทางไปทำงาน, เพื่อหลีกเลี่ยงปัญหาจากระบบการขนส่งมวลชน",ยังไม่มีแนวโน้มที่จะซื้อ,รถยนต์ไฟฟ้า (EV),ราคาซื้อเริ่มต้น,5,4,5,4,5,5,5,4,4,4,4,5,5,5,3,5,3,3,5,3,4
"23/7/2026, 22:39:03",หญิง,มากกว่า 60 ปี,1 คน,ม.6,เจ้าของกิจการ,1-2 คน,คอนโด / อพาร์ตเมนต์ / หอพัก,เช่า,มีที่จอดรถส่วนกลาง / เช่า,"ต่ำกว่า 15,000 บาท","ไม่มี (หากตอบ ""ไม่มี"" ให้ข้ามไปตอบตอนที่ 3)",,,,,,แบรนด์,"800,001-1,200,000 บาท","เพื่อใช้ในการค้าขาย, เพื่อใช้ในการเดินทางท่องเที่ยว",มีแนวโน้มที่จะซื้อ,รถยนต์ไฮบริด (Hybrid),"เป็นมิตรต่อสิ่งแวดล้อม, เทคโนโลยีและความทันสมัย",4,2,5,4,5,5,4,4,5,4,5,4,3,4,5,4,4,4,4,3,5
"23/7/2026, 22:39:03",หญิง,27-30 ปี,ไม่มีบุตร,ปริญญาตรี,เจ้าของกิจการ,3-4 คน,คอนโด / อพาร์ตเมนต์ / หอพัก,เช่า,มีที่จอดรถส่วนกลาง / เช่า,"มากกว่า 75,000",มี,ขับนอกเมือง,1-2 วัน / สัปดาห์,มากกว่า 90 กิโลเมตร,"ราคาน้ำมัน, ค่าใช้จ่ายในการซ่อมบำรุง","รถยนต์สันดาป (ดีเซล / เบนซิน), รถยนต์ไฮบริด (Hybrid)",ค่าน้ำมัน,"มากกว่า 1,500,000 บาท",เพื่อใช้ในการค้าขาย,ยังไม่มีแนวโน้มที่จะซื้อ,รถยนต์สันดาป (ดีเซล / เบนซิน),ความสะดวกในการใช้งาน,5,5,5,5,3,5,5,4,4,5,3,5,4,5,4,4,4,5,5,5,4
"23/7/2026, 22:39:04",หญิง,31-40 ปี,1 คน,ม.6,พนักงานเอกชน,1-2 คน,ทาวน์โฮม / ทาวเฮาท์,เช่า,มีที่จอดรถส่วนกลาง / เช่า,"15,001-25,000 บาท",มี,ขับทั้งในเมืองและนอกเมือง,1-2 วัน / สัปดาห์,10-30 กิโลเมตร,ค่าใช้จ่ายในการซ่อมบำรุง,รถยนต์ไฮบริด (Hybrid),ราคา,"500,001-800,000 บาท",เพื่อใช้ในการค้าขาย,มีแนวโน้มที่จะซื้อ,รถยนต์ไฟฟ้า (EV),"ราคาซื้อเริ่มต้น, ความสะดวกในการใช้งาน",4,3,5,3,4,5,5,5,4,5,5,4,4,4,4,5,5,3,5,4,5
"23/7/2026, 22:39:04",ชาย,41-50 ปี,ไม่มีบุตร,ม.6,พนักงานเอกชน,1-2 คน,บ้านเดี่ยว / บ้านแฝด,เช่า,ไม่มีที่จอดรถ,"ต่ำกว่า 15,000 บาท","ไม่มี (หากตอบ ""ไม่มี"" ให้ข้ามไปตอบตอนที่ 3)",,,,,,"ความสามารถในการผ่อนชำระ, แบรนด์","500,001-800,000 บาท","เพื่อใช้ในการค้าขาย, เพื่อหลีกเลี่ยงปัญหาจากระบบการขนส่งมวลชน",มีแนวโน้มที่จะซื้อ,รถยนต์ไฟฟ้า (EV),"ราคาซื้อเริ่มต้น, ค่าบำรุงรักษา, ความสะดวกในการใช้งาน",4,4,4,4,5,4,3,4,4,5,4,3,5,3,5,4,5,5,5,5,5
"23/7/2026, 22:39:05",หญิง,27-30 ปี,ไม่มีบุตร,ปริญญาเอก,อาชีพอิสระ,5 คนขึ้นไป,คอนโด / อพาร์ตเมนต์ / หอพัก,เช่า,มีที่จอดรถส่วนกลาง / เช่า,"15,001-25,000 บาท",มี,ขับทั้งในเมืองและนอกเมือง,1-2 วัน / สัปดาห์,51-70 กิโลเมตร,มูลค่าการขายต่อ,รถยนต์สันดาป (ดีเซล / เบนซิน),"ค่าซ่อมบำรุง, รูปลักษณ์ / ดีไซน์","500,001-800,000 บาท",เพื่อใช้ในการค้าขาย,ยังไม่มีแนวโน้มที่จะซื้อ,รถยนต์ไฟฟ้า (EV),ความสะดวกในการใช้งาน,4,5,4,5,4,4,5,3,5,3,5,4,4,3,4,4,5,5,5,4,4
"23/7/2026, 22:39:06",หญิง,24-26 ปี,1 คน,ม.6,พนักงานเอกชน,1-2 คน,คอนโด / อพาร์ตเมนต์ / หอพัก,เช่า,มีที่จอดรถส่วนกลาง / เช่า,"25,001-35,000 บาท","ไม่มี (หากตอบ ""ไม่มี"" ให้ข้ามไปตอบตอนที่ 3)",,,,,,"ราคา, แบรนด์","800,001-1,200,000 บาท",เพื่อใช้ในการค้าขาย,มีแนวโน้มที่จะซื้อ,รถยนต์ไฟฟ้า (EV),ความสะดวกในการใช้งาน,4,5,4,4,4,3,3,5,5,4,4,4,4,3,4,4,4,5,5,4,5
"23/7/2026, 22:39:06",หญิง,27-30 ปี,3 คน,ม.6,อาชีพอิสระ,1-2 คน,คอนโด / อพาร์ตเมนต์ / หอพัก,เช่า,มีที่จอดรถส่วนกลาง / เช่า,"ต่ำกว่า 15,000 บาท",มี,ขับนอกเมือง,5-6 วัน / สัปดาห์,31-50 กิโลเมตร,"ราคาน้ำมัน, ค่าใช้จ่ายในการซ่อมบำรุง","รถยนต์ไฮบริด (Hybrid), รถยนต์ไฟฟ้า (EV)",สมรรถนะในการขับขี่,"500,001-800,000 บาท","เพื่อใช้ในการค้าขาย, เพื่อใช้ในการเดินทางท่องเที่ยว, เพื่อหลีกเลี่ยงปัญหาจากระบบการขนส่งมวลชน",มีแนวโน้มที่จะซื้อ,รถยนต์ไฮบริด (Hybrid),ความสะดวกในการใช้งาน,5,5,5,5,5,3,4,5,4,5,4,4,4,5,5,5,5,4,5,4,5
"23/7/2026, 22:39:07",ชาย,มากกว่า 60 ปี,ไม่มีบุตร,ม.6,รัฐวิสาหกิจ,5 คนขึ้นไป,ทาวน์โฮม / ทาวเฮาท์,เช่า,มีที่จอดรถส่วนกลาง / เช่า,"ต่ำกว่า 15,000 บาท","ไม่มี (หากตอบ ""ไม่มี"" ให้ข้ามไปตอบตอนที่ 3)",,,,,,"ค่าน้ำมัน, การรับประกันและบริการหลังการขาย","500,001-800,000 บาท",เพื่อใช้ในการเดินทางท่องเที่ยว,มีแนวโน้มที่จะซื้อ,รถยนต์สันดาป (ดีเซล / เบนซิน),ความสะดวกในการใช้งาน,4,5,3,5,5,4,5,5,5,3,4,3,4,3,4,4,4,4,5,5,4
"23/7/2026, 22:39:07",ชาย,24-26 ปี,ไม่มีบุตร,ปริญญาตรี,พนักงานเอกชน,3-4 คน,คอนโด / อพาร์ตเมนต์ / หอพัก,เช่า,มีที่จอดรถส่วนกลาง / เช่า,"15,001-25,000 บาท",มี,ขับนอกเมือง,5-6 วัน / สัปดาห์,31-50 กิโลเมตร,"ค่าใช้จ่ายในการซ่อมบำรุง, มูลค่าการขายต่อ",รถยนต์สันดาป (ดีเซล / เบนซิน),"รูปลักษณ์ / ดีไซน์, แบรนด์","500,001-800,000 บาท",เพื่อใช้ในการค้าขาย,มีแนวโน้มที่จะซื้อ,รถยนต์ไฮบริด (Hybrid),"ค่าบำรุงรักษา, เทคโนโลยีและความทันสมัย",5,4,5,3,5,3,4,5,5,4,5,4,5,5,5,5,4,5,3,4,4
"23/7/2026, 22:39:08",หญิง,31-40 ปี,3 คน,ปริญญาโท,เจ้าของกิจการ,1-2 คน,คอนโด / อพาร์ตเมนต์ / หอพัก,เช่า,มีที่จอดรถส่วนกลาง / เช่า,"15,001-25,000 บาท",มี,ขับทั้งในเมืองและนอกเมือง,1-2 วัน / สัปดาห์,31-50 กิโลเมตร,"ราคาน้ำมัน, อายุการใช้งาน",รถยนต์สันดาป (ดีเซล / เบนซิน),ราคา,"500,001-800,000 บาท",เพื่อใช้ในการค้าขาย,มีแนวโน้มที่จะซื้อ,รถยนต์ไฟฟ้า (EV),ราคาซื้อเริ่มต้น,5,5,5,5,5,2,5,4,5,5,5,4,5,5,4,5,5,4,4,5,5
"23/7/2026, 22:39:09",หญิง,27-30 ปี,1 คน,ม.6,ข้าราชการ,5 คนขึ้นไป,คอนโด / อพาร์ตเมนต์ / หอพัก,เช่า,มีที่จอดรถส่วนกลาง / เช่า,"15,001-25,000 บาท",มี,ขับนอกเมือง,5-6 วัน / สัปดาห์,71-90 กิโลเมตร,ค่าใช้จ่ายในการซ่อมบำรุง,รถยนต์ไฟฟ้า (EV),ค่าน้ำมัน,"ต่ำกว่า 500,000 บาท","เพื่อใช้ในการเดินทางไปทำงาน, เพื่อใช้ในการค้าขาย",ยังไม่มีแนวโน้มที่จะซื้อ,รถยนต์สันดาป (ดีเซล / เบนซิน),ราคาซื้อเริ่มต้น,5,5,5,5,5,4,5,3,5,5,5,4,5,5,4,5,5,3,4,3,3
"23/7/2026, 22:39:09",ชาย,27-30 ปี,ไม่มีบุตร,ม.6,เจ้าของกิจการ,3-4 คน,ทาวน์โฮม / ทาวเฮาท์,เช่า,มีที่จอดรถส่วนกลาง / เช่า,"ต่ำกว่า 15,000 บาท",มี,ขับทั้งในเมืองและนอกเมือง,1-2 วัน / สัปดาห์,น้อยกว่า 10 กิโลเมตร,"ปั๊มน้ำมัน / สถานีชาร์จ, อายุการใช้งาน, ค่าใช้จ่ายในการซ่อมบำรุง",รถยนต์ไฟฟ้า (EV),"แบรนด์, เทคโนโลยีและฟังก์ชันภายในรถ","800,001-1,200,000 บาท",เพื่อหลีกเลี่ยงปัญหาจากระบบการขนส่งมวลชน,ยังไม่มีแนวโน้มที่จะซื้อ,รถยนต์สันดาป (ดีเซล / เบนซิน),ความสะดวกในการใช้งาน,5,5,2,4,5,5,3,4,4,4,3,4,5,5,5,4,4,3,4,4,3
"23/7/2026, 22:39:10",ชาย,27-30 ปี,1 คน,ปริญญาตรี,เจ้าของกิจการ,5 คนขึ้นไป,ทาวน์โฮม / ทาวเฮาท์,เช่า,มีที่จอดรถส่วนกลาง / เช่า,"ต่ำกว่า 15,000 บาท","ไม่มี (หากตอบ ""ไม่มี"" ให้ข้ามไปตอบตอนที่ 3)",,,,,,"รูปลักษณ์ / ดีไซน์, การรับประกันและบริการหลังการขาย","ต่ำกว่า 500,000 บาท",เพื่อหลีกเลี่ยงปัญหาจากระบบการขนส่งมวลชน,มีแนวโน้มที่จะซื้อ,รถยนต์ไฟฟ้า (EV),ความสะดวกในการใช้งาน,5,5,5,4,4,4,4,5,3,5,4,3,3,5,4,5,5,4,4,3,3
"23/7/2026, 22:39:10",หญิง,51-60 ปี,2 คน,ปริญญาตรี,รัฐวิสาหกิจ,3-4 คน,คอนโด / อพาร์ตเมนต์ / หอพัก,เช่า,มีที่จอดรถส่วนตัว,"ต่ำกว่า 15,000 บาท",มี,ขับทั้งในเมืองและนอกเมือง,ใช้เป็นครั้งคราว,10-30 กิโลเมตร,ค่าใช้จ่ายในการซ่อมบำรุง,รถยนต์สันดาป (ดีเซล / เบนซิน),"ค่าน้ำมัน, สมรรถนะในการขับขี่, การรับประกันและบริการหลังการขาย","800,001-1,200,000 บาท",เพื่อหลีกเลี่ยงปัญหาจากระบบการขนส่งมวลชน,มีแนวโน้มที่จะซื้อ,รถยนต์สันดาป (ดีเซล / เบนซิน),ราคาซื้อเริ่มต้น,5,4,4,4,3,5,5,5,5,4,4,5,5,3,5,3,5,4,5,3,4
"23/7/2026, 22:39:11",หญิง,27-30 ปี,2 คน,ม.6,อาชีพอิสระ,1-2 คน,คอนโด / อพาร์ตเมนต์ / หอพัก,พักอาศัยกับครอบครัว / ผู้อื่น,มีที่จอดรถส่วนกลาง / เช่า,"15,001-25,000 บาท",มี,ขับในเมือง,1-2 วัน / สัปดาห์,10-30 กิโลเมตร,"อายุการใช้งาน, ค่าใช้จ่ายในการซ่อมบำรุง, มูลค่าการขายต่อ","รถยนต์สันดาป (ดีเซล / เบนซิน), รถยนต์ไฮบริด (Hybrid)","ราคา, เทคโนโลยีและฟังก์ชันภายในรถ","800,001-1,200,000 บาท",เพื่อใช้ในการค้าขาย,มีแนวโน้มที่จะซื้อ,รถยนต์สันดาป (ดีเซล / เบนซิน),ความสะดวกในการใช้งาน,5,5,3,4,4,5,4,5,3,3,4,3,5,5,5,4,5,3,3,2,5
"23/7/2026, 22:39:12",หญิง,27-30 ปี,1 คน,ม.3,ข้าราชการ,1-2 คน,คอนโด / อพาร์ตเมนต์ / หอพัก,เช่า,มีที่จอดรถส่วนกลาง / เช่า,"15,001-25,000 บาท","ไม่มี (หากตอบ ""ไม่มี"" ให้ข้ามไปตอบตอนที่ 3)",,,,,,ราคา,"มากกว่า 1,500,000 บาท",เพื่อหลีกเลี่ยงปัญหาจากระบบการขนส่งมวลชน,ยังไม่มีแนวโน้มที่จะซื้อ,รถยนต์สันดาป (ดีเซล / เบนซิน),"ราคาซื้อเริ่มต้น, ความสะดวกในการใช้งาน",4,4,5,4,5,5,4,5,5,5,4,4,4,4,5,5,5,5,5,5,4
"23/7/2026, 22:39:12",ชาย,31-40 ปี,ไม่มีบุตร,ม.3,พนักงานเอกชน,1-2 คน,บ้านเดี่ยว / บ้านแฝด,เช่า,มีที่จอดรถส่วนกลาง / เช่า,"25,001-35,000 บาท","ไม่มี (หากตอบ ""ไม่มี"" ให้ข้ามไปตอบตอนที่ 3)",,,,,,สมรรถนะในการขับขี่,"500,001-800,000 บาท",เพื่อใช้ในการค้าขาย,มีแนวโน้มที่จะซื้อ,รถยนต์ไฟฟ้า (EV),ความสะดวกในการใช้งาน,5,4,4,5,5,5,4,4,5,3,5,5,4,5,3,3,4,4,4,5,3
"23/7/2026, 22:39:13",หญิง,31-40 ปี,3 คน,ม.6,ข้าราชการ,1-2 คน,คอนโด / อพาร์ตเมนต์ / หอพัก,เช่า,มีที่จอดรถส่วนกลาง / เช่า,"25,001-35,000 บาท",มี,ขับนอกเมือง,1-2 วัน / สัปดาห์,น้อยกว่า 10 กิโลเมตร,ค่าใช้จ่ายในการซ่อมบำรุง,รถยนต์สันดาป (ดีเซล / เบนซิน),"ราคา, ค่าน้ำมัน","500,001-800,000 บาท",เพื่อหลีกเลี่ยงปัญหาจากระบบการขนส่งมวลชน,ยังไม่มีแนวโน้มที่จะซื้อ,รถยนต์ไฟฟ้า (EV),ความสะดวกในการใช้งาน,4,5,5,5,4,5,3,5,3,5,4,3,5,4,4,4,5,4,4,4,5
"23/7/2026, 22:39:14",หญิง,51-60 ปี,ไม่มีบุตร,ม.6,นักเรียน / นักศึกษา,1-2 คน,ทาวน์โฮม / ทาวเฮาท์,เช่า,มีที่จอดรถส่วนกลาง / เช่า,"15,001-25,000 บาท",มี,ขับทั้งในเมืองและนอกเมือง,1-2 วัน / สัปดาห์,น้อยกว่า 10 กิโลเมตร,ค่าใช้จ่ายในการซ่อมบำรุง,รถยนต์ไฮบริด (Hybrid),ราคา,"1,200,000-1,500,000 บาท","เพื่อใช้ในการเดินทางไปทำงาน, เพื่อใช้ในการเดินทางท่องเที่ยว, เพื่อความสะดวกในการเดินทาง, เพื่อหลีกเลี่ยงปัญหาจากระบบการขนส่งมวลชน",มีแนวโน้มที่จะซื้อ,รถยนต์สันดาป (ดีเซล / เบนซิน),ความสะดวกในการใช้งาน,3,5,5,5,3,5,4,3,5,4,4,5,4,4,3,4,3,5,5,4,5
"23/7/2026, 22:39:14",หญิง,24-26 ปี,1 คน,ปริญญาเอก,พนักงานเอกชน,1-2 คน,คอนโด / อพาร์ตเมนต์ / หอพัก,เช่า,มีที่จอดรถส่วนกลาง / เช่า,"50,001-75,000 บาท","ไม่มี (หากตอบ ""ไม่มี"" ให้ข้ามไปตอบตอนที่ 3)",,,,,,ราคา,"ต่ำกว่า 500,000 บาท",เพื่อใช้ในการค้าขาย,มีแนวโน้มที่จะซื้อ,รถยนต์ไฟฟ้า (EV),ราคาซื้อเริ่มต้น,4,4,4,4,2,4,4,4,5,5,4,4,5,5,5,4,4,5,5,2,5
"23/7/2026, 22:39:15",หญิง,27-30 ปี,3 คน,ปริญญาเอก,รัฐวิสาหกิจ,1-2 คน,คอนโด / อพาร์ตเมนต์ / หอพัก,เช่า,มีที่จอดรถส่วนกลาง / เช่า,"25,001-35,000 บาท",มี,ขับนอกเมือง,5-6 วัน / สัปดาห์,10-30 กิโลเมตร,ค่าใช้จ่ายในการซ่อมบำรุง,รถยนต์ไฮบริด (Hybrid),ราคา,"มากกว่า 1,500,000 บาท",เพื่อใช้ในการค้าขาย,มีแนวโน้มที่จะซื้อ,รถยนต์ไฟฟ้า (EV),ค่าบำรุงรักษา,4,5,4,5,3,4,4,4,5,5,5,5,4,3,5,4,4,4,5,5,3
"23/7/2026, 22:39:15",ชาย,20-23 ปี,3 คน,ม.6,รัฐวิสาหกิจ,1-2 คน,คอนโด / อพาร์ตเมนต์ / หอพัก,เช่า,มีที่จอดรถส่วนกลาง / เช่า,"ต่ำกว่า 15,000 บาท","ไม่มี (หากตอบ ""ไม่มี"" ให้ข้ามไปตอบตอนที่ 3)",,,,,,ราคา,"มากกว่า 1,500,000 บาท",เพื่อใช้ในการค้าขาย,มีแนวโน้มที่จะซื้อ,รถยนต์ไฟฟ้า (EV),ความสะดวกในการใช้งาน,5,5,5,3,5,3,4,4,5,5,5,5,5,5,5,4,3,5,5,4,5
"23/7/2026, 22:39:16",หญิง,27-30 ปี,ไม่มีบุตร,ม.3,พนักงานเอกชน,1-2 คน,คอนโด / อพาร์ตเมนต์ / หอพัก,เช่า,มีที่จอดรถส่วนกลาง / เช่า,"15,001-25,000 บาท","ไม่มี (หากตอบ ""ไม่มี"" ให้ข้ามไปตอบตอนที่ 3)",,,,,,ราคา,"1,200,000-1,500,000 บาท","เพื่อใช้ในการเดินทางไปทำงาน, เพื่อใช้ในการค้าขาย",มีแนวโน้มที่จะซื้อ,รถยนต์ไฟฟ้า (EV),ความสะดวกในการใช้งาน,4,5,4,2,4,5,3,5,5,4,4,3,4,5,3,4,4,4,5,3,4
"23/7/2026, 22:39:17",ชาย,24-26 ปี,ไม่มีบุตร,ม.6,พนักงานเอกชน,1-2 คน,ทาวน์โฮม / ทาวเฮาท์,พักอาศัยกับครอบครัว / ผู้อื่น,มีที่จอดรถส่วนกลาง / เช่า,"50,001-75,000 บาท",มี,ขับทั้งในเมืองและนอกเมือง,1-2 วัน / สัปดาห์,31-50 กิโลเมตร,ค่าใช้จ่ายในการซ่อมบำรุง,รถยนต์ไฮบริด (Hybrid),"ราคา, ค่าน้ำมัน","800,001-1,200,000 บาท",เพื่อใช้ในการค้าขาย,ยังไม่มีแนวโน้มที่จะซื้อ,รถยนต์ไฮบริด (Hybrid),ค่าบำรุงรักษา,4,4,4,5,3,5,4,5,4,4,5,5,5,5,4,4,5,3,4,4,4
"23/7/2026, 22:39:18",ชาย,27-30 ปี,ไม่มีบุตร,ต่ำกว่า ม.3,พนักงานเอกชน,3-4 คน,คอนโด / อพาร์ตเมนต์ / หอพัก,เช่า,มีที่จอดรถส่วนกลาง / เช่า,"15,001-25,000 บาท","ไม่มี (หากตอบ ""ไม่มี"" ให้ข้ามไปตอบตอนที่ 3)",,,,,,ราคา,"มากกว่า 1,500,000 บาท",เพื่อใช้ในการค้าขาย,ยังไม่มีแนวโน้มที่จะซื้อ,รถยนต์สันดาป (ดีเซล / เบนซิน),ความสะดวกในการใช้งาน,4,3,4,3,3,5,3,5,4,4,5,5,5,5,5,5,3,5,4,5,4
"23/7/2026, 22:39:18",ชาย,27-30 ปี,ไม่มีบุตร,ม.6,รัฐวิสาหกิจ,1-2 คน,คอนโด / อพาร์ตเมนต์ / หอพัก,เช่า,มีที่จอดรถส่วนกลาง / เช่า,"ต่ำกว่า 15,000 บาท","ไม่มี (หากตอบ ""ไม่มี"" ให้ข้ามไปตอบตอนที่ 3)",,,,,,ราคา,"500,001-800,000 บาท",เพื่อหลีกเลี่ยงปัญหาจากระบบการขนส่งมวลชน,มีแนวโน้มที่จะซื้อ,รถยนต์ไฮบริด (Hybrid),ความสะดวกในการใช้งาน,4,2,4,4,4,4,4,5,5,5,3,4,5,4,5,3,5,5,4,5,4
"23/7/2026, 22:39:19",หญิง,31-40 ปี,3 คน,ม.6,รัฐวิสาหกิจ,3-4 คน,คอนโด / อพาร์ตเมนต์ / หอพัก,เช่า,มีที่จอดรถส่วนกลาง / เช่า,"ต่ำกว่า 15,000 บาท","ไม่มี (หากตอบ ""ไม่มี"" ให้ข้ามไปตอบตอนที่ 3)",,,,,,ราคา,"500,001-800,000 บาท","เพื่อใช้ในการค้าขาย, เพื่อความสะดวกในการเดินทาง",ยังไม่มีแนวโน้มที่จะซื้อ,รถยนต์ไฮบริด (Hybrid),ความสะดวกในการใช้งาน,5,4,3,5,5,4,5,5,5,4,4,4,5,4,4,5,5,5,3,4,4
"23/7/2026, 22:39:19",ชาย,มากกว่า 60 ปี,1 คน,ม.6,รัฐวิสาหกิจ,1-2 คน,ทาวน์โฮม / ทาวเฮาท์,เช่า,มีที่จอดรถส่วนกลาง / เช่า,"25,001-35,000 บาท",มี,ขับทั้งในเมืองและนอกเมือง,1-2 วัน / สัปดาห์,10-30 กิโลเมตร,ราคาน้ำมัน,รถยนต์สันดาป (ดีเซล / เบนซิน),"ค่าซ่อมบำรุง, แบรนด์","500,001-800,000 บาท",เพื่อใช้ในการค้าขาย,มีแนวโน้มที่จะซื้อ,รถยนต์ไฮบริด (Hybrid),ความสะดวกในการใช้งาน,4,5,5,4,4,5,5,5,5,5,5,3,4,3,3,5,4,4,3,4,4
"23/7/2026, 22:39:20",ชาย,31-40 ปี,ไม่มีบุตร,ม.6,พนักงานเอกชน,1-2 คน,ทาวน์โฮม / ทาวเฮาท์,พักอาศัยกับครอบครัว / ผู้อื่น,มีที่จอดรถส่วนกลาง / เช่า,"ต่ำกว่า 15,000 บาท","ไม่มี (หากตอบ ""ไม่มี"" ให้ข้ามไปตอบตอนที่ 3)",,,,,,"ค่าน้ำมัน, การรับประกันและบริการหลังการขาย","มากกว่า 1,500,000 บาท",เพื่อใช้ในการค้าขาย,มีแนวโน้มที่จะซื้อ,รถยนต์ไฟฟ้า (EV),ความสะดวกในการใช้งาน,5,5,5,4,4,4,4,5,5,5,3,4,4,4,4,4,5,3,5,4,5
"23/7/2026, 22:39:21",หญิง,มากกว่า 60 ปี,2 คน,ปริญญาโท,นักเรียน / นักศึกษา,1-2 คน,คอนโด / อพาร์ตเมนต์ / หอพัก,เช่า,มีที่จอดรถส่วนกลาง / เช่า,"ต่ำกว่า 15,000 บาท","ไม่มี (หากตอบ ""ไม่มี"" ให้ข้ามไปตอบตอนที่ 3)",,,,,,"ราคา, ค่าน้ำมัน","1,200,000-1,500,000 บาท",เพื่อหลีกเลี่ยงปัญหาจากระบบการขนส่งมวลชน,มีแนวโน้มที่จะซื้อ,รถยนต์ไฮบริด (Hybrid),ค่าบำรุงรักษา,4,5,5,5,4,5,3,2,5,5,2,5,2,4,5,5,4,5,5,5,4