ประทับเวลา,1. เพศ,2. อายุ,จำนวนบุตรที่มีทั้งหมด,3. ระดับการศึกษา,4. อาชีพ,5. จำนวนสมาชิกในครอบครัวมีจำนวนทั้งหมดกี่คน โดยนับรวมผู้ตอบแบบสอบถามด้วย  ,6. ลักษณะที่พักอาศัย,สถานะการครอบครองที่พักอาศัย,7. พื้นที่จอดรถ,8. รายได้เฉลี่ยต่อเดือน,1. ปัจจุบันท่านมีรถยนต์หรือไม่,2. ลักษณะการใช้งานรถยนต์,3. ความถี่ในการใช้รถยนต์,4. ระยะทางในการใช้งานรถยนต์โดยเฉลี่ยต่อวัน,5. ข้อกังวลหรือปัญหาในการใช้รถยนต์,6. ประสบการณ์ประเภทรถยนต์ที่เคยใช้,1. สิ่งสำคัญในการเลือกซื้อรถยนต์ ,2. งบประมาณที่มีในการซื้อรถยนต์,  3. วัตถุประสงค์ในการตัดสินใจเลือกซื้อรถยนต์ ,4. ท่านมีแนวโน้มจะซื้อรถยนต์ตามประเภทเชื้อเพลิงที่ท่านสนใจหรือไม่,5. หากต้องเลือกซื้อรถยนต์ ท่านสนใจรถประเภทใดมากที่สุด,6. เหตุผลในการเลือกประเภทรถยนต์ดังกล่าว  ,ปัจจัยด้านผลิตภัณฑ์ [ประเภทพลังงานของรถยนต์มีความเหมาะสมกับการใช้งาน],ปัจจัยด้านผลิตภัณฑ์ [การเติมพลังงานสำหรับรถยนต์ ไม่ว่าจะเป็นการเติมเชื้อเพลิงหรือการชาร์จไฟฟ้า มีความสะดวกต่อการใช้งาน],ปัจจัยด้านผลิตภัณฑ์ [การออกแบบรูปลักษณ์ภายนอกมีความล้ำสมัย สวยงาม],ปัจจัยด้านผลิตภัณฑ์ [ระบบภายในรถยนต์มีความทันสมัย มีสิ่งอำนวยความสะดวกที่เหมาะสม],ปัจจัยด้านผลิตภัณฑ์ [แบรนด์รถยนต์เป็นที่รู้จักและมีความน่าเชื่อถือ],ปัจจัยด้านราคา [ค่าใช้จ่ายในการบำรุงรักษาซ่อมแซมรถยนต์อยู่ในระดับที่เหมาะสม],"ปัจจัยด้านราคา [ค่าใช้จ่ายในการครอบครองรถยนต์ (ผ่อนชำระ, พลังงาน, ภาษี) ยอมรับได้]",ปัจจัยด้านราคา [มูลค่าการขายต่อของรถยนต์อยู่ในระดับที่เหมาะสม],ปัจจัยด้านราคา [ค่าเบี้ยประกันภัยอยู่ในระดับที่เหมาะสม],ปัจจัยด้านช่องทางการจัดจำหน่าย [จำนวนศูนย์บริการในเขตพื้นที่มีเพียงพอและเข้าถึงได้สะดวก],ปัจจัยด้านช่องทางการจัดจำหน่าย [จำนวนศูนย์บริการทั่วประเทศมีเพียงพอรองรับการใช้งาน],ปัจจัยด้านช่องทางการจัดจำหน่าย [ตัวแทนจำหน่ายและศูนย์บริการมีความน่าเชื่อถือ],ปัจจัยด้านการส่งเสริมการตลาด [มีบริการหลังการขายและการรับประกันที่คุ้มค่า],ปัจจัยด้านการส่งเสริมการตลาด [โปรโมชั่นและเงื่อนไขการผ่อนชำระช่วยให้การตัดสินใจซื้อรถง่ายขึ้น],ปัจจัยด้านการส่งเสริมการตลาด [ข้อมูลรีวิวจากสื่อออนไลน์ช่วยให้การตัดสินใจซื้อรถง่ายขึ้น],ปัจจัยด้านพนักงานและกระบวนการ [พนักงานมีมนุษยสัมพันธ์ที่ดี สุภาพ และสร้างความเชื่อมั่นให้แก่ลูกค้า],ปัจจัยด้านพนักงานและกระบวนการ [พนักงานสามารถให้คำแนะนำเกี่ยวกับรถยนต์ได้อย่างเหมาะสม],ปัจจัยด้านพนักงานและกระบวนการ [พนักงานมีความรู้ความเชี่ยวชาญเกี่ยวกับรถยนต์เป็นอย่างดี],ปัจจัยด้านพนักงานและกระบวนการ [ขั้นตอนการซื้อและการให้บริการมีความสะดวกไม่ซับซ้อน],ปัจจัยด้านสภาพแวดล้อมทางกายภาพ [ศูนย์บริการมีความสะอาด เป็นระเบียบ และมีความน่าเชื่อถือ],ปัจจัยด้านสภาพแวดล้อมทางกายภาพ [สภาพแวดล้อมของศูนย์บริการเอื้อต่อการใช้บริการ],ท่านตั้งใจจะซื้อรถยนต์ (คันใหม่หรือคันแรก) ภายใน 6 เดือนข้างหน้าเพียงใด,การมีรถยนต์เป็นของตัวเองสำคัญ/จำเป็นสำหรับการใช้ชีวิตของท่านเพียงใด,คนใกล้ชิดของท่าน (ครอบครัว/คู่สมรส/เพื่อนร่วมงาน) คิดว่าท่านควรมีรถยนต์เป็นของตัวเองหรือไม่,ขณะนี้ท่านมีความพร้อมทางการเงินที่จะซื้อรถยนต์เพียงใด,ในช่วง 6 เดือนที่ผ่านมา ท่านมีเหตุการณ์ใดต่อไปนี้เกิดขึ้นหรือไม่ (ตอบได้มากกว่า 1 ข้อ),ที่พักอาศัยหรือที่ทำงานของท่านมีจุดชาร์จไฟฟ้าสำหรับรถยนต์หรือไม่,ท่านเคยทดลองขับหรือนั่งรถยนต์ไฟฟ้า (EV) หรือไฮบริด (Hybrid) มาก่อนหรือไม่,ท่านกังวลว่าแบตเตอรี่รถยนต์ไฟฟ้าจะหมดระหว่างการเดินทางเพียงใด (Range Anxiety),ท่านทราบหรือไม่ว่าโดยเฉลี่ยค่าไฟฟ้าสำหรับชาร์จรถ EV ต่อเดือนถูกกว่าค่าน้ำมันสำหรับระยะทางเท่ากันเพียงใด,ท่านทราบเรื่องสิทธิประโยชน์ทางภาษี/เงินอุดหนุนสำหรับผู้ซื้อรถยนต์ไฟฟ้าจากภาครัฐหรือไม่,ทัศนคติด้านสิ่งแวดล้อม (กรุณาระบุระดับความคิดเห็นต่อแต่ละข้อความ 1=ไม่เห็นด้วยอย่างยิ่ง ถึง 5=เห็นด้วยอย่างยิ่ง) [เรากำลังเข้าใกล้ขีดจำกัดของจำนวนประชากรที่โลกสามารถรองรับได้],ทัศนคติด้านสิ่งแวดล้อม (กรุณาระบุระดับความคิดเห็นต่อแต่ละข้อความ 1=ไม่เห็นด้วยอย่างยิ่ง ถึง 5=เห็นด้วยอย่างยิ่ง) [มนุษย์กำลังทำร้ายสิ่งแวดล้อมอย่างรุนแรง],ทัศนคติด้านสิ่งแวดล้อม (กรุณาระบุระดับความคิดเห็นต่อแต่ละข้อความ 1=ไม่เห็นด้วยอย่างยิ่ง ถึง 5=เห็นด้วยอย่างยิ่ง) [สมดุลธรรมชาติเปราะบางมากและถูกรบกวนได้ง่าย],ทัศนคติด้านสิ่งแวดล้อม (กรุณาระบุระดับความคิดเห็นต่อแต่ละข้อความ 1=ไม่เห็นด้วยอย่างยิ่ง ถึง 5=เห็นด้วยอย่างยิ่ง) [หากสิ่งต่างๆ ดำเนินต่อไปตามแนวทางปัจจุบัน เราจะเผชิญกับภัยพิบัติทางสิ่งแวดล้อมครั้งใหญ่ในไม่ช้า],ทัศนคติด้านสิ่งแวดล้อม (กรุณาระบุระดับความคิดเห็นต่อแต่ละข้อความ 1=ไม่เห็นด้วยอย่างยิ่ง ถึง 5=เห็นด้วยอย่างยิ่ง) [มนุษย์มีสิทธิที่จะปรับเปลี่ยนสิ่งแวดล้อมทางธรรมชาติให้ตรงกับความต้องการของตน [ข้อนี้เป็น reverse-worded ให้กลับคะแนนตอนวิเคราะห์]]
"1/8/2026, 11:41:47",หญิง,มากกว่า 60 ปี,2 คน,ปวช. / ปวส.,เจ้าของกิจการ,3-4 คน,ทาวน์โฮม / ทาวเฮาท์,เช่า,มีที่จอดรถส่วนตัว,"มากกว่า 75,000",มี,ขับในเมือง,5-6 วัน / สัปดาห์,10-30 กิโลเมตร,"ราคาน้ำมัน, ค่าใช้จ่ายในการซ่อมบำรุง",รถยนต์สันดาป (ดีเซล / เบนซิน),รูปลักษณ์ / ดีไซน์,"500,001-800,000 บาท","เพื่อความสะดวกในการเดินทาง, เพื่อหลีกเลี่ยงปัญหาจากระบบการขนส่งมวลชน",ยังไม่มีแนวโน้มที่จะซื้อ,รถยนต์สันดาป (ดีเซล / เบนซิน),ค่าบำรุงรักษา,4,4,5,5,4,5,5,5,5,5,5,5,5,4,4,3,4,4,4,3,3,5,4,4,4,เปลี่ยนงาน/ที่ทำงานใหม่,ไม่แน่ใจ,เคยเฉพาะ EV,3,ทราบ แต่คิดว่าไม่ต่างกันมาก,ทราบแต่ไม่เคยพิจารณา,5 (เห็นด้วยอย่างยิ่ง),5 (เห็นด้วยอย่างยิ่ง),4,5 (เห็นด้วยอย่างยิ่ง),2
"1/8/2026, 11:41:51",ชาย,51-60 ปี,2 คน,ปริญญาตรี,เจ้าของกิจการ,3-4 คน,ทาวน์โฮม / ทาวเฮาท์,เป็นเจ้าของ,มีที่จอดรถส่วนกลาง / เช่า,"35,001-50,000 บาท",มี,ขับทั้งในเมืองและนอกเมือง,ใช้งานทุกวัน,น้อยกว่า 10 กิโลเมตร,"ราคาน้ำมัน, ค่าใช้จ่ายในการซ่อมบำรุง","รถยนต์สันดาป (ดีเซล / เบนซิน), รถยนต์ไฮบริด (Hybrid)",ค่าน้ำมัน,"800,001-1,200,000 บาท",เพื่อความสะดวกในการเดินทาง,ยังไม่มีแนวโน้มที่จะซื้อ,รถยนต์ไฟฟ้า (EV),ค่าบำรุงรักษา,4,5,5,5,5,5,5,5,4,5,5,5,4,3,4,5,5,4,5,5,5,6,6,6,4,เปลี่ยนงาน/ที่ทำงานใหม่,ไม่มีแต่สามารถติดตั้งเพิ่มได้,เคยเฉพาะ Hybrid,5,ทราบ แต่คิดว่าไม่ต่างกันมาก,ไม่ทราบเลย,5 (เห็นด้วยอย่างยิ่ง),3,4,5 (เห็นด้วยอย่างยิ่ง),4
"1/8/2026, 11:41:53",หญิง,31-40 ปี,ไม่มีบุตร,ปริญญาโท,ข้าราชการ,3-4 คน,ทาวน์โฮม / ทาวเฮาท์,เช่า,มีที่จอดรถส่วนตัว,"50,001-75,000 บาท",มี,ขับทั้งในเมืองและนอกเมือง,1-2 วัน / สัปดาห์,10-30 กิโลเมตร,"ราคาน้ำมัน, ปั๊มน้ำมัน / สถานีชาร์จ",รถยนต์สันดาป (ดีเซล / เบนซิน),สมรรถนะในการขับขี่,"800,001-1,200,000 บาท","เพื่อใช้ในการเดินทางไปทำงาน, เพื่อหลีกเลี่ยงปัญหาจากระบบการขนส่งมวลชน",ยังไม่มีแนวโน้มที่จะซื้อ,รถยนต์สันดาป (ดีเซล / เบนซิน),เทคโนโลยีและความทันสมัย,4,5,3,5,4,4,4,5,4,5,5,4,5,4,5,4,5,3,4,5,4,5,4,4,7,"เปลี่ยนงาน/ที่ทำงานใหม่, ย้ายที่อยู่อาศัย",ไม่แน่ใจ,ไม่เคยเลย,2,ไม่ทราบเลย,ทราบและเคยพิจารณาใช้สิทธิ์,4,3,4,5 (เห็นด้วยอย่างยิ่ง),4
"1/8/2026, 11:41:55",หญิง,มากกว่า 60 ปี,2 คน,ปริญญาตรี,เจ้าของกิจการ,5 คนขึ้นไป,ทาวน์โฮม / ทาวเฮาท์,เช่า,มีที่จอดรถส่วนกลาง / เช่า,"35,001-50,000 บาท",มี,ขับนอกเมือง,5-6 วัน / สัปดาห์,10-30 กิโลเมตร,ศูนย์บริการและอะไหล่,รถยนต์สันดาป (ดีเซล / เบนซิน),ค่าซ่อมบำรุง,"800,001-1,200,000 บาท","เพื่อใช้ในการค้าขาย, เพื่อใช้ในการเดินทางท่องเที่ยว, เพื่อความสะดวกในการเดินทาง",ยังไม่มีแนวโน้มที่จะซื้อ,รถยนต์สันดาป (ดีเซล / เบนซิน),ค่าบำรุงรักษา,5,5,5,4,5,5,5,5,4,4,5,5,4,5,4,5,5,5,5,5,3,3,5,7,3,ไม่มีเหตุการณ์ข้างต้น,ไม่มีแต่สามารถติดตั้งเพิ่มได้,เคยเฉพาะ Hybrid,5,ทราบ แต่คิดว่าไม่ต่างกันมาก,ไม่ทราบเลย,4,4,3,4,5 (เห็นด้วยอย่างยิ่ง)
"1/8/2026, 11:41:57",ชาย,31-40 ปี,2 คน,ปริญญาโท,อาชีพอิสระ,1-2 คน,คอนโด / อพาร์ตเมนต์ / หอพัก,เป็นเจ้าของ,ไม่มีที่จอดรถ,"ต่ำกว่า 15,000 บาท","ไม่มี (หากตอบ ""ไม่มี"" ให้ข้ามไปตอบตอนที่ 3)",,,,,,ความสามารถในการผ่อนชำระ,"1,200,000-1,500,000 บาท","เพื่อใช้ในการเดินทางไปทำงาน, เพื่อใช้ในการค้าขาย",ยังไม่มีแนวโน้มที่จะซื้อ,รถยนต์ไฮบริด (Hybrid),ความสะดวกในการใช้งาน,5,5,4,3,4,4,5,5,4,4,5,5,5,4,3,5,5,5,4,5,5,4,4,5,5,"ย้ายที่อยู่อาศัย, มีบุตร/สมาชิกครอบครัวเพิ่ม, ไม่มีเหตุการณ์ข้างต้น",ไม่มีแต่สามารถติดตั้งเพิ่มได้,ไม่เคยเลย,6,ไม่ทราบเลย,ไม่ทราบเลย,5 (เห็นด้วยอย่างยิ่ง),5 (เห็นด้วยอย่างยิ่ง),4,3,4
"1/8/2026, 11:41:59",ชาย,31-40 ปี,2 คน,ปริญญาตรี,รัฐวิสาหกิจ,3-4 คน,ทาวน์โฮม / ทาวเฮาท์,เป็นเจ้าของ,มีที่จอดรถส่วนกลาง / เช่า,"25,001-35,000 บาท",มี,ขับในเมือง,3-4 วัน / สัปดาห์,31-50 กิโลเมตร,ศูนย์บริการและอะไหล่,รถยนต์สันดาป (ดีเซล / เบนซิน),ความสามารถในการผ่อนชำระ,"มากกว่า 1,500,000 บาท",เพื่อใช้ในการเดินทางท่องเที่ยว,ยังไม่มีแนวโน้มที่จะซื้อ,รถยนต์ไฮบริด (Hybrid),ความสะดวกในการใช้งาน,4,5,5,5,4,5,4,4,5,5,5,4,5,5,3,5,5,5,4,3,4,5,5,1,5,ไม่มีเหตุการณ์ข้างต้น,ไม่มีและไม่สามารถติดตั้งได้ (เช่น คอนโด/หอพักที่ไม่อนุญาต),เคยเฉพาะ Hybrid,5,ทราบ และคิดว่าถูกกว่ามาก,ทราบแต่ไม่เคยพิจารณา,4,5 (เห็นด้วยอย่างยิ่ง),4,4,5 (เห็นด้วยอย่างยิ่ง)
"1/8/2026, 11:42:00",หญิง,31-40 ปี,2 คน,ปริญญาตรี,พนักงานเอกชน,3-4 คน,คอนโด / อพาร์ตเมนต์ / หอพัก,เป็นเจ้าของ,มีที่จอดรถส่วนกลาง / เช่า,"35,001-50,000 บาท",มี,ขับทั้งในเมืองและนอกเมือง,1-2 วัน / สัปดาห์,น้อยกว่า 10 กิโลเมตร,ศูนย์บริการและอะไหล่,"รถยนต์สันดาป (ดีเซล / เบนซิน), รถยนต์ไฮบริด (Hybrid)",ราคา,"1,200,000-1,500,000 บาท",เพื่อความสะดวกในการเดินทาง,ยังไม่มีแนวโน้มที่จะซื้อ,รถยนต์สันดาป (ดีเซล / เบนซิน),"ค่าบำรุงรักษา, ความสะดวกในการใช้งาน, เป็นมิตรต่อสิ่งแวดล้อม",5,3,4,5,3,3,5,4,5,3,5,5,4,4,4,4,5,5,5,5,5,7,7,3,6,"เปลี่ยนงาน/ที่ทำงานใหม่, ย้ายที่อยู่อาศัย",ไม่มีแต่สามารถติดตั้งเพิ่มได้,เคยทั้ง EV และ Hybrid,4,ทราบ แต่คิดว่าไม่ต่างกันมาก,ทราบและเคยพิจารณาใช้สิทธิ์,3,3,5 (เห็นด้วยอย่างยิ่ง),4,5 (เห็นด้วยอย่างยิ่ง)
"1/8/2026, 11:42:05",ชาย,24-26 ปี,ไม่มีบุตร,ปริญญาตรี,พนักงานเอกชน,3-4 คน,คอนโด / อพาร์ตเมนต์ / หอพัก,เป็นเจ้าของ,มีที่จอดรถส่วนตัว,"35,001-50,000 บาท",มี,ขับนอกเมือง,5-6 วัน / สัปดาห์,31-50 กิโลเมตร,"อายุการใช้งาน, มูลค่าการขายต่อ","รถยนต์สันดาป (ดีเซล / เบนซิน), รถยนต์ไฮบริด (Hybrid)",ความสามารถในการผ่อนชำระ,"800,001-1,200,000 บาท","เพื่อใช้ในการเดินทางท่องเที่ยว, เพื่อความสะดวกในการเดินทาง",ยังไม่มีแนวโน้มที่จะซื้อ,รถยนต์ไฮบริด (Hybrid),ค่าบำรุงรักษา,5,5,4,4,5,5,5,5,4,5,5,5,4,4,5,5,4,5,4,5,5,5,6,4,7,เปลี่ยนงาน/ที่ทำงานใหม่,ไม่มีแต่สามารถติดตั้งเพิ่มได้,เคยเฉพาะ Hybrid,4,ทราบ แต่คิดว่าไม่ต่างกันมาก,ไม่ทราบเลย,4,4,4,4,4
"1/8/2026, 11:42:08",หญิง,41-50 ปี,1 คน,ปริญญาตรี,รัฐวิสาหกิจ,5 คนขึ้นไป,บ้านเดี่ยว / บ้านแฝด,เป็นเจ้าของ,มีที่จอดรถส่วนกลาง / เช่า,"15,001-25,000 บาท","ไม่มี (หากตอบ ""ไม่มี"" ให้ข้ามไปตอบตอนที่ 3)",,,,,,"ราคา, ความสามารถในการผ่อนชำระ","800,001-1,200,000 บาท","เพื่อใช้ในการเดินทางท่องเที่ยว, เพื่อความสะดวกในการเดินทาง, เพื่อหลีกเลี่ยงปัญหาจากระบบการขนส่งมวลชน",ยังไม่มีแนวโน้มที่จะซื้อ,รถยนต์สันดาป (ดีเซล / เบนซิน),ความสะดวกในการใช้งาน,5,5,3,5,3,5,4,4,5,4,5,5,5,5,4,3,5,5,5,4,4,5,2,7,4,เปลี่ยนงาน/ที่ทำงานใหม่,ไม่มีแต่สามารถติดตั้งเพิ่มได้,เคยเฉพาะ EV,7,ทราบ และคิดว่าถูกกว่ามาก,ทราบแต่ไม่เคยพิจารณา,4,3,5 (เห็นด้วยอย่างยิ่ง),4,5 (เห็นด้วยอย่างยิ่ง)
"1/8/2026, 11:42:09",ชาย,51-60 ปี,มากกว่า 3 คน,ปริญญาตรี,เจ้าของกิจการ,5 คนขึ้นไป,คอนโด / อพาร์ตเมนต์ / หอพัก,เช่า,มีที่จอดรถส่วนตัว,"35,001-50,000 บาท",มี,ขับทั้งในเมืองและนอกเมือง,ใช้เป็นครั้งคราว,10-30 กิโลเมตร,ราคาน้ำมัน,"รถยนต์สันดาป (ดีเซล / เบนซิน), รถยนต์ไฮบริด (Hybrid)",ค่าไฟฟ้า,"มากกว่า 1,500,000 บาท","เพื่อความสะดวกในการเดินทาง, เพื่อหลีกเลี่ยงปัญหาจากระบบการขนส่งมวลชน",ยังไม่มีแนวโน้มที่จะซื้อ,รถยนต์สันดาป (ดีเซล / เบนซิน),"ราคาซื้อเริ่มต้น, ความสะดวกในการใช้งาน",5,4,5,5,5,5,5,4,4,4,5,5,3,5,5,5,5,4,3,5,5,6,5,5,4,มีบุตร/สมาชิกครอบครัวเพิ่ม,ไม่มีแต่สามารถติดตั้งเพิ่มได้,เคยทั้ง EV และ Hybrid,2,ทราบ แต่คิดว่าไม่ต่างกันมาก,ไม่ทราบเลย,5 (เห็นด้วยอย่างยิ่ง),4,4,5 (เห็นด้วยอย่างยิ่ง),3
"1/8/2026, 11:42:10",หญิง,31-40 ปี,2 คน,ปริญญาโท,พนักงานเอกชน,5 คนขึ้นไป,บ้านเดี่ยว / บ้านแฝด,เช่า,มีที่จอดรถส่วนกลาง / เช่า,"25,001-35,000 บาท","ไม่มี (หากตอบ ""ไม่มี"" ให้ข้ามไปตอบตอนที่ 3)",,,,,,"ราคา, ค่าน้ำมัน","ต่ำกว่า 500,000 บาท","เพื่อใช้ในการเดินทางท่องเที่ยว, เพื่อความสะดวกในการเดินทาง",ยังไม่มีแนวโน้มที่จะซื้อ,รถยนต์สันดาป (ดีเซล / เบนซิน),"ราคาซื้อเริ่มต้น, ค่าบำรุงรักษา, ความสะดวกในการใช้งาน",4,5,4,4,4,5,4,4,4,5,4,5,4,5,4,5,5,5,5,4,5,6,5,3,5,เปลี่ยนงาน/ที่ทำงานใหม่,ไม่มีแต่สามารถติดตั้งเพิ่มได้,ไม่เคยเลย,3,ไม่ทราบเลย,ไม่ทราบเลย,4,5 (เห็นด้วยอย่างยิ่ง),3,4,4
"1/8/2026, 11:42:12",ชาย,51-60 ปี,มากกว่า 3 คน,ปริญญาโท,ค้าขาย,5 คนขึ้นไป,คอนโด / อพาร์ตเมนต์ / หอพัก,เช่า,มีที่จอดรถส่วนตัว,"15,001-25,000 บาท",มี,ขับทั้งในเมืองและนอกเมือง,5-6 วัน / สัปดาห์,31-50 กิโลเมตร,"ศูนย์บริการและอะไหล่, ค่าใช้จ่ายในการซ่อมบำรุง",รถยนต์ไฟฟ้า (EV),"ความสามารถในการผ่อนชำระ, แบรนด์","ต่ำกว่า 500,000 บาท",เพื่อความสะดวกในการเดินทาง,ยังไม่มีแนวโน้มที่จะซื้อ,รถยนต์ไฮบริด (Hybrid),"ค่าบำรุงรักษา, เทคโนโลยีและความทันสมัย",5,5,5,5,5,5,5,4,5,5,5,5,5,4,5,4,3,4,4,5,4,4,5,5,5,เปลี่ยนงาน/ที่ทำงานใหม่,ไม่มีแต่สามารถติดตั้งเพิ่มได้,เคยทั้ง EV และ Hybrid,4,ทราบ แต่คิดว่าไม่ต่างกันมาก,ไม่ทราบเลย,4,4,4,5 (เห็นด้วยอย่างยิ่ง),5 (เห็นด้วยอย่างยิ่ง)
"1/8/2026, 11:42:13",ชาย,31-40 ปี,1 คน,ปริญญาตรี,รัฐวิสาหกิจ,3-4 คน,ทาวน์โฮม / ทาวเฮาท์,พักอาศัยกับครอบครัว / ผู้อื่น,มีที่จอดรถส่วนกลาง / เช่า,"ต่ำกว่า 15,000 บาท",มี,ขับในเมือง,ใช้งานทุกวัน,มากกว่า 90 กิโลเมตร,ศูนย์บริการและอะไหล่,"รถยนต์สันดาป (ดีเซล / เบนซิน), รถยนต์ไฮบริด (Hybrid)",ความสามารถในการผ่อนชำระ,"800,001-1,200,000 บาท",เพื่อความสะดวกในการเดินทาง,ยังไม่มีแนวโน้มที่จะซื้อ,รถยนต์ไฟฟ้า (EV),ค่าบำรุงรักษา,5,5,5,5,5,5,5,5,5,4,5,5,4,5,5,5,5,4,5,5,5,6,5,4,4,"มีบุตร/สมาชิกครอบครัวเพิ่ม, ไม่มีเหตุการณ์ข้างต้น",ไม่มีแต่สามารถติดตั้งเพิ่มได้,ไม่เคยเลย,4,ทราบ แต่คิดว่าไม่ต่างกันมาก,ไม่ทราบเลย,4,4,5 (เห็นด้วยอย่างยิ่ง),4,5 (เห็นด้วยอย่างยิ่ง)
"1/8/2026, 11:42:20",หญิง,31-40 ปี,2 คน,ม.6,ค้าขาย,3-4 คน,ทาวน์โฮม / ทาวเฮาท์,เป็นเจ้าของ,มีที่จอดรถส่วนตัว,"35,001-50,000 บาท",มี,ขับทั้งในเมืองและนอกเมือง,ใช้งานทุกวัน,71-90 กิโลเมตร,"ศูนย์บริการและอะไหล่, ค่าใช้จ่ายในการซ่อมบำรุง","รถยนต์สันดาป (ดีเซล / เบนซิน), รถยนต์ไฮบริด (Hybrid)",ความสามารถในการผ่อนชำระ,"800,001-1,200,000 บาท",เพื่อความสะดวกในการเดินทาง,ยังไม่มีแนวโน้มที่จะซื้อ,รถยนต์สันดาป (ดีเซล / เบนซิน),ค่าบำรุงรักษา,5,5,4,5,5,5,5,5,5,4,4,4,3,5,5,5,5,5,4,5,5,4,4,5,6,เปลี่ยนงาน/ที่ทำงานใหม่,ไม่มีแต่สามารถติดตั้งเพิ่มได้,ไม่เคยเลย,3,ทราบ แต่คิดว่าไม่ต่างกันมาก,ไม่ทราบเลย,5 (เห็นด้วยอย่างยิ่ง),4,4,4,3
"1/8/2026, 11:42:21",ชาย,31-40 ปี,ไม่มีบุตร,ปริญญาโท,เจ้าของกิจการ,5 คนขึ้นไป,คอนโด / อพาร์ตเมนต์ / หอพัก,เช่า,มีที่จอดรถส่วนตัว,"35,001-50,000 บาท",มี,ขับในเมือง,5-6 วัน / สัปดาห์,น้อยกว่า 10 กิโลเมตร,อายุการใช้งาน,รถยนต์สันดาป (ดีเซล / เบนซิน),"ความสามารถในการผ่อนชำระ, ค่าซ่อมบำรุง","1,200,000-1,500,000 บาท",เพื่อความสะดวกในการเดินทาง,ยังไม่มีแนวโน้มที่จะซื้อ,รถยนต์ไฮบริด (Hybrid),"ค่าบำรุงรักษา, เทคโนโลยีและความทันสมัย",5,5,4,4,4,5,5,5,4,5,3,4,4,5,5,4,5,5,3,4,5,4,2,5,7,"เปลี่ยนงาน/ที่ทำงานใหม่, ย้ายที่อยู่อาศัย",ไม่แน่ใจ,เคยเฉพาะ Hybrid,6,ทราบ และคิดว่าถูกกว่ามาก,ทราบและเคยพิจารณาใช้สิทธิ์,5 (เห็นด้วยอย่างยิ่ง),4,3,4,4
"1/8/2026, 11:42:22",ชาย,27-30 ปี,1 คน,ปริญญาตรี,นักเรียน / นักศึกษา,3-4 คน,คอนโด / อพาร์ตเมนต์ / หอพัก,เป็นเจ้าของ,มีที่จอดรถส่วนกลาง / เช่า,"ต่ำกว่า 15,000 บาท",มี,ขับทั้งในเมืองและนอกเมือง,ใช้งานทุกวัน,น้อยกว่า 10 กิโลเมตร,อายุการใช้งาน,รถยนต์สันดาป (ดีเซล / เบนซิน),"ราคา, ค่าน้ำมัน","มากกว่า 1,500,000 บาท",เพื่อความสะดวกในการเดินทาง,ยังไม่มีแนวโน้มที่จะซื้อ,รถยนต์สันดาป (ดีเซล / เบนซิน),เทคโนโลยีและความทันสมัย,4,5,5,5,4,5,4,4,3,5,5,4,4,5,4,5,5,5,5,5,5,4,7,2,4,ย้ายที่อยู่อาศัย,ไม่มีแต่สามารถติดตั้งเพิ่มได้,ไม่เคยเลย,7,ทราบ แต่คิดว่าไม่ต่างกันมาก,ทราบและเคยพิจารณาใช้สิทธิ์,5 (เห็นด้วยอย่างยิ่ง),4,4,4,5 (เห็นด้วยอย่างยิ่ง)
"1/8/2026, 11:42:23",หญิง,51-60 ปี,ไม่มีบุตร,ปริญญาตรี,เจ้าของกิจการ,3-4 คน,คอนโด / อพาร์ตเมนต์ / หอพัก,เป็นเจ้าของ,มีที่จอดรถส่วนกลาง / เช่า,"50,001-75,000 บาท","ไม่มี (หากตอบ ""ไม่มี"" ให้ข้ามไปตอบตอนที่ 3)",,,,,,ความสามารถในการผ่อนชำระ,"800,001-1,200,000 บาท",เพื่อความสะดวกในการเดินทาง,ยังไม่มีแนวโน้มที่จะซื้อ,รถยนต์สันดาป (ดีเซล / เบนซิน),"ประหยัดค่าเชื้อเพลิง, ค่าบำรุงรักษา, เทคโนโลยีและความทันสมัย",4,4,4,5,5,4,5,3,5,5,5,3,4,5,5,4,4,4,5,4,5,4,4,5,3,รายได้เปลี่ยนแปลงอย่างมีนัยสำคัญ (เพิ่มขึ้นหรือลดลง),ไม่แน่ใจ,เคยเฉพาะ Hybrid,5,ทราบ แต่คิดว่าไม่ต่างกันมาก,ทราบแต่ไม่เคยพิจารณา,4,3,5 (เห็นด้วยอย่างยิ่ง),3,5 (เห็นด้วยอย่างยิ่ง)
"1/8/2026, 11:42:25",หญิง,51-60 ปี,1 คน,ม.6,อาชีพอิสระ,1-2 คน,คอนโด / อพาร์ตเมนต์ / หอพัก,เช่า,มีที่จอดรถส่วนกลาง / เช่า,"50,001-75,000 บาท",มี,ขับในเมือง,5-6 วัน / สัปดาห์,มากกว่า 90 กิโลเมตร,"ราคาน้ำมัน, ศูนย์บริการและอะไหล่, อายุการใช้งาน",รถยนต์สันดาป (ดีเซล / เบนซิน),ค่าน้ำมัน,"800,001-1,200,000 บาท","เพื่อใช้ในการค้าขาย, เพื่อใช้ในการเดินทางท่องเที่ยว, เพื่อความสะดวกในการเดินทาง, เพื่อหลีกเลี่ยงปัญหาจากระบบการขนส่งมวลชน",ยังไม่มีแนวโน้มที่จะซื้อ,รถยนต์ไฮบริด (Hybrid),ค่าบำรุงรักษา,4,5,5,4,5,5,5,4,4,5,4,5,4,5,4,3,5,4,4,5,4,5,3,7,6,เปลี่ยนงาน/ที่ทำงานใหม่,ไม่มีแต่สามารถติดตั้งเพิ่มได้,เคยเฉพาะ EV,5,ทราบ แต่คิดว่าไม่ต่างกันมาก,ไม่ทราบเลย,5 (เห็นด้วยอย่างยิ่ง),4,3,5 (เห็นด้วยอย่างยิ่ง),3
"1/8/2026, 11:42:28",หญิง,51-60 ปี,2 คน,ปริญญาตรี,ข้าราชการ,3-4 คน,ทาวน์โฮม / ทาวเฮาท์,เช่า,มีที่จอดรถส่วนตัว,"25,001-35,000 บาท",มี,ขับทั้งในเมืองและนอกเมือง,1-2 วัน / สัปดาห์,น้อยกว่า 10 กิโลเมตร,"ราคาน้ำมัน, ปั๊มน้ำมัน / สถานีชาร์จ, ศูนย์บริการและอะไหล่","รถยนต์สันดาป (ดีเซล / เบนซิน), รถยนต์ไฮบริด (Hybrid)",ความสามารถในการผ่อนชำระ,"มากกว่า 1,500,000 บาท",เพื่อความสะดวกในการเดินทาง,ยังไม่มีแนวโน้มที่จะซื้อ,รถยนต์สันดาป (ดีเซล / เบนซิน),"ราคาซื้อเริ่มต้น, ประหยัดค่าเชื้อเพลิง, ค่าบำรุงรักษา, เป็นมิตรต่อสิ่งแวดล้อม",5,5,5,3,5,5,4,5,2,5,5,5,5,4,5,2,4,5,4,5,4,6,5,6,7,มีบุตร/สมาชิกครอบครัวเพิ่ม,ไม่มีและไม่สามารถติดตั้งได้ (เช่น คอนโด/หอพักที่ไม่อนุญาต),เคยเฉพาะ Hybrid,5,ไม่ทราบเลย,ทราบแต่ไม่เคยพิจารณา,4,4,3,4,5 (เห็นด้วยอย่างยิ่ง)
"1/8/2026, 12:02:52",หญิง,51-60 ปี,2 คน,ต่ำกว่า ม.3,รัฐวิสาหกิจ,3-4 คน,คอนโด / อพาร์ตเมนต์ / หอพัก,เช่า,มีที่จอดรถส่วนกลาง / เช่า,"15,001-25,000 บาท",มี,ขับนอกเมือง,ใช้งานทุกวัน,น้อยกว่า 10 กิโลเมตร,"ปั๊มน้ำมัน / สถานีชาร์จ, อายุการใช้งาน",รถยนต์สันดาป (ดีเซล / เบนซิน),ความสามารถในการผ่อนชำระ,"800,001-1,200,000 บาท",เพื่อความสะดวกในการเดินทาง,ยังไม่มีแนวโน้มที่จะซื้อ,รถยนต์สันดาป (ดีเซล / เบนซิน),ค่าบำรุงรักษา,5,5,5,5,5,4,5,4,5,5,5,4,5,5,4,5,5,5,4,4,4,2,5,4,4,มีบุตร/สมาชิกครอบครัวเพิ่ม,ไม่มีแต่สามารถติดตั้งเพิ่มได้,เคยทั้ง EV และ Hybrid,4,ไม่ทราบเลย,ทราบและเคยพิจารณาใช้สิทธิ์,4,5 (เห็นด้วยอย่างยิ่ง),4,4,5 (เห็นด้วยอย่างยิ่ง)
"1/8/2026, 12:02:53",หญิง,51-60 ปี,2 คน,ปริญญาโท,ค้าขาย,1-2 คน,คอนโด / อพาร์ตเมนต์ / หอพัก,เป็นเจ้าของ,มีที่จอดรถส่วนตัว,"25,001-35,000 บาท",มี,ขับนอกเมือง,5-6 วัน / สัปดาห์,10-30 กิโลเมตร,อายุการใช้งาน,"รถยนต์สันดาป (ดีเซล / เบนซิน), รถยนต์ไฮบริด (Hybrid)","ค่าไฟฟ้า, ค่าซ่อมบำรุง","1,200,000-1,500,000 บาท","เพื่อใช้ในการเดินทางท่องเที่ยว, เพื่อความสะดวกในการเดินทาง, เพื่อหลีกเลี่ยงปัญหาจากระบบการขนส่งมวลชน",ยังไม่มีแนวโน้มที่จะซื้อ,รถยนต์สันดาป (ดีเซล / เบนซิน),"ประหยัดค่าเชื้อเพลิง, เทคโนโลยีและความทันสมัย",3,5,5,3,4,5,4,5,5,5,5,4,5,4,5,5,3,5,4,5,3,5,4,3,5,"มีบุตร/สมาชิกครอบครัวเพิ่ม, รายได้เปลี่ยนแปลงอย่างมีนัยสำคัญ (เพิ่มขึ้นหรือลดลง), ไม่มีเหตุการณ์ข้างต้น",ไม่มีแต่สามารถติดตั้งเพิ่มได้,ไม่เคยเลย,5,ไม่ทราบเลย,ทราบและเคยพิจารณาใช้สิทธิ์,4,3,3,5 (เห็นด้วยอย่างยิ่ง),3
"1/8/2026, 12:02:54",ชาย,27-30 ปี,2 คน,ปริญญาโท,ค้าขาย,5 คนขึ้นไป,คอนโด / อพาร์ตเมนต์ / หอพัก,เป็นเจ้าของ,มีที่จอดรถส่วนตัว,"25,001-35,000 บาท",มี,ขับทั้งในเมืองและนอกเมือง,5-6 วัน / สัปดาห์,น้อยกว่า 10 กิโลเมตร,"ราคาน้ำมัน, ค่าใช้จ่ายในการซ่อมบำรุง","รถยนต์สันดาป (ดีเซล / เบนซิน), รถยนต์ไฟฟ้า (EV)",ความสามารถในการผ่อนชำระ,"ต่ำกว่า 500,000 บาท",เพื่อความสะดวกในการเดินทาง,ยังไม่มีแนวโน้มที่จะซื้อ,รถยนต์สันดาป (ดีเซล / เบนซิน),ค่าบำรุงรักษา,4,5,5,4,4,5,5,5,4,5,5,5,5,5,3,4,5,4,5,4,3,4,3,6,4,เปลี่ยนงาน/ที่ทำงานใหม่,ไม่มีแต่สามารถติดตั้งเพิ่มได้,ไม่เคยเลย,5,ทราบ แต่คิดว่าไม่ต่างกันมาก,ทราบแต่ไม่เคยพิจารณา,5 (เห็นด้วยอย่างยิ่ง),4,5 (เห็นด้วยอย่างยิ่ง),4,3
"1/8/2026, 12:02:55",ชาย,31-40 ปี,1 คน,ปวช. / ปวส.,อาชีพอิสระ,3-4 คน,ทาวน์โฮม / ทาวเฮาท์,เช่า,มีที่จอดรถส่วนตัว,"50,001-75,000 บาท",มี,ขับทั้งในเมืองและนอกเมือง,ใช้งานทุกวัน,51-70 กิโลเมตร,ปั๊มน้ำมัน / สถานีชาร์จ,รถยนต์ไฟฟ้า (EV),ความสามารถในการผ่อนชำระ,"500,001-800,000 บาท",เพื่อหลีกเลี่ยงปัญหาจากระบบการขนส่งมวลชน,ยังไม่มีแนวโน้มที่จะซื้อ,รถยนต์สันดาป (ดีเซล / เบนซิน),เป็นมิตรต่อสิ่งแวดล้อม,4,5,5,5,3,5,5,3,5,4,5,3,5,3,3,5,4,4,5,5,4,3,1,4,5,ย้ายที่อยู่อาศัย,ไม่มีและไม่สามารถติดตั้งได้ (เช่น คอนโด/หอพักที่ไม่อนุญาต),ไม่เคยเลย,4,ทราบ แต่คิดว่าไม่ต่างกันมาก,ไม่ทราบเลย,3,5 (เห็นด้วยอย่างยิ่ง),4,5 (เห็นด้วยอย่างยิ่ง),4
"1/8/2026, 12:02:57",หญิง,51-60 ปี,1 คน,ม.6,ข้าราชการ,3-4 คน,คอนโด / อพาร์ตเมนต์ / หอพัก,พักอาศัยกับครอบครัว / ผู้อื่น,มีที่จอดรถส่วนกลาง / เช่า,"35,001-50,000 บาท","ไม่มี (หากตอบ ""ไม่มี"" ให้ข้ามไปตอบตอนที่ 3)",,,,,,ความสามารถในการผ่อนชำระ,"มากกว่า 1,500,000 บาท",เพื่อความสะดวกในการเดินทาง,ยังไม่มีแนวโน้มที่จะซื้อ,รถยนต์ไฟฟ้า (EV),ค่าบำรุงรักษา,5,5,5,5,4,5,5,4,5,5,3,4,5,5,5,4,5,5,5,5,3,6,6,6,4,"เปลี่ยนงาน/ที่ทำงานใหม่, ไม่มีเหตุการณ์ข้างต้น",ไม่มีแต่สามารถติดตั้งเพิ่มได้,เคยทั้ง EV และ Hybrid,5,ทราบ แต่คิดว่าไม่ต่างกันมาก,ไม่ทราบเลย,5 (เห็นด้วยอย่างยิ่ง),4,3,5 (เห็นด้วยอย่างยิ่ง),5 (เห็นด้วยอย่างยิ่ง)
"1/8/2026, 12:02:59",ชาย,31-40 ปี,3 คน,ปริญญาตรี,พนักงานเอกชน,3-4 คน,ทาวน์โฮม / ทาวเฮาท์,เป็นเจ้าของ,มีที่จอดรถส่วนกลาง / เช่า,"25,001-35,000 บาท",มี,ขับในเมือง,1-2 วัน / สัปดาห์,10-30 กิโลเมตร,"ศูนย์บริการและอะไหล่, อายุการใช้งาน",รถยนต์สันดาป (ดีเซล / เบนซิน),ความสามารถในการผ่อนชำระ,"800,001-1,200,000 บาท",เพื่อความสะดวกในการเดินทาง,ยังไม่มีแนวโน้มที่จะซื้อ,รถยนต์ไฮบริด (Hybrid),"ราคาซื้อเริ่มต้น, ค่าบำรุงรักษา",5,5,4,5,4,4,5,5,4,5,4,5,5,5,4,4,4,5,4,5,4,3,2,4,3,ย้ายที่อยู่อาศัย,ไม่มีแต่สามารถติดตั้งเพิ่มได้,เคยเฉพาะ Hybrid,5,ทราบ และคิดว่าถูกกว่ามาก,ไม่ทราบเลย,5 (เห็นด้วยอย่างยิ่ง),5 (เห็นด้วยอย่างยิ่ง),5 (เห็นด้วยอย่างยิ่ง),4,3
"1/8/2026, 12:03:03",หญิง,51-60 ปี,2 คน,ปริญญาตรี,ข้าราชการ,3-4 คน,ทาวน์โฮม / ทาวเฮาท์,เช่า,มีที่จอดรถส่วนกลาง / เช่า,"25,001-35,000 บาท","ไม่มี (หากตอบ ""ไม่มี"" ให้ข้ามไปตอบตอนที่ 3)",,,,,,"ค่าไฟฟ้า, รูปลักษณ์ / ดีไซน์","800,001-1,200,000 บาท",เพื่อความสะดวกในการเดินทาง,ยังไม่มีแนวโน้มที่จะซื้อ,รถยนต์ไฟฟ้า (EV),ราคาซื้อเริ่มต้น,4,4,4,5,5,3,5,4,5,5,5,4,5,5,5,5,5,4,4,4,5,5,4,6,5,เปลี่ยนงาน/ที่ทำงานใหม่,ไม่มีแต่สามารถติดตั้งเพิ่มได้,ไม่เคยเลย,4,ทราบ แต่คิดว่าไม่ต่างกันมาก,ทราบแต่ไม่เคยพิจารณา,4,4,4,5 (เห็นด้วยอย่างยิ่ง),4
"1/8/2026, 12:03:06",ชาย,มากกว่า 60 ปี,1 คน,ปริญญาตรี,ค้าขาย,5 คนขึ้นไป,ทาวน์โฮม / ทาวเฮาท์,เป็นเจ้าของ,มีที่จอดรถส่วนตัว,"50,001-75,000 บาท",มี,ขับนอกเมือง,5-6 วัน / สัปดาห์,31-50 กิโลเมตร,ศูนย์บริการและอะไหล่,รถยนต์ไฮบริด (Hybrid),ความสามารถในการผ่อนชำระ,"ต่ำกว่า 500,000 บาท","เพื่อใช้ในการเดินทางไปทำงาน, เพื่อใช้ในการเดินทางท่องเที่ยว",ยังไม่มีแนวโน้มที่จะซื้อ,รถยนต์สันดาป (ดีเซล / เบนซิน),"ค่าบำรุงรักษา, เป็นมิตรต่อสิ่งแวดล้อม, เทคโนโลยีและความทันสมัย",4,5,4,4,4,4,5,5,5,4,4,5,5,5,4,4,4,4,5,5,4,5,4,6,3,เปลี่ยนงาน/ที่ทำงานใหม่,ไม่แน่ใจ,เคยเฉพาะ Hybrid,1,ทราบ แต่คิดว่าไม่ต่างกันมาก,ไม่ทราบเลย,4,4,5 (เห็นด้วยอย่างยิ่ง),5 (เห็นด้วยอย่างยิ่ง),3
"1/8/2026, 12:03:07",ชาย,51-60 ปี,ไม่มีบุตร,ปวช. / ปวส.,ข้าราชการ,3-4 คน,ทาวน์โฮม / ทาวเฮาท์,เป็นเจ้าของ,มีที่จอดรถส่วนกลาง / เช่า,"15,001-25,000 บาท",มี,ขับในเมือง,ใช้งานทุกวัน,น้อยกว่า 10 กิโลเมตร,ศูนย์บริการและอะไหล่,"รถยนต์ไฮบริด (Hybrid), รถยนต์ไฟฟ้า (EV)",ค่าน้ำมัน,"800,001-1,200,000 บาท","เพื่อใช้ในการค้าขาย, เพื่อหลีกเลี่ยงปัญหาจากระบบการขนส่งมวลชน",มีแนวโน้มที่จะซื้อ,รถยนต์ไฟฟ้า (EV),"ราคาซื้อเริ่มต้น, เทคโนโลยีและความทันสมัย",5,5,5,5,5,5,5,5,4,5,5,4,5,5,4,4,5,3,4,5,5,4,7,5,7,ไม่มีเหตุการณ์ข้างต้น,ไม่มีและไม่สามารถติดตั้งได้ (เช่น คอนโด/หอพักที่ไม่อนุญาต),ไม่เคยเลย,5,ทราบ แต่คิดว่าไม่ต่างกันมาก,ไม่ทราบเลย,5 (เห็นด้วยอย่างยิ่ง),4,4,2,4
"1/8/2026, 12:03:10",ชาย,27-30 ปี,1 คน,ปริญญาตรี,พนักงานเอกชน,3-4 คน,บ้านเดี่ยว / บ้านแฝด,พักอาศัยกับครอบครัว / ผู้อื่น,มีที่จอดรถส่วนตัว,"35,001-50,000 บาท",มี,ขับในเมือง,5-6 วัน / สัปดาห์,31-50 กิโลเมตร,"ราคาน้ำมัน, ปั๊มน้ำมัน / สถานีชาร์จ",รถยนต์ไฟฟ้า (EV),"ค่าน้ำมัน, รูปลักษณ์ / ดีไซน์","1,200,000-1,500,000 บาท","เพื่อใช้ในการเดินทางไปทำงาน, เพื่อความสะดวกในการเดินทาง, เพื่อหลีกเลี่ยงปัญหาจากระบบการขนส่งมวลชน",ยังไม่มีแนวโน้มที่จะซื้อ,รถยนต์สันดาป (ดีเซล / เบนซิน),"ค่าบำรุงรักษา, ความสะดวกในการใช้งาน",4,5,3,5,3,5,5,4,4,5,4,3,5,5,2,5,5,4,5,5,5,7,5,4,6,"เปลี่ยนงาน/ที่ทำงานใหม่, ย้ายที่อยู่อาศัย",ไม่มีและไม่สามารถติดตั้งได้ (เช่น คอนโด/หอพักที่ไม่อนุญาต),เคยทั้ง EV และ Hybrid,4,ทราบ แต่คิดว่าไม่ต่างกันมาก,ไม่ทราบเลย,4,4,4,3,5 (เห็นด้วยอย่างยิ่ง)
"1/8/2026, 12:03:12",หญิง,41-50 ปี,2 คน,ม.6,ข้าราชการ,3-4 คน,ทาวน์โฮม / ทาวเฮาท์,เช่า,มีที่จอดรถส่วนกลาง / เช่า,"35,001-50,000 บาท",มี,ขับในเมือง,ใช้งานทุกวัน,มากกว่า 90 กิโลเมตร,"ราคาน้ำมัน, ปั๊มน้ำมัน / สถานีชาร์จ",รถยนต์สันดาป (ดีเซล / เบนซิน),"ราคา, ความสามารถในการผ่อนชำระ","800,001-1,200,000 บาท","เพื่อใช้ในการค้าขาย, เพื่อความสะดวกในการเดินทาง, เพื่อหลีกเลี่ยงปัญหาจากระบบการขนส่งมวลชน",ยังไม่มีแนวโน้มที่จะซื้อ,รถยนต์สันดาป (ดีเซล / เบนซิน),ค่าบำรุงรักษา,5,5,5,5,5,5,5,5,4,4,5,5,4,5,5,5,4,4,4,5,4,3,2,5,4,มีบุตร/สมาชิกครอบครัวเพิ่ม,ไม่มีแต่สามารถติดตั้งเพิ่มได้,เคยทั้ง EV และ Hybrid,4,ทราบ แต่คิดว่าไม่ต่างกันมาก,ไม่ทราบเลย,4,3,4,4,3
"1/8/2026, 12:03:14",หญิง,51-60 ปี,มากกว่า 3 คน,ม.6,รัฐวิสาหกิจ,1-2 คน,ทาวน์โฮม / ทาวเฮาท์,เป็นเจ้าของ,มีที่จอดรถส่วนตัว,"มากกว่า 75,000",มี,ขับทั้งในเมืองและนอกเมือง,1-2 วัน / สัปดาห์,31-50 กิโลเมตร,ศูนย์บริการและอะไหล่,"รถยนต์สันดาป (ดีเซล / เบนซิน), รถยนต์ไฟฟ้า (EV)","ราคา, ความสามารถในการผ่อนชำระ, สมรรถนะในการขับขี่","800,001-1,200,000 บาท","เพื่อใช้ในการค้าขาย, เพื่อใช้ในการเดินทางท่องเที่ยว",ยังไม่มีแนวโน้มที่จะซื้อ,รถยนต์ไฮบริด (Hybrid),ความสะดวกในการใช้งาน,4,5,4,4,5,4,4,4,3,5,5,5,5,5,4,4,4,5,5,5,5,4,4,5,7,ย้ายที่อยู่อาศัย,ไม่แน่ใจ,เคยเฉพาะ Hybrid,7,ทราบ แต่คิดว่าไม่ต่างกันมาก,ไม่ทราบเลย,2,3,4,4,3
"1/8/2026, 12:03:15",ชาย,24-26 ปี,3 คน,ปริญญาโท,พนักงานเอกชน,3-4 คน,คอนโด / อพาร์ตเมนต์ / หอพัก,เป็นเจ้าของ,มีที่จอดรถส่วนกลาง / เช่า,"25,001-35,000 บาท",มี,ขับนอกเมือง,1-2 วัน / สัปดาห์,น้อยกว่า 10 กิโลเมตร,"ราคาน้ำมัน, ปั๊มน้ำมัน / สถานีชาร์จ, ศูนย์บริการและอะไหล่, อายุการใช้งาน",รถยนต์สันดาป (ดีเซล / เบนซิน),"ค่าน้ำมัน, ค่าซ่อมบำรุง, การรับประกันและบริการหลังการขาย","1,200,000-1,500,000 บาท",เพื่อหลีกเลี่ยงปัญหาจากระบบการขนส่งมวลชน,ยังไม่มีแนวโน้มที่จะซื้อ,รถยนต์ไฟฟ้า (EV),ค่าบำรุงรักษา,4,4,5,5,4,3,4,4,5,3,5,5,5,4,4,4,4,5,5,4,5,5,6,5,7,"เปลี่ยนงาน/ที่ทำงานใหม่, มีบุตร/สมาชิกครอบครัวเพิ่ม",ไม่แน่ใจ,เคยเฉพาะ Hybrid,3,ทราบ และคิดว่าถูกกว่ามาก,ไม่ทราบเลย,4,3,4,5 (เห็นด้วยอย่างยิ่ง),5 (เห็นด้วยอย่างยิ่ง)
"1/8/2026, 12:03:19",ชาย,31-40 ปี,2 คน,ปริญญาโท,พนักงานเอกชน,5 คนขึ้นไป,ทาวน์โฮม / ทาวเฮาท์,เช่า,มีที่จอดรถส่วนกลาง / เช่า,"35,001-50,000 บาท",มี,ขับนอกเมือง,3-4 วัน / สัปดาห์,10-30 กิโลเมตร,ค่าใช้จ่ายในการซ่อมบำรุง,รถยนต์สันดาป (ดีเซล / เบนซิน),ความสามารถในการผ่อนชำระ,"ต่ำกว่า 500,000 บาท",เพื่อความสะดวกในการเดินทาง,ยังไม่มีแนวโน้มที่จะซื้อ,รถยนต์สันดาป (ดีเซล / เบนซิน),"ประหยัดค่าเชื้อเพลิง, เทคโนโลยีและความทันสมัย",5,5,4,5,4,4,4,4,4,5,5,5,4,5,4,5,5,5,5,5,4,6,2,5,5,"เปลี่ยนงาน/ที่ทำงานใหม่, ย้ายที่อยู่อาศัย, มีบุตร/สมาชิกครอบครัวเพิ่ม",ไม่แน่ใจ,ไม่เคยเลย,2,ทราบ แต่คิดว่าไม่ต่างกันมาก,ทราบและเคยพิจารณาใช้สิทธิ์,3,4,3,5 (เห็นด้วยอย่างยิ่ง),4
"1/8/2026, 12:03:20",หญิง,41-50 ปี,2 คน,ปริญญาตรี,เจ้าของกิจการ,3-4 คน,คอนโด / อพาร์ตเมนต์ / หอพัก,เช่า,มีที่จอดรถส่วนตัว,"35,001-50,000 บาท","ไม่มี (หากตอบ ""ไม่มี"" ให้ข้ามไปตอบตอนที่ 3)",,,,,,ความสามารถในการผ่อนชำระ,"800,001-1,200,000 บาท",เพื่อความสะดวกในการเดินทาง,ยังไม่มีแนวโน้มที่จะซื้อ,รถยนต์สันดาป (ดีเซล / เบนซิน),ความสะดวกในการใช้งาน,5,5,5,3,4,5,5,5,5,5,5,5,4,5,4,5,5,4,5,5,5,3,5,5,6,เปลี่ยนงาน/ที่ทำงานใหม่,ไม่แน่ใจ,ไม่เคยเลย,4,ทราบ แต่คิดว่าไม่ต่างกันมาก,ไม่ทราบเลย,4,3,5 (เห็นด้วยอย่างยิ่ง),4,5 (เห็นด้วยอย่างยิ่ง)
"1/8/2026, 12:03:21",หญิง,41-50 ปี,มากกว่า 3 คน,ม.6,ข้าราชการ,1-2 คน,คอนโด / อพาร์ตเมนต์ / หอพัก,เช่า,มีที่จอดรถส่วนกลาง / เช่า,"50,001-75,000 บาท","ไม่มี (หากตอบ ""ไม่มี"" ให้ข้ามไปตอบตอนที่ 3)",,,,,,ความสามารถในการผ่อนชำระ,"มากกว่า 1,500,000 บาท",เพื่อหลีกเลี่ยงปัญหาจากระบบการขนส่งมวลชน,ยังไม่มีแนวโน้มที่จะซื้อ,รถยนต์ไฟฟ้า (EV),"ค่าบำรุงรักษา, ความสะดวกในการใช้งาน",4,5,5,5,5,5,5,5,4,4,5,5,4,5,4,4,5,5,5,5,5,5,4,4,4,เปลี่ยนงาน/ที่ทำงานใหม่,ไม่มีแต่สามารถติดตั้งเพิ่มได้,ไม่เคยเลย,4,ทราบ แต่คิดว่าไม่ต่างกันมาก,ทราบแต่ไม่เคยพิจารณา,5 (เห็นด้วยอย่างยิ่ง),5 (เห็นด้วยอย่างยิ่ง),4,4,3
"1/8/2026, 12:03:23",หญิง,31-40 ปี,1 คน,ปริญญาตรี,รัฐวิสาหกิจ,5 คนขึ้นไป,ทาวน์โฮม / ทาวเฮาท์,พักอาศัยกับครอบครัว / ผู้อื่น,มีที่จอดรถส่วนกลาง / เช่า,"50,001-75,000 บาท",มี,ขับทั้งในเมืองและนอกเมือง,5-6 วัน / สัปดาห์,น้อยกว่า 10 กิโลเมตร,ศูนย์บริการและอะไหล่,"รถยนต์สันดาป (ดีเซล / เบนซิน), รถยนต์ไฮบริด (Hybrid), รถยนต์ไฟฟ้า (EV)",รูปลักษณ์ / ดีไซน์,"500,001-800,000 บาท",เพื่อความสะดวกในการเดินทาง,ยังไม่มีแนวโน้มที่จะซื้อ,รถยนต์ไฮบริด (Hybrid),"ราคาซื้อเริ่มต้น, ประหยัดค่าเชื้อเพลิง, ค่าบำรุงรักษา",4,5,5,5,5,4,4,4,5,5,5,5,5,4,3,5,5,5,5,4,5,5,6,6,4,เปลี่ยนงาน/ที่ทำงานใหม่,ไม่มีและไม่สามารถติดตั้งได้ (เช่น คอนโด/หอพักที่ไม่อนุญาต),เคยทั้ง EV และ Hybrid,3,ไม่ทราบเลย,ไม่ทราบเลย,5 (เห็นด้วยอย่างยิ่ง),3,4,5 (เห็นด้วยอย่างยิ่ง),5 (เห็นด้วยอย่างยิ่ง)
"1/8/2026, 12:03:32",หญิง,31-40 ปี,2 คน,ปริญญาตรี,เจ้าของกิจการ,5 คนขึ้นไป,ทาวน์โฮม / ทาวเฮาท์,เป็นเจ้าของ,มีที่จอดรถส่วนกลาง / เช่า,"50,001-75,000 บาท",มี,ขับนอกเมือง,1-2 วัน / สัปดาห์,น้อยกว่า 10 กิโลเมตร,ศูนย์บริการและอะไหล่,รถยนต์สันดาป (ดีเซล / เบนซิน),"ราคา, ความสามารถในการผ่อนชำระ","800,001-1,200,000 บาท",เพื่อความสะดวกในการเดินทาง,ยังไม่มีแนวโน้มที่จะซื้อ,รถยนต์สันดาป (ดีเซล / เบนซิน),"ราคาซื้อเริ่มต้น, เป็นมิตรต่อสิ่งแวดล้อม",4,5,5,5,5,4,4,5,4,5,5,2,5,5,5,3,5,3,5,4,5,3,5,3,7,เปลี่ยนงาน/ที่ทำงานใหม่,ไม่แน่ใจ,ไม่เคยเลย,4,ไม่ทราบเลย,ไม่ทราบเลย,5 (เห็นด้วยอย่างยิ่ง),4,4,5 (เห็นด้วยอย่างยิ่ง),3
"1/8/2026, 12:03:34",หญิง,31-40 ปี,2 คน,ปริญญาตรี,อาชีพอิสระ,3-4 คน,ทาวน์โฮม / ทาวเฮาท์,พักอาศัยกับครอบครัว / ผู้อื่น,มีที่จอดรถส่วนตัว,"ต่ำกว่า 15,000 บาท",มี,ขับนอกเมือง,ใช้งานทุกวัน,มากกว่า 90 กิโลเมตร,ศูนย์บริการและอะไหล่,รถยนต์สันดาป (ดีเซล / เบนซิน),ความสามารถในการผ่อนชำระ,"1,200,000-1,500,000 บาท",เพื่อความสะดวกในการเดินทาง,ยังไม่มีแนวโน้มที่จะซื้อ,รถยนต์สันดาป (ดีเซล / เบนซิน),ค่าบำรุงรักษา,5,4,5,4,5,5,5,5,4,4,5,5,5,4,5,4,5,4,4,5,4,4,4,5,5,เปลี่ยนงาน/ที่ทำงานใหม่,ไม่มีแต่สามารถติดตั้งเพิ่มได้,เคยเฉพาะ Hybrid,5,ทราบ และคิดว่าถูกกว่ามาก,ไม่ทราบเลย,5 (เห็นด้วยอย่างยิ่ง),3,5 (เห็นด้วยอย่างยิ่ง),3,5 (เห็นด้วยอย่างยิ่ง)
"1/8/2026, 12:03:37",ชาย,31-40 ปี,2 คน,ปริญญาโท,พนักงานเอกชน,3-4 คน,ทาวน์โฮม / ทาวเฮาท์,พักอาศัยกับครอบครัว / ผู้อื่น,ไม่มีที่จอดรถ,"35,001-50,000 บาท",มี,ขับในเมือง,1-2 วัน / สัปดาห์,น้อยกว่า 10 กิโลเมตร,"ปั๊มน้ำมัน / สถานีชาร์จ, ศูนย์บริการและอะไหล่, มูลค่าการขายต่อ","รถยนต์ไฮบริด (Hybrid), รถยนต์ไฟฟ้า (EV)",ความสามารถในการผ่อนชำระ,"800,001-1,200,000 บาท","เพื่อใช้ในการค้าขาย, เพื่อใช้ในการเดินทางท่องเที่ยว, เพื่อความสะดวกในการเดินทาง",มีแนวโน้มที่จะซื้อ,รถยนต์ไฮบริด (Hybrid),ค่าบำรุงรักษา,5,5,5,4,5,4,5,5,5,3,4,5,4,4,4,5,5,5,3,5,4,6,5,6,5,"เปลี่ยนงาน/ที่ทำงานใหม่, มีบุตร/สมาชิกครอบครัวเพิ่ม",ไม่มีแต่สามารถติดตั้งเพิ่มได้,ไม่เคยเลย,5,ทราบ แต่คิดว่าไม่ต่างกันมาก,ไม่ทราบเลย,5 (เห็นด้วยอย่างยิ่ง),3,3,5 (เห็นด้วยอย่างยิ่ง),4
"1/8/2026, 12:03:38",ชาย,มากกว่า 60 ปี,2 คน,ม.6,ข้าราชการ,5 คนขึ้นไป,ทาวน์โฮม / ทาวเฮาท์,เป็นเจ้าของ,มีที่จอดรถส่วนกลาง / เช่า,"15,001-25,000 บาท",มี,ขับในเมือง,5-6 วัน / สัปดาห์,10-30 กิโลเมตร,"ราคาน้ำมัน, ค่าใช้จ่ายในการซ่อมบำรุง",รถยนต์ไฮบริด (Hybrid),ความสามารถในการผ่อนชำระ,"800,001-1,200,000 บาท",เพื่อใช้ในการเดินทางท่องเที่ยว,ยังไม่มีแนวโน้มที่จะซื้อ,รถยนต์ไฮบริด (Hybrid),ค่าบำรุงรักษา,5,5,5,2,3,5,5,5,4,5,5,4,4,5,5,5,3,4,5,4,5,5,6,6,5,เปลี่ยนงาน/ที่ทำงานใหม่,ไม่มีและไม่สามารถติดตั้งได้ (เช่น คอนโด/หอพักที่ไม่อนุญาต),เคยทั้ง EV และ Hybrid,5,ทราบ แต่คิดว่าไม่ต่างกันมาก,ไม่ทราบเลย,5 (เห็นด้วยอย่างยิ่ง),5 (เห็นด้วยอย่างยิ่ง),4,3,5 (เห็นด้วยอย่างยิ่ง)
"1/8/2026, 12:03:40",หญิง,31-40 ปี,ไม่มีบุตร,ปริญญาตรี,ค้าขาย,3-4 คน,ทาวน์โฮม / ทาวเฮาท์,เช่า,มีที่จอดรถส่วนตัว,"15,001-25,000 บาท","ไม่มี (หากตอบ ""ไม่มี"" ให้ข้ามไปตอบตอนที่ 3)",,,,,,"ราคา, ความสามารถในการผ่อนชำระ","800,001-1,200,000 บาท","เพื่อใช้ในการค้าขาย, เพื่อใช้ในการเดินทางท่องเที่ยว, เพื่อความสะดวกในการเดินทาง, เพื่อหลีกเลี่ยงปัญหาจากระบบการขนส่งมวลชน",ยังไม่มีแนวโน้มที่จะซื้อ,รถยนต์สันดาป (ดีเซล / เบนซิน),ความสะดวกในการใช้งาน,5,4,3,5,5,5,5,5,4,4,5,4,4,5,5,4,5,5,5,5,5,4,1,4,4,มีบุตร/สมาชิกครอบครัวเพิ่ม,ไม่มีแต่สามารถติดตั้งเพิ่มได้,เคยเฉพาะ EV,6,ทราบ และคิดว่าถูกกว่ามาก,ไม่ทราบเลย,4,5 (เห็นด้วยอย่างยิ่ง),3,4,5 (เห็นด้วยอย่างยิ่ง)
"1/8/2026, 12:03:42",ชาย,51-60 ปี,2 คน,ปริญญาตรี,พนักงานเอกชน,3-4 คน,บ้านเดี่ยว / บ้านแฝด,พักอาศัยกับครอบครัว / ผู้อื่น,มีที่จอดรถส่วนตัว,"25,001-35,000 บาท",มี,ขับทั้งในเมืองและนอกเมือง,1-2 วัน / สัปดาห์,31-50 กิโลเมตร,"ปั๊มน้ำมัน / สถานีชาร์จ, ศูนย์บริการและอะไหล่",รถยนต์ไฮบริด (Hybrid),"ค่าน้ำมัน, แบรนด์","800,001-1,200,000 บาท",เพื่อใช้ในการเดินทางท่องเที่ยว,ยังไม่มีแนวโน้มที่จะซื้อ,รถยนต์สันดาป (ดีเซล / เบนซิน),ค่าบำรุงรักษา,4,4,5,5,5,4,5,3,3,4,3,5,4,4,4,4,5,5,3,5,4,6,4,3,6,ย้ายที่อยู่อาศัย,ไม่แน่ใจ,เคยทั้ง EV และ Hybrid,5,ทราบ แต่คิดว่าไม่ต่างกันมาก,ทราบแต่ไม่เคยพิจารณา,5 (เห็นด้วยอย่างยิ่ง),2,5 (เห็นด้วยอย่างยิ่ง),5 (เห็นด้วยอย่างยิ่ง),5 (เห็นด้วยอย่างยิ่ง)
"1/8/2026, 12:37:42",หญิง,มากกว่า 60 ปี,1 คน,ม.6,ค้าขาย,3-4 คน,บ้านเดี่ยว / บ้านแฝด,เช่า,มีที่จอดรถส่วนกลาง / เช่า,"25,001-35,000 บาท","ไม่มี (หากตอบ ""ไม่มี"" ให้ข้ามไปตอบตอนที่ 3)",,,,,,"ค่าซ่อมบำรุง, ความคุ้มค่าโดยรวม","ต่ำกว่า 500,000 บาท",เพื่อใช้ในการเดินทางท่องเที่ยว,ยังไม่มีแนวโน้มที่จะซื้อ,รถยนต์ไฟฟ้า (EV),"ราคาซื้อเริ่มต้น, เทคโนโลยีและความทันสมัย",5,4,5,4,4,5,5,3,5,5,4,3,5,5,5,5,5,4,5,4,5,2,6,1,3,ไม่มีเหตุการณ์ข้างต้น,ไม่มีและไม่สามารถติดตั้งได้ (เช่น คอนโด/หอพักที่ไม่อนุญาต),เคยเฉพาะ EV,4,ทราบ แต่คิดว่าไม่ต่างกันมาก,ทราบและเคยพิจารณาใช้สิทธิ์,5 (เห็นด้วยอย่างยิ่ง),3,4,5 (เห็นด้วยอย่างยิ่ง),4
"1/8/2026, 12:37:43",หญิง,20-23 ปี,ไม่มีบุตร,ปริญญาตรี,นักเรียน / นักศึกษา,5 คนขึ้นไป,คอนโด / อพาร์ตเมนต์ / หอพัก,เป็นเจ้าของ,มีที่จอดรถส่วนตัว,"ต่ำกว่า 15,000 บาท",มี,ขับทั้งในเมืองและนอกเมือง,ใช้งานทุกวัน,51-70 กิโลเมตร,ศูนย์บริการและอะไหล่,รถยนต์สันดาป (ดีเซล / เบนซิน),เทคโนโลยีและฟังก์ชันภายในรถ,"ต่ำกว่า 500,000 บาท","เพื่อใช้ในการเดินทางท่องเที่ยว, เพื่อหลีกเลี่ยงปัญหาจากระบบการขนส่งมวลชน",มีแนวโน้มที่จะซื้อ,รถยนต์ไฟฟ้า (EV),"ราคาซื้อเริ่มต้น, ความสะดวกในการใช้งาน, เทคโนโลยีและความทันสมัย",3,5,4,3,3,5,4,5,5,5,4,3,4,5,4,3,5,5,2,4,5,3,4,4,4,รายได้เปลี่ยนแปลงอย่างมีนัยสำคัญ (เพิ่มขึ้นหรือลดลง),ไม่มีและไม่สามารถติดตั้งได้ (เช่น คอนโด/หอพักที่ไม่อนุญาต),เคยเฉพาะ EV,5,ทราบ แต่คิดว่าไม่ต่างกันมาก,ทราบแต่ไม่เคยพิจารณา,4,3,5 (เห็นด้วยอย่างยิ่ง),5 (เห็นด้วยอย่างยิ่ง),4
"1/8/2026, 12:37:46",หญิง,20-23 ปี,1 คน,ปวช. / ปวส.,นักเรียน / นักศึกษา,3-4 คน,ทาวน์โฮม / ทาวเฮาท์,เป็นเจ้าของ,มีที่จอดรถส่วนตัว,"25,001-35,000 บาท",มี,ขับในเมือง,ใช้งานทุกวัน,น้อยกว่า 10 กิโลเมตร,ศูนย์บริการและอะไหล่,รถยนต์สันดาป (ดีเซล / เบนซิน),ราคา,"800,001-1,200,000 บาท",เพื่อหลีกเลี่ยงปัญหาจากระบบการขนส่งมวลชน,มีแนวโน้มที่จะซื้อ,รถยนต์สันดาป (ดีเซล / เบนซิน),ค่าบำรุงรักษา,3,3,5,4,5,4,4,5,5,5,3,3,4,5,3,4,4,5,3,5,4,5,4,4,4,ไม่มีเหตุการณ์ข้างต้น,ไม่มีและไม่สามารถติดตั้งได้ (เช่น คอนโด/หอพักที่ไม่อนุญาต),เคยทั้ง EV และ Hybrid,6,ทราบ แต่คิดว่าไม่ต่างกันมาก,ไม่ทราบเลย,4,5 (เห็นด้วยอย่างยิ่ง),5 (เห็นด้วยอย่างยิ่ง),5 (เห็นด้วยอย่างยิ่ง),3
"1/8/2026, 12:37:47",ชาย,31-40 ปี,1 คน,ปริญญาตรี,พนักงานเอกชน,5 คนขึ้นไป,บ้านเดี่ยว / บ้านแฝด,เช่า,มีที่จอดรถส่วนตัว,"35,001-50,000 บาท",มี,ขับทั้งในเมืองและนอกเมือง,ใช้งานทุกวัน,น้อยกว่า 10 กิโลเมตร,"ปั๊มน้ำมัน / สถานีชาร์จ, ศูนย์บริการและอะไหล่",รถยนต์ไฮบริด (Hybrid),"ความสามารถในการผ่อนชำระ, ค่าน้ำมัน, การรับประกันและบริการหลังการขาย","500,001-800,000 บาท",เพื่อหลีกเลี่ยงปัญหาจากระบบการขนส่งมวลชน,มีแนวโน้มที่จะซื้อ,รถยนต์ไฮบริด (Hybrid),ค่าบำรุงรักษา,4,5,3,5,5,5,5,5,5,4,3,5,5,4,5,5,5,3,4,4,4,6,4,4,6,ไม่มีเหตุการณ์ข้างต้น,ไม่มีแต่สามารถติดตั้งเพิ่มได้,เคยเฉพาะ EV,4,ทราบ แต่คิดว่าถูกกว่าเล็กน้อย,ทราบและเคยพิจารณาใช้สิทธิ์,5 (เห็นด้วยอย่างยิ่ง),4,4,5 (เห็นด้วยอย่างยิ่ง),3
"1/8/2026, 12:37:48",หญิง,24-26 ปี,ไม่มีบุตร,ปริญญาตรี,พนักงานเอกชน,5 คนขึ้นไป,บ้านเดี่ยว / บ้านแฝด,เช่า,มีที่จอดรถส่วนตัว,"25,001-35,000 บาท",มี,ขับทั้งในเมืองและนอกเมือง,ใช้งานทุกวัน,10-30 กิโลเมตร,"ราคาน้ำมัน, ค่าไฟฟ้า, มูลค่าการขายต่อ",รถยนต์ไฮบริด (Hybrid),"ราคา, เทคโนโลยีและฟังก์ชันภายในรถ, ความคุ้มค่าโดยรวม","800,001-1,200,000 บาท",เพื่อหลีกเลี่ยงปัญหาจากระบบการขนส่งมวลชน,มีแนวโน้มที่จะซื้อ,รถยนต์ไฟฟ้า (EV),ค่าบำรุงรักษา,5,4,4,4,4,3,4,5,4,5,5,4,4,3,4,5,3,4,5,4,5,3,7,2,3,รายได้เปลี่ยนแปลงอย่างมีนัยสำคัญ (เพิ่มขึ้นหรือลดลง),ไม่มีแต่สามารถติดตั้งเพิ่มได้,เคยเฉพาะ EV,5,ทราบ แต่คิดว่าไม่ต่างกันมาก,ทราบแต่ไม่เคยพิจารณา,5 (เห็นด้วยอย่างยิ่ง),3,4,5 (เห็นด้วยอย่างยิ่ง),5 (เห็นด้วยอย่างยิ่ง)
"1/8/2026, 12:37:49",ชาย,20-23 ปี,1 คน,ปวช. / ปวส.,อาชีพอิสระ,3-4 คน,ทาวน์โฮม / ทาวเฮาท์,เป็นเจ้าของ,มีที่จอดรถส่วนตัว,"25,001-35,000 บาท",มี,ขับทั้งในเมืองและนอกเมือง,5-6 วัน / สัปดาห์,31-50 กิโลเมตร,อายุการใช้งาน,"รถยนต์สันดาป (ดีเซล / เบนซิน), รถยนต์ไฮบริด (Hybrid)",ค่าน้ำมัน,"800,001-1,200,000 บาท",เพื่อใช้ในการเดินทางท่องเที่ยว,มีแนวโน้มที่จะซื้อ,รถยนต์ไฮบริด (Hybrid),"ค่าบำรุงรักษา, ความสะดวกในการใช้งาน, เทคโนโลยีและความทันสมัย",5,5,5,4,5,5,4,5,4,5,5,5,4,5,5,4,4,5,5,4,4,6,7,6,5,"มีบุตร/สมาชิกครอบครัวเพิ่ม, ไม่มีเหตุการณ์ข้างต้น",ไม่มีและไม่สามารถติดตั้งได้ (เช่น คอนโด/หอพักที่ไม่อนุญาต),ไม่เคยเลย,6,ทราบ แต่คิดว่าไม่ต่างกันมาก,ทราบแต่ไม่เคยพิจารณา,5 (เห็นด้วยอย่างยิ่ง),4,4,3,5 (เห็นด้วยอย่างยิ่ง)
"1/8/2026, 12:37:51",หญิง,มากกว่า 60 ปี,ไม่มีบุตร,ม.6,ค้าขาย,3-4 คน,บ้านเดี่ยว / บ้านแฝด,เช่า,มีที่จอดรถส่วนตัว,"25,001-35,000 บาท","ไม่มี (หากตอบ ""ไม่มี"" ให้ข้ามไปตอบตอนที่ 3)",,,,,,เทคโนโลยีและฟังก์ชันภายในรถ,"500,001-800,000 บาท",เพื่อความสะดวกในการเดินทาง,มีแนวโน้มที่จะซื้อ,รถยนต์ไฮบริด (Hybrid),ค่าบำรุงรักษา,4,5,5,4,4,4,5,4,5,5,4,4,4,5,4,5,3,3,3,4,4,6,5,5,3,ไม่มีเหตุการณ์ข้างต้น,ไม่มีแต่สามารถติดตั้งเพิ่มได้,เคยเฉพาะ EV,7,ไม่ทราบเลย,ทราบและเคยพิจารณาใช้สิทธิ์,4,3,4,3,4
"1/8/2026, 12:37:52",ชาย,24-26 ปี,1 คน,ปริญญาโท,พนักงานเอกชน,5 คนขึ้นไป,คอนโด / อพาร์ตเมนต์ / หอพัก,เช่า,มีที่จอดรถส่วนตัว,"25,001-35,000 บาท",มี,ขับทั้งในเมืองและนอกเมือง,ใช้งานทุกวัน,31-50 กิโลเมตร,"ราคาน้ำมัน, อายุการใช้งาน",รถยนต์สันดาป (ดีเซล / เบนซิน),เทคโนโลยีและฟังก์ชันภายในรถ,"500,001-800,000 บาท","เพื่อใช้ในการเดินทางท่องเที่ยว, เพื่อหลีกเลี่ยงปัญหาจากระบบการขนส่งมวลชน",มีแนวโน้มที่จะซื้อ,รถยนต์ไฟฟ้า (EV),"ค่าบำรุงรักษา, เป็นมิตรต่อสิ่งแวดล้อม",3,5,4,5,3,4,5,5,4,5,5,2,4,4,4,3,5,4,4,5,5,5,3,4,5,"เปลี่ยนงาน/ที่ทำงานใหม่, ไม่มีเหตุการณ์ข้างต้น",ไม่มีแต่สามารถติดตั้งเพิ่มได้,เคยเฉพาะ Hybrid,5,ทราบ แต่คิดว่าถูกกว่าเล็กน้อย,ไม่ทราบเลย,4,5 (เห็นด้วยอย่างยิ่ง),3,5 (เห็นด้วยอย่างยิ่ง),5 (เห็นด้วยอย่างยิ่ง)
"1/8/2026, 12:37:53",หญิง,20-23 ปี,1 คน,ปริญญาโท,นักเรียน / นักศึกษา,5 คนขึ้นไป,คอนโด / อพาร์ตเมนต์ / หอพัก,เป็นเจ้าของ,มีที่จอดรถส่วนตัว,"15,001-25,000 บาท","ไม่มี (หากตอบ ""ไม่มี"" ให้ข้ามไปตอบตอนที่ 3)",,,,,,"ราคา, สมรรถนะในการขับขี่, ความคุ้มค่าโดยรวม","500,001-800,000 บาท","เพื่อใช้ในการเดินทางไปทำงาน, เพื่อใช้ในการเดินทางท่องเที่ยว, เพื่อความสะดวกในการเดินทาง",มีแนวโน้มที่จะซื้อ,รถยนต์ไฟฟ้า (EV),"ค่าบำรุงรักษา, ความสะดวกในการใช้งาน",5,4,4,5,5,4,5,4,3,4,5,5,4,4,4,2,4,5,3,5,4,3,4,2,4,"ย้ายที่อยู่อาศัย, ไม่มีเหตุการณ์ข้างต้น",ไม่มีแต่สามารถติดตั้งเพิ่มได้,เคยเฉพาะ EV,4,ทราบ แต่คิดว่าไม่ต่างกันมาก,ทราบและเคยพิจารณาใช้สิทธิ์,5 (เห็นด้วยอย่างยิ่ง),3,5 (เห็นด้วยอย่างยิ่ง),3,5 (เห็นด้วยอย่างยิ่ง)
"1/8/2026, 12:37:55",หญิง,มากกว่า 60 ปี,ไม่มีบุตร,ม.3,ค้าขาย,3-4 คน,บ้านเดี่ยว / บ้านแฝด,เช่า,มีที่จอดรถส่วนกลาง / เช่า,"15,001-25,000 บาท",มี,ขับในเมือง,1-2 วัน / สัปดาห์,น้อยกว่า 10 กิโลเมตร,"ราคาน้ำมัน, ศูนย์บริการและอะไหล่",รถยนต์สันดาป (ดีเซล / เบนซิน),"ราคา, ความสามารถในการผ่อนชำระ","800,001-1,200,000 บาท",เพื่อหลีกเลี่ยงปัญหาจากระบบการขนส่งมวลชน,มีแนวโน้มที่จะซื้อ,รถยนต์สันดาป (ดีเซล / เบนซิน),"ค่าบำรุงรักษา, เทคโนโลยีและความทันสมัย",4,4,5,4,4,3,5,5,5,4,4,4,4,5,4,3,5,4,5,3,4,4,5,4,5,"เปลี่ยนงาน/ที่ทำงานใหม่, รายได้เปลี่ยนแปลงอย่างมีนัยสำคัญ (เพิ่มขึ้นหรือลดลง)",ไม่มีแต่สามารถติดตั้งเพิ่มได้,เคยเฉพาะ Hybrid,3,ทราบ แต่คิดว่าไม่ต่างกันมาก,ทราบแต่ไม่เคยพิจารณา,3,4,5 (เห็นด้วยอย่างยิ่ง),5 (เห็นด้วยอย่างยิ่ง),4
"1/8/2026, 12:37:56",ชาย,20-23 ปี,1 คน,ปริญญาตรี,นักเรียน / นักศึกษา,3-4 คน,บ้านเดี่ยว / บ้านแฝด,เช่า,มีที่จอดรถส่วนตัว,"15,001-25,000 บาท",มี,ขับนอกเมือง,ใช้งานทุกวัน,น้อยกว่า 10 กิโลเมตร,อายุการใช้งาน,รถยนต์ไฮบริด (Hybrid),ค่าน้ำมัน,"ต่ำกว่า 500,000 บาท",เพื่อหลีกเลี่ยงปัญหาจากระบบการขนส่งมวลชน,มีแนวโน้มที่จะซื้อ,รถยนต์ไฮบริด (Hybrid),เทคโนโลยีและความทันสมัย,5,4,4,4,3,5,3,5,5,5,3,4,5,4,5,4,4,4,4,4,5,4,6,5,4,รายได้เปลี่ยนแปลงอย่างมีนัยสำคัญ (เพิ่มขึ้นหรือลดลง),ไม่มีและไม่สามารถติดตั้งได้ (เช่น คอนโด/หอพักที่ไม่อนุญาต),เคยเฉพาะ EV,5,ทราบ แต่คิดว่าไม่ต่างกันมาก,ทราบและเคยพิจารณาใช้สิทธิ์,5 (เห็นด้วยอย่างยิ่ง),4,5 (เห็นด้วยอย่างยิ่ง),4,3
"1/8/2026, 12:37:58",หญิง,24-26 ปี,ไม่มีบุตร,ปริญญาเอก,พนักงานเอกชน,3-4 คน,บ้านเดี่ยว / บ้านแฝด,เช่า,มีที่จอดรถส่วนตัว,"ต่ำกว่า 15,000 บาท","ไม่มี (หากตอบ ""ไม่มี"" ให้ข้ามไปตอบตอนที่ 3)",,,,,,เทคโนโลยีและฟังก์ชันภายในรถ,"500,001-800,000 บาท",เพื่อใช้ในการเดินทางท่องเที่ยว,ยังไม่มีแนวโน้มที่จะซื้อ,รถยนต์ไฟฟ้า (EV),ราคาซื้อเริ่มต้น,4,5,5,4,4,5,4,4,4,5,5,4,5,3,5,3,4,5,4,5,5,3,4,6,1,"รายได้เปลี่ยนแปลงอย่างมีนัยสำคัญ (เพิ่มขึ้นหรือลดลง), ไม่มีเหตุการณ์ข้างต้น",ไม่มีและไม่สามารถติดตั้งได้ (เช่น คอนโด/หอพักที่ไม่อนุญาต),เคยเฉพาะ EV,5,ทราบ แต่คิดว่าถูกกว่าเล็กน้อย,ทราบและเคยพิจารณาใช้สิทธิ์,4,5 (เห็นด้วยอย่างยิ่ง),5 (เห็นด้วยอย่างยิ่ง),5 (เห็นด้วยอย่างยิ่ง),3
"1/8/2026, 12:37:59",หญิง,20-23 ปี,2 คน,ปริญญาตรี,อาชีพอิสระ,5 คนขึ้นไป,บ้านเดี่ยว / บ้านแฝด,เช่า,มีที่จอดรถส่วนตัว,"15,001-25,000 บาท","ไม่มี (หากตอบ ""ไม่มี"" ให้ข้ามไปตอบตอนที่ 3)",,,,,,ราคา,"800,001-1,200,000 บาท",เพื่อหลีกเลี่ยงปัญหาจากระบบการขนส่งมวลชน,มีแนวโน้มที่จะซื้อ,รถยนต์สันดาป (ดีเซล / เบนซิน),ค่าบำรุงรักษา,3,3,4,5,4,5,5,3,3,5,5,5,3,3,4,4,4,4,4,5,5,6,5,2,4,ไม่มีเหตุการณ์ข้างต้น,ไม่มีแต่สามารถติดตั้งเพิ่มได้,เคยเฉพาะ Hybrid,6,ทราบ แต่คิดว่าถูกกว่าเล็กน้อย,ทราบแต่ไม่เคยพิจารณา,5 (เห็นด้วยอย่างยิ่ง),5 (เห็นด้วยอย่างยิ่ง),4,5 (เห็นด้วยอย่างยิ่ง),3
"1/8/2026, 12:38:03",ชาย,20-23 ปี,ไม่มีบุตร,ปริญญาตรี,นักเรียน / นักศึกษา,5 คนขึ้นไป,บ้านเดี่ยว / บ้านแฝด,เป็นเจ้าของ,มีที่จอดรถส่วนตัว,"ต่ำกว่า 15,000 บาท","ไม่มี (หากตอบ ""ไม่มี"" ให้ข้ามไปตอบตอนที่ 3)",,,,,,ความคุ้มค่าโดยรวม,"500,001-800,000 บาท","เพื่อใช้ในการเดินทางไปทำงาน, เพื่อใช้ในการค้าขาย, เพื่อหลีกเลี่ยงปัญหาจากระบบการขนส่งมวลชน",มีแนวโน้มที่จะซื้อ,รถยนต์ไฮบริด (Hybrid),"ประหยัดค่าเชื้อเพลิง, เทคโนโลยีและความทันสมัย",5,3,5,4,5,4,2,5,3,5,4,5,5,4,3,3,5,5,5,5,4,3,5,3,7,"รายได้เปลี่ยนแปลงอย่างมีนัยสำคัญ (เพิ่มขึ้นหรือลดลง), ไม่มีเหตุการณ์ข้างต้น",ไม่มีแต่สามารถติดตั้งเพิ่มได้,เคยเฉพาะ EV,5,ทราบ และคิดว่าถูกกว่ามาก,ทราบและเคยพิจารณาใช้สิทธิ์,4,4,3,5 (เห็นด้วยอย่างยิ่ง),3
"1/8/2026, 12:38:04",ชาย,31-40 ปี,ไม่มีบุตร,ปวช. / ปวส.,ค้าขาย,5 คนขึ้นไป,บ้านเดี่ยว / บ้านแฝด,เป็นเจ้าของ,มีที่จอดรถส่วนตัว,"35,001-50,000 บาท",มี,ขับนอกเมือง,5-6 วัน / สัปดาห์,10-30 กิโลเมตร,"ราคาน้ำมัน, มูลค่าการขายต่อ",รถยนต์สันดาป (ดีเซล / เบนซิน),การรับประกันและบริการหลังการขาย,"800,001-1,200,000 บาท","เพื่อใช้ในการเดินทางไปทำงาน, เพื่อใช้ในการเดินทางท่องเที่ยว",มีแนวโน้มที่จะซื้อ,รถยนต์สันดาป (ดีเซล / เบนซิน),ความสะดวกในการใช้งาน,5,5,5,5,5,4,5,4,5,3,4,5,4,4,5,4,4,4,5,4,4,4,6,6,4,ไม่มีเหตุการณ์ข้างต้น,ไม่มีแต่สามารถติดตั้งเพิ่มได้,เคยเฉพาะ EV,6,ทราบ และคิดว่าถูกกว่ามาก,ทราบและเคยพิจารณาใช้สิทธิ์,5 (เห็นด้วยอย่างยิ่ง),5 (เห็นด้วยอย่างยิ่ง),4,5 (เห็นด้วยอย่างยิ่ง),3
"1/8/2026, 12:38:06",หญิง,มากกว่า 60 ปี,ไม่มีบุตร,ปริญญาตรี,เจ้าของกิจการ,3-4 คน,บ้านเดี่ยว / บ้านแฝด,พักอาศัยกับครอบครัว / ผู้อื่น,มีที่จอดรถส่วนตัว,"35,001-50,000 บาท","ไม่มี (หากตอบ ""ไม่มี"" ให้ข้ามไปตอบตอนที่ 3)",,,,,,เทคโนโลยีและฟังก์ชันภายในรถ,"800,001-1,200,000 บาท",เพื่อหลีกเลี่ยงปัญหาจากระบบการขนส่งมวลชน,มีแนวโน้มที่จะซื้อ,รถยนต์สันดาป (ดีเซล / เบนซิน),"ค่าบำรุงรักษา, ความสะดวกในการใช้งาน",4,5,5,3,4,4,5,4,4,5,5,4,4,5,5,2,4,5,5,5,5,5,6,5,3,รายได้เปลี่ยนแปลงอย่างมีนัยสำคัญ (เพิ่มขึ้นหรือลดลง),ไม่มีและไม่สามารถติดตั้งได้ (เช่น คอนโด/หอพักที่ไม่อนุญาต),เคยเฉพาะ EV,4,ทราบ แต่คิดว่าไม่ต่างกันมาก,ทราบแต่ไม่เคยพิจารณา,5 (เห็นด้วยอย่างยิ่ง),3,4,5 (เห็นด้วยอย่างยิ่ง),3
"1/8/2026, 12:38:10",หญิง,20-23 ปี,ไม่มีบุตร,ปวช. / ปวส.,อาชีพอิสระ,1-2 คน,บ้านเดี่ยว / บ้านแฝด,เป็นเจ้าของ,มีที่จอดรถส่วนตัว,"35,001-50,000 บาท",มี,ขับในเมือง,ใช้งานทุกวัน,31-50 กิโลเมตร,"ราคาน้ำมัน, ค่าใช้จ่ายในการซ่อมบำรุง",รถยนต์สันดาป (ดีเซล / เบนซิน),เทคโนโลยีและฟังก์ชันภายในรถ,"800,001-1,200,000 บาท",เพื่อใช้ในการเดินทางท่องเที่ยว,มีแนวโน้มที่จะซื้อ,รถยนต์ไฟฟ้า (EV),ค่าบำรุงรักษา,5,4,4,4,5,3,5,4,4,5,4,5,5,5,4,4,4,3,5,5,4,4,5,5,7,ไม่มีเหตุการณ์ข้างต้น,ไม่มีแต่สามารถติดตั้งเพิ่มได้,เคยเฉพาะ EV,6,ทราบ และคิดว่าถูกกว่ามาก,ทราบและเคยพิจารณาใช้สิทธิ์,5 (เห็นด้วยอย่างยิ่ง),3,4,4,5 (เห็นด้วยอย่างยิ่ง)
"1/8/2026, 12:38:11",หญิง,มากกว่า 60 ปี,1 คน,ม.3,อาชีพอิสระ,5 คนขึ้นไป,คอนโด / อพาร์ตเมนต์ / หอพัก,พักอาศัยกับครอบครัว / ผู้อื่น,มีที่จอดรถส่วนตัว,"15,001-25,000 บาท",มี,ขับในเมือง,ใช้งานทุกวัน,น้อยกว่า 10 กิโลเมตร,ศูนย์บริการและอะไหล่,รถยนต์สันดาป (ดีเซล / เบนซิน),"ราคา, เทคโนโลยีและฟังก์ชันภายในรถ","500,001-800,000 บาท",เพื่อหลีกเลี่ยงปัญหาจากระบบการขนส่งมวลชน,ยังไม่มีแนวโน้มที่จะซื้อ,รถยนต์ไฟฟ้า (EV),"ค่าบำรุงรักษา, เทคโนโลยีและความทันสมัย",3,4,5,5,4,5,2,5,5,5,5,4,5,5,5,3,5,4,5,4,5,4,2,3,6,ไม่มีเหตุการณ์ข้างต้น,ไม่มีและไม่สามารถติดตั้งได้ (เช่น คอนโด/หอพักที่ไม่อนุญาต),เคยเฉพาะ Hybrid,5,ทราบ และคิดว่าถูกกว่ามาก,ไม่ทราบเลย,4,4,4,5 (เห็นด้วยอย่างยิ่ง),5 (เห็นด้วยอย่างยิ่ง)
"1/8/2026, 12:38:16",หญิง,51-60 ปี,2 คน,ปวช. / ปวส.,พนักงานเอกชน,3-4 คน,บ้านเดี่ยว / บ้านแฝด,เช่า,มีที่จอดรถส่วนตัว,"มากกว่า 75,000","ไม่มี (หากตอบ ""ไม่มี"" ให้ข้ามไปตอบตอนที่ 3)",,,,,,สมรรถนะในการขับขี่,"1,200,000-1,500,000 บาท",เพื่อความสะดวกในการเดินทาง,ยังไม่มีแนวโน้มที่จะซื้อ,รถยนต์ไฮบริด (Hybrid),ความสะดวกในการใช้งาน,4,4,4,5,3,3,3,5,5,4,5,3,5,4,5,4,3,4,4,4,5,4,3,3,2,รายได้เปลี่ยนแปลงอย่างมีนัยสำคัญ (เพิ่มขึ้นหรือลดลง),ไม่มีและไม่สามารถติดตั้งได้ (เช่น คอนโด/หอพักที่ไม่อนุญาต),ไม่เคยเลย,4,ทราบ แต่คิดว่าถูกกว่าเล็กน้อย,ทราบแต่ไม่เคยพิจารณา,3,2,5 (เห็นด้วยอย่างยิ่ง),4,5 (เห็นด้วยอย่างยิ่ง)
"1/8/2026, 12:38:17",หญิง,24-26 ปี,2 คน,ปริญญาตรี,ค้าขาย,3-4 คน,บ้านเดี่ยว / บ้านแฝด,เป็นเจ้าของ,มีที่จอดรถส่วนตัว,"ต่ำกว่า 15,000 บาท",มี,ขับนอกเมือง,1-2 วัน / สัปดาห์,10-30 กิโลเมตร,ศูนย์บริการและอะไหล่,รถยนต์ไฟฟ้า (EV),"ค่าน้ำมัน, ความคุ้มค่าโดยรวม","800,001-1,200,000 บาท",เพื่อหลีกเลี่ยงปัญหาจากระบบการขนส่งมวลชน,มีแนวโน้มที่จะซื้อ,รถยนต์ไฮบริด (Hybrid),ค่าบำรุงรักษา,5,5,5,4,4,4,3,5,4,3,4,5,4,5,5,5,5,4,5,5,5,6,5,4,5,"เปลี่ยนงาน/ที่ทำงานใหม่, รายได้เปลี่ยนแปลงอย่างมีนัยสำคัญ (เพิ่มขึ้นหรือลดลง)",ไม่มีแต่สามารถติดตั้งเพิ่มได้,ไม่เคยเลย,5,ทราบ และคิดว่าถูกกว่ามาก,ไม่ทราบเลย,5 (เห็นด้วยอย่างยิ่ง),5 (เห็นด้วยอย่างยิ่ง),5 (เห็นด้วยอย่างยิ่ง),5 (เห็นด้วยอย่างยิ่ง),3
"1/8/2026, 12:38:18",ชาย,20-23 ปี,1 คน,ปริญญาตรี,นักเรียน / นักศึกษา,3-4 คน,บ้านเดี่ยว / บ้านแฝด,เป็นเจ้าของ,มีที่จอดรถส่วนตัว,"25,001-35,000 บาท",มี,ขับทั้งในเมืองและนอกเมือง,5-6 วัน / สัปดาห์,น้อยกว่า 10 กิโลเมตร,ศูนย์บริการและอะไหล่,รถยนต์สันดาป (ดีเซล / เบนซิน),สมรรถนะในการขับขี่,"1,200,000-1,500,000 บาท","เพื่อใช้ในการเดินทางท่องเที่ยว, เพื่อหลีกเลี่ยงปัญหาจากระบบการขนส่งมวลชน",มีแนวโน้มที่จะซื้อ,รถยนต์ไฮบริด (Hybrid),"ค่าบำรุงรักษา, เป็นมิตรต่อสิ่งแวดล้อม",4,4,3,4,4,3,5,5,4,5,5,4,5,3,5,4,5,3,5,5,4,6,1,3,6,ไม่มีเหตุการณ์ข้างต้น,ไม่มีและไม่สามารถติดตั้งได้ (เช่น คอนโด/หอพักที่ไม่อนุญาต),เคยทั้ง EV และ Hybrid,6,ไม่ทราบเลย,ทราบแต่ไม่เคยพิจารณา,3,5 (เห็นด้วยอย่างยิ่ง),5 (เห็นด้วยอย่างยิ่ง),4,5 (เห็นด้วยอย่างยิ่ง)
"1/8/2026, 12:38:19",ชาย,20-23 ปี,1 คน,ปริญญาตรี,อาชีพอิสระ,5 คนขึ้นไป,บ้านเดี่ยว / บ้านแฝด,เช่า,มีที่จอดรถส่วนตัว,"35,001-50,000 บาท",มี,ขับนอกเมือง,ใช้งานทุกวัน,10-30 กิโลเมตร,ค่าไฟฟ้า,"รถยนต์สันดาป (ดีเซล / เบนซิน), รถยนต์ไฮบริด (Hybrid), รถยนต์ไฟฟ้า (EV)","ค่าน้ำมัน, ความคุ้มค่าโดยรวม","500,001-800,000 บาท",เพื่อใช้ในการเดินทางท่องเที่ยว,มีแนวโน้มที่จะซื้อ,รถยนต์สันดาป (ดีเซล / เบนซิน),เทคโนโลยีและความทันสมัย,5,4,5,4,5,5,4,5,3,5,5,4,5,4,5,4,3,4,3,3,4,2,5,3,1,"รายได้เปลี่ยนแปลงอย่างมีนัยสำคัญ (เพิ่มขึ้นหรือลดลง), ไม่มีเหตุการณ์ข้างต้น",ไม่มีและไม่สามารถติดตั้งได้ (เช่น คอนโด/หอพักที่ไม่อนุญาต),เคยเฉพาะ EV,3,ทราบ แต่คิดว่าไม่ต่างกันมาก,ทราบแต่ไม่เคยพิจารณา,5 (เห็นด้วยอย่างยิ่ง),5 (เห็นด้วยอย่างยิ่ง),3,4,4
"1/8/2026, 12:38:20",หญิง,20-23 ปี,3 คน,ปริญญาตรี,พนักงานเอกชน,3-4 คน,คอนโด / อพาร์ตเมนต์ / หอพัก,เป็นเจ้าของ,มีที่จอดรถส่วนตัว,"25,001-35,000 บาท",มี,ขับทั้งในเมืองและนอกเมือง,5-6 วัน / สัปดาห์,น้อยกว่า 10 กิโลเมตร,มูลค่าการขายต่อ,"รถยนต์สันดาป (ดีเซล / เบนซิน), รถยนต์ไฟฟ้า (EV)",เทคโนโลยีและฟังก์ชันภายในรถ,"500,001-800,000 บาท","เพื่อใช้ในการเดินทางไปทำงาน, เพื่อความสะดวกในการเดินทาง",มีแนวโน้มที่จะซื้อ,รถยนต์ไฟฟ้า (EV),"ความสะดวกในการใช้งาน, เทคโนโลยีและความทันสมัย",4,5,3,5,5,3,3,4,4,3,3,5,5,5,4,3,3,5,5,4,5,3,2,6,4,ไม่มีเหตุการณ์ข้างต้น,ไม่มีและไม่สามารถติดตั้งได้ (เช่น คอนโด/หอพักที่ไม่อนุญาต),เคยทั้ง EV และ Hybrid,4,ทราบ แต่คิดว่าไม่ต่างกันมาก,ทราบแต่ไม่เคยพิจารณา,3,4,5 (เห็นด้วยอย่างยิ่ง),5 (เห็นด้วยอย่างยิ่ง),4
"1/8/2026, 12:38:21",หญิง,31-40 ปี,1 คน,ปริญญาโท,ข้าราชการ,5 คนขึ้นไป,บ้านเดี่ยว / บ้านแฝด,เช่า,มีที่จอดรถส่วนตัว,"15,001-25,000 บาท",มี,ขับในเมือง,ใช้งานทุกวัน,31-50 กิโลเมตร,ปั๊มน้ำมัน / สถานีชาร์จ,รถยนต์สันดาป (ดีเซล / เบนซิน),การรับประกันและบริการหลังการขาย,"800,001-1,200,000 บาท","เพื่อความสะดวกในการเดินทาง, เพื่อหลีกเลี่ยงปัญหาจากระบบการขนส่งมวลชน",มีแนวโน้มที่จะซื้อ,รถยนต์ไฮบริด (Hybrid),ความสะดวกในการใช้งาน,5,4,4,5,5,5,4,5,3,5,5,5,5,5,5,5,4,5,4,4,4,4,3,6,5,ไม่มีเหตุการณ์ข้างต้น,ไม่มีและไม่สามารถติดตั้งได้ (เช่น คอนโด/หอพักที่ไม่อนุญาต),เคยเฉพาะ EV,4,ทราบ แต่คิดว่าไม่ต่างกันมาก,ไม่ทราบเลย,4,5 (เห็นด้วยอย่างยิ่ง),3,5 (เห็นด้วยอย่างยิ่ง),4
"1/8/2026, 12:38:24",ชาย,31-40 ปี,1 คน,ปริญญาตรี,อาชีพอิสระ,5 คนขึ้นไป,บ้านเดี่ยว / บ้านแฝด,เป็นเจ้าของ,มีที่จอดรถส่วนตัว,"50,001-75,000 บาท","ไม่มี (หากตอบ ""ไม่มี"" ให้ข้ามไปตอบตอนที่ 3)",,,,,,เทคโนโลยีและฟังก์ชันภายในรถ,"ต่ำกว่า 500,000 บาท",เพื่อหลีกเลี่ยงปัญหาจากระบบการขนส่งมวลชน,มีแนวโน้มที่จะซื้อ,รถยนต์ไฮบริด (Hybrid),ค่าบำรุงรักษา,5,3,4,5,3,4,5,4,3,3,5,5,5,4,4,5,5,4,5,5,3,5,3,6,5,ไม่มีเหตุการณ์ข้างต้น,ไม่มีและไม่สามารถติดตั้งได้ (เช่น คอนโด/หอพักที่ไม่อนุญาต),เคยเฉพาะ EV,4,ทราบ แต่คิดว่าไม่ต่างกันมาก,ทราบแต่ไม่เคยพิจารณา,5 (เห็นด้วยอย่างยิ่ง),4,5 (เห็นด้วยอย่างยิ่ง),3,4
"1/8/2026, 12:38:25",ชาย,51-60 ปี,ไม่มีบุตร,ต่ำกว่า ม.3,ค้าขาย,5 คนขึ้นไป,บ้านเดี่ยว / บ้านแฝด,พักอาศัยกับครอบครัว / ผู้อื่น,มีที่จอดรถส่วนตัว,"15,001-25,000 บาท","ไม่มี (หากตอบ ""ไม่มี"" ให้ข้ามไปตอบตอนที่ 3)",,,,,,"ความสามารถในการผ่อนชำระ, ค่าน้ำมัน, เทคโนโลยีและฟังก์ชันภายในรถ","500,001-800,000 บาท",เพื่อหลีกเลี่ยงปัญหาจากระบบการขนส่งมวลชน,มีแนวโน้มที่จะซื้อ,รถยนต์ไฮบริด (Hybrid),"ราคาซื้อเริ่มต้น, ประหยัดค่าเชื้อเพลิง",3,5,5,5,4,4,3,5,5,5,5,3,4,4,4,5,5,5,5,5,5,3,5,3,6,ไม่มีเหตุการณ์ข้างต้น,ไม่มีและไม่สามารถติดตั้งได้ (เช่น คอนโด/หอพักที่ไม่อนุญาต),เคยเฉพาะ EV,3,ไม่ทราบเลย,ไม่ทราบเลย,4,3,5 (เห็นด้วยอย่างยิ่ง),4,4
"1/8/2026, 12:38:27",หญิง,27-30 ปี,ไม่มีบุตร,ปริญญาตรี,นักเรียน / นักศึกษา,3-4 คน,คอนโด / อพาร์ตเมนต์ / หอพัก,เช่า,มีที่จอดรถส่วนตัว,"ต่ำกว่า 15,000 บาท",มี,ขับนอกเมือง,5-6 วัน / สัปดาห์,น้อยกว่า 10 กิโลเมตร,"ราคาน้ำมัน, อายุการใช้งาน, มูลค่าการขายต่อ",รถยนต์สันดาป (ดีเซล / เบนซิน),"ค่าซ่อมบำรุง, ความคุ้มค่าโดยรวม","800,001-1,200,000 บาท",เพื่อใช้ในการเดินทางท่องเที่ยว,มีแนวโน้มที่จะซื้อ,รถยนต์สันดาป (ดีเซล / เบนซิน),ค่าบำรุงรักษา,4,5,5,5,4,5,4,4,5,4,5,3,4,4,5,5,4,4,5,4,5,3,6,6,5,รายได้เปลี่ยนแปลงอย่างมีนัยสำคัญ (เพิ่มขึ้นหรือลดลง),ไม่มีแต่สามารถติดตั้งเพิ่มได้,เคยเฉพาะ EV,4,ทราบ แต่คิดว่าถูกกว่าเล็กน้อย,ทราบแต่ไม่เคยพิจารณา,3,5 (เห็นด้วยอย่างยิ่ง),4,5 (เห็นด้วยอย่างยิ่ง),3
"1/8/2026, 12:38:32",หญิง,27-30 ปี,3 คน,ปริญญาตรี,นักเรียน / นักศึกษา,3-4 คน,คอนโด / อพาร์ตเมนต์ / หอพัก,เช่า,มีที่จอดรถส่วนตัว,"15,001-25,000 บาท",มี,ขับในเมือง,ใช้เป็นครั้งคราว,51-70 กิโลเมตร,ศูนย์บริการและอะไหล่,"รถยนต์สันดาป (ดีเซล / เบนซิน), รถยนต์ไฮบริด (Hybrid)","รูปลักษณ์ / ดีไซน์, เทคโนโลยีและฟังก์ชันภายในรถ, ความคุ้มค่าโดยรวม","800,001-1,200,000 บาท",เพื่อใช้ในการเดินทางท่องเที่ยว,ยังไม่มีแนวโน้มที่จะซื้อ,รถยนต์สันดาป (ดีเซล / เบนซิน),ความสะดวกในการใช้งาน,5,4,4,5,4,5,4,5,4,5,5,4,5,5,4,4,4,5,5,4,5,5,4,5,6,รายได้เปลี่ยนแปลงอย่างมีนัยสำคัญ (เพิ่มขึ้นหรือลดลง),ไม่มีและไม่สามารถติดตั้งได้ (เช่น คอนโด/หอพักที่ไม่อนุญาต),เคยทั้ง EV และ Hybrid,5,ไม่ทราบเลย,ทราบแต่ไม่เคยพิจารณา,3,5 (เห็นด้วยอย่างยิ่ง),4,4,4
"1/8/2026, 12:38:34",หญิง,51-60 ปี,ไม่มีบุตร,ม.3,ค้าขาย,5 คนขึ้นไป,บ้านเดี่ยว / บ้านแฝด,เป็นเจ้าของ,มีที่จอดรถส่วนตัว,"35,001-50,000 บาท",มี,ขับทั้งในเมืองและนอกเมือง,5-6 วัน / สัปดาห์,น้อยกว่า 10 กิโลเมตร,"ราคาน้ำมัน, ศูนย์บริการและอะไหล่",รถยนต์สันดาป (ดีเซล / เบนซิน),"ความสามารถในการผ่อนชำระ, ค่าซ่อมบำรุง","1,200,000-1,500,000 บาท","เพื่อใช้ในการเดินทางไปทำงาน, เพื่อใช้ในการเดินทางท่องเที่ยว",ยังไม่มีแนวโน้มที่จะซื้อ,รถยนต์สันดาป (ดีเซล / เบนซิน),ค่าบำรุงรักษา,4,5,4,5,5,3,5,5,4,5,4,3,5,5,3,5,5,3,5,4,3,4,7,7,4,ไม่มีเหตุการณ์ข้างต้น,ไม่มีและไม่สามารถติดตั้งได้ (เช่น คอนโด/หอพักที่ไม่อนุญาต),เคยทั้ง EV และ Hybrid,3,ไม่ทราบเลย,ทราบและเคยพิจารณาใช้สิทธิ์,5 (เห็นด้วยอย่างยิ่ง),5 (เห็นด้วยอย่างยิ่ง),4,3,3
"1/8/2026, 12:38:36",ชาย,20-23 ปี,1 คน,ปริญญาตรี,นักเรียน / นักศึกษา,5 คนขึ้นไป,บ้านเดี่ยว / บ้านแฝด,เช่า,มีที่จอดรถส่วนกลาง / เช่า,"15,001-25,000 บาท",มี,ขับทั้งในเมืองและนอกเมือง,5-6 วัน / สัปดาห์,10-30 กิโลเมตร,ราคาน้ำมัน,รถยนต์สันดาป (ดีเซล / เบนซิน),"ค่าน้ำมัน, รูปลักษณ์ / ดีไซน์","800,001-1,200,000 บาท",เพื่อหลีกเลี่ยงปัญหาจากระบบการขนส่งมวลชน,ยังไม่มีแนวโน้มที่จะซื้อ,รถยนต์สันดาป (ดีเซล / เบนซิน),ความสะดวกในการใช้งาน,4,5,5,4,5,5,5,4,5,2,5,5,4,5,5,4,4,5,5,3,5,5,4,3,3,ไม่มีเหตุการณ์ข้างต้น,ไม่มีและไม่สามารถติดตั้งได้ (เช่น คอนโด/หอพักที่ไม่อนุญาต),เคยทั้ง EV และ Hybrid,5,ทราบ แต่คิดว่าไม่ต่างกันมาก,ทราบแต่ไม่เคยพิจารณา,3,5 (เห็นด้วยอย่างยิ่ง),5 (เห็นด้วยอย่างยิ่ง),4,4
"1/8/2026, 12:38:41",หญิง,24-26 ปี,2 คน,ปริญญาตรี,นักเรียน / นักศึกษา,5 คนขึ้นไป,คอนโด / อพาร์ตเมนต์ / หอพัก,เป็นเจ้าของ,มีที่จอดรถส่วนตัว,"15,001-25,000 บาท",มี,ขับในเมือง,ใช้งานทุกวัน,น้อยกว่า 10 กิโลเมตร,"ศูนย์บริการและอะไหล่, อายุการใช้งาน, ค่าใช้จ่ายในการซ่อมบำรุง","รถยนต์สันดาป (ดีเซล / เบนซิน), รถยนต์ไฮบริด (Hybrid)",สมรรถนะในการขับขี่,"500,001-800,000 บาท",เพื่อหลีกเลี่ยงปัญหาจากระบบการขนส่งมวลชน,ยังไม่มีแนวโน้มที่จะซื้อ,รถยนต์สันดาป (ดีเซล / เบนซิน),ความสะดวกในการใช้งาน,5,5,5,5,5,5,4,5,5,5,5,5,5,3,4,5,5,5,5,5,5,3,3,5,5,ไม่มีเหตุการณ์ข้างต้น,มีอยู่แล้ว,เคยเฉพาะ EV,4,ทราบ แต่คิดว่าไม่ต่างกันมาก,ทราบและเคยพิจารณาใช้สิทธิ์,4,5 (เห็นด้วยอย่างยิ่ง),4,4,4
"1/8/2026, 12:38:44",หญิง,51-60 ปี,ไม่มีบุตร,ปริญญาโท,ข้าราชการ,5 คนขึ้นไป,บ้านเดี่ยว / บ้านแฝด,เช่า,มีที่จอดรถส่วนกลาง / เช่า,"15,001-25,000 บาท",มี,ขับนอกเมือง,1-2 วัน / สัปดาห์,51-70 กิโลเมตร,"ราคาน้ำมัน, ปั๊มน้ำมัน / สถานีชาร์จ",รถยนต์สันดาป (ดีเซล / เบนซิน),"ค่าซ่อมบำรุง, รูปลักษณ์ / ดีไซน์","มากกว่า 1,500,000 บาท","เพื่อใช้ในการเดินทางท่องเที่ยว, เพื่อหลีกเลี่ยงปัญหาจากระบบการขนส่งมวลชน",มีแนวโน้มที่จะซื้อ,รถยนต์ไฟฟ้า (EV),ความสะดวกในการใช้งาน,4,5,5,5,3,5,5,4,5,4,4,5,4,4,5,4,5,5,4,5,4,6,4,7,6,มีบุตร/สมาชิกครอบครัวเพิ่ม,ไม่มีแต่สามารถติดตั้งเพิ่มได้,ไม่เคยเลย,2,ทราบ แต่คิดว่าไม่ต่างกันมาก,ทราบแต่ไม่เคยพิจารณา,2,4,4,4,3
"1/8/2026, 12:38:45",หญิง,20-23 ปี,ไม่มีบุตร,ปริญญาตรี,นักเรียน / นักศึกษา,5 คนขึ้นไป,บ้านเดี่ยว / บ้านแฝด,เป็นเจ้าของ,มีที่จอดรถส่วนตัว,"15,001-25,000 บาท",มี,ขับนอกเมือง,ใช้งานทุกวัน,10-30 กิโลเมตร,ราคาน้ำมัน,รถยนต์สันดาป (ดีเซล / เบนซิน),"ค่าซ่อมบำรุง, เทคโนโลยีและฟังก์ชันภายในรถ","500,001-800,000 บาท",เพื่อใช้ในการเดินทางท่องเที่ยว,มีแนวโน้มที่จะซื้อ,รถยนต์สันดาป (ดีเซล / เบนซิน),ค่าบำรุงรักษา,5,4,5,5,5,5,5,5,5,5,5,5,5,4,5,4,3,5,4,3,5,3,3,6,4,ไม่มีเหตุการณ์ข้างต้น,ไม่มีและไม่สามารถติดตั้งได้ (เช่น คอนโด/หอพักที่ไม่อนุญาต),ไม่เคยเลย,3,ทราบ และคิดว่าถูกกว่ามาก,ทราบแต่ไม่เคยพิจารณา,5 (เห็นด้วยอย่างยิ่ง),4,3,4,5 (เห็นด้วยอย่างยิ่ง)
"1/8/2026, 12:38:47",ชาย,มากกว่า 60 ปี,ไม่มีบุตร,ม.3,เจ้าของกิจการ,3-4 คน,ทาวน์โฮม / ทาวเฮาท์,เช่า,มีที่จอดรถส่วนกลาง / เช่า,"15,001-25,000 บาท",มี,ขับในเมือง,ใช้งานทุกวัน,น้อยกว่า 10 กิโลเมตร,ศูนย์บริการและอะไหล่,"รถยนต์สันดาป (ดีเซล / เบนซิน), รถยนต์ไฟฟ้า (EV)",รูปลักษณ์ / ดีไซน์,"800,001-1,200,000 บาท",เพื่อใช้ในการเดินทางไปทำงาน,ยังไม่มีแนวโน้มที่จะซื้อ,รถยนต์ไฟฟ้า (EV),ค่าบำรุงรักษา,5,5,5,4,3,3,4,4,3,4,5,5,5,5,5,4,4,4,4,4,5,5,4,7,6,ไม่มีเหตุการณ์ข้างต้น,ไม่มีแต่สามารถติดตั้งเพิ่มได้,เคยทั้ง EV และ Hybrid,5,ทราบ แต่คิดว่าไม่ต่างกันมาก,ทราบและเคยพิจารณาใช้สิทธิ์,5 (เห็นด้วยอย่างยิ่ง),3,4,5 (เห็นด้วยอย่างยิ่ง),4
"1/8/2026, 12:38:51",หญิง,20-23 ปี,1 คน,ปริญญาตรี,นักเรียน / นักศึกษา,3-4 คน,บ้านเดี่ยว / บ้านแฝด,เป็นเจ้าของ,มีที่จอดรถส่วนตัว,"15,001-25,000 บาท","ไม่มี (หากตอบ ""ไม่มี"" ให้ข้ามไปตอบตอนที่ 3)",,,,,,ค่าน้ำมัน,"500,001-800,000 บาท",เพื่อความสะดวกในการเดินทาง,ยังไม่มีแนวโน้มที่จะซื้อ,รถยนต์สันดาป (ดีเซล / เบนซิน),ค่าบำรุงรักษา,5,4,4,4,5,5,5,5,4,5,4,5,5,5,5,4,4,4,4,5,4,3,6,7,6,"เปลี่ยนงาน/ที่ทำงานใหม่, รายได้เปลี่ยนแปลงอย่างมีนัยสำคัญ (เพิ่มขึ้นหรือลดลง), ไม่มีเหตุการณ์ข้างต้น",ไม่มีและไม่สามารถติดตั้งได้ (เช่น คอนโด/หอพักที่ไม่อนุญาต),ไม่เคยเลย,5,ทราบ แต่คิดว่าถูกกว่าเล็กน้อย,ทราบและเคยพิจารณาใช้สิทธิ์,4,5 (เห็นด้วยอย่างยิ่ง),4,3,4
"1/8/2026, 12:38:52",หญิง,20-23 ปี,1 คน,ปริญญาตรี,นักเรียน / นักศึกษา,5 คนขึ้นไป,คอนโด / อพาร์ตเมนต์ / หอพัก,เป็นเจ้าของ,มีที่จอดรถส่วนตัว,"15,001-25,000 บาท","ไม่มี (หากตอบ ""ไม่มี"" ให้ข้ามไปตอบตอนที่ 3)",,,,,,"ค่าซ่อมบำรุง, การรับประกันและบริการหลังการขาย","500,001-800,000 บาท",เพื่อใช้ในการเดินทางไปทำงาน,มีแนวโน้มที่จะซื้อ,รถยนต์สันดาป (ดีเซล / เบนซิน),"ราคาซื้อเริ่มต้น, ความสะดวกในการใช้งาน, เทคโนโลยีและความทันสมัย",5,5,5,5,5,5,5,5,4,3,4,4,2,5,5,4,4,5,4,5,5,3,2,5,3,รายได้เปลี่ยนแปลงอย่างมีนัยสำคัญ (เพิ่มขึ้นหรือลดลง),ไม่มีแต่สามารถติดตั้งเพิ่มได้,เคยเฉพาะ EV,6,ทราบ แต่คิดว่าถูกกว่าเล็กน้อย,ทราบและเคยพิจารณาใช้สิทธิ์,5 (เห็นด้วยอย่างยิ่ง),5 (เห็นด้วยอย่างยิ่ง),4,4,3
"1/8/2026, 12:38:53",หญิง,41-50 ปี,ไม่มีบุตร,ปวช. / ปวส.,พนักงานเอกชน,3-4 คน,ทาวน์โฮม / ทาวเฮาท์,เช่า,มีที่จอดรถส่วนตัว,"15,001-25,000 บาท",มี,ขับในเมือง,5-6 วัน / สัปดาห์,10-30 กิโลเมตร,ศูนย์บริการและอะไหล่,รถยนต์สันดาป (ดีเซล / เบนซิน),"ความสามารถในการผ่อนชำระ, ค่าน้ำมัน, สมรรถนะในการขับขี่","500,001-800,000 บาท",เพื่อหลีกเลี่ยงปัญหาจากระบบการขนส่งมวลชน,มีแนวโน้มที่จะซื้อ,รถยนต์สันดาป (ดีเซล / เบนซิน),ค่าบำรุงรักษา,5,5,4,4,5,4,4,4,5,5,3,4,4,5,5,5,5,3,5,4,5,5,4,5,6,ไม่มีเหตุการณ์ข้างต้น,ไม่มีแต่สามารถติดตั้งเพิ่มได้,เคยเฉพาะ EV,3,ทราบ แต่คิดว่าไม่ต่างกันมาก,ทราบและเคยพิจารณาใช้สิทธิ์,4,5 (เห็นด้วยอย่างยิ่ง),4,4,5 (เห็นด้วยอย่างยิ่ง)
"1/8/2026, 12:38:55",ชาย,41-50 ปี,ไม่มีบุตร,ม.6,เจ้าของกิจการ,5 คนขึ้นไป,คอนโด / อพาร์ตเมนต์ / หอพัก,เช่า,มีที่จอดรถส่วนกลาง / เช่า,"25,001-35,000 บาท",มี,ขับในเมือง,ใช้งานทุกวัน,10-30 กิโลเมตร,ศูนย์บริการและอะไหล่,รถยนต์สันดาป (ดีเซล / เบนซิน),ราคา,"ต่ำกว่า 500,000 บาท",เพื่อความสะดวกในการเดินทาง,มีแนวโน้มที่จะซื้อ,รถยนต์สันดาป (ดีเซล / เบนซิน),"ประหยัดค่าเชื้อเพลิง, ค่าบำรุงรักษา",5,5,3,5,5,4,4,4,4,4,5,4,4,4,5,3,5,3,3,4,4,6,4,7,7,รายได้เปลี่ยนแปลงอย่างมีนัยสำคัญ (เพิ่มขึ้นหรือลดลง),มีอยู่แล้ว,เคยเฉพาะ Hybrid,5,ทราบ แต่คิดว่าไม่ต่างกันมาก,ทราบและเคยพิจารณาใช้สิทธิ์,4,5 (เห็นด้วยอย่างยิ่ง),3,5 (เห็นด้วยอย่างยิ่ง),3
"1/8/2026, 12:38:56",หญิง,51-60 ปี,1 คน,ปริญญาตรี,เจ้าของกิจการ,5 คนขึ้นไป,บ้านเดี่ยว / บ้านแฝด,เป็นเจ้าของ,มีที่จอดรถส่วนตัว,"มากกว่า 75,000",มี,ขับทั้งในเมืองและนอกเมือง,1-2 วัน / สัปดาห์,น้อยกว่า 10 กิโลเมตร,"ราคาน้ำมัน, ศูนย์บริการและอะไหล่, ค่าใช้จ่ายในการซ่อมบำรุง","รถยนต์สันดาป (ดีเซล / เบนซิน), รถยนต์ไฮบริด (Hybrid)","ราคา, ความคุ้มค่าโดยรวม, การรับประกันและบริการหลังการขาย","500,001-800,000 บาท","เพื่อใช้ในการเดินทางท่องเที่ยว, เพื่อความสะดวกในการเดินทาง",มีแนวโน้มที่จะซื้อ,รถยนต์สันดาป (ดีเซล / เบนซิน),ค่าบำรุงรักษา,4,4,5,4,3,3,5,5,5,4,5,4,3,3,4,5,3,5,4,5,5,3,3,5,3,"เปลี่ยนงาน/ที่ทำงานใหม่, มีบุตร/สมาชิกครอบครัวเพิ่ม",ไม่มีแต่สามารถติดตั้งเพิ่มได้,เคยทั้ง EV และ Hybrid,2,ทราบ แต่คิดว่าถูกกว่าเล็กน้อย,ทราบและเคยพิจารณาใช้สิทธิ์,4,4,4,3,3
"1/8/2026, 12:38:57",หญิง,20-23 ปี,ไม่มีบุตร,ปริญญาตรี,พนักงานเอกชน,5 คนขึ้นไป,บ้านเดี่ยว / บ้านแฝด,เป็นเจ้าของ,มีที่จอดรถส่วนตัว,"25,001-35,000 บาท",มี,ขับทั้งในเมืองและนอกเมือง,1-2 วัน / สัปดาห์,น้อยกว่า 10 กิโลเมตร,ศูนย์บริการและอะไหล่,รถยนต์สันดาป (ดีเซล / เบนซิน),เทคโนโลยีและฟังก์ชันภายในรถ,"800,001-1,200,000 บาท",เพื่อหลีกเลี่ยงปัญหาจากระบบการขนส่งมวลชน,มีแนวโน้มที่จะซื้อ,รถยนต์สันดาป (ดีเซล / เบนซิน),ค่าบำรุงรักษา,4,5,4,4,5,5,5,4,5,3,5,5,5,5,5,4,4,3,5,5,3,5,3,6,5,ไม่มีเหตุการณ์ข้างต้น,ไม่มีและไม่สามารถติดตั้งได้ (เช่น คอนโด/หอพักที่ไม่อนุญาต),เคยเฉพาะ EV,6,ทราบ และคิดว่าถูกกว่ามาก,ไม่ทราบเลย,5 (เห็นด้วยอย่างยิ่ง),4,4,5 (เห็นด้วยอย่างยิ่ง),3
"1/8/2026, 12:38:58",หญิง,51-60 ปี,ไม่มีบุตร,ต่ำกว่า ม.3,ค้าขาย,5 คนขึ้นไป,บ้านเดี่ยว / บ้านแฝด,เช่า,มีที่จอดรถส่วนตัว,"35,001-50,000 บาท",มี,ขับทั้งในเมืองและนอกเมือง,5-6 วัน / สัปดาห์,10-30 กิโลเมตร,"ค่าไฟฟ้า, ปั๊มน้ำมัน / สถานีชาร์จ",รถยนต์สันดาป (ดีเซล / เบนซิน),"ราคา, แบรนด์","500,001-800,000 บาท",เพื่อหลีกเลี่ยงปัญหาจากระบบการขนส่งมวลชน,มีแนวโน้มที่จะซื้อ,รถยนต์สันดาป (ดีเซล / เบนซิน),ค่าบำรุงรักษา,5,4,4,4,4,3,4,4,5,3,5,5,5,5,4,4,5,4,4,4,5,5,2,5,7,รายได้เปลี่ยนแปลงอย่างมีนัยสำคัญ (เพิ่มขึ้นหรือลดลง),ไม่มีแต่สามารถติดตั้งเพิ่มได้,เคยทั้ง EV และ Hybrid,5,ทราบ แต่คิดว่าไม่ต่างกันมาก,ทราบและเคยพิจารณาใช้สิทธิ์,5 (เห็นด้วยอย่างยิ่ง),4,5 (เห็นด้วยอย่างยิ่ง),3,4
"1/8/2026, 12:39:00",ชาย,20-23 ปี,มากกว่า 3 คน,ปวช. / ปวส.,พนักงานเอกชน,5 คนขึ้นไป,บ้านเดี่ยว / บ้านแฝด,เช่า,มีที่จอดรถส่วนตัว,"35,001-50,000 บาท",มี,ขับในเมือง,1-2 วัน / สัปดาห์,น้อยกว่า 10 กิโลเมตร,ราคาน้ำมัน,รถยนต์สันดาป (ดีเซล / เบนซิน),เทคโนโลยีและฟังก์ชันภายในรถ,"500,001-800,000 บาท",เพื่อหลีกเลี่ยงปัญหาจากระบบการขนส่งมวลชน,ยังไม่มีแนวโน้มที่จะซื้อ,รถยนต์ไฟฟ้า (EV),ค่าบำรุงรักษา,3,5,4,3,5,4,4,3,2,3,4,5,5,5,4,5,4,5,4,5,5,2,4,3,4,"ย้ายที่อยู่อาศัย, มีบุตร/สมาชิกครอบครัวเพิ่ม",ไม่แน่ใจ,เคยเฉพาะ Hybrid,4,ทราบ แต่คิดว่าไม่ต่างกันมาก,ทราบแต่ไม่เคยพิจารณา,4,2,5 (เห็นด้วยอย่างยิ่ง),5 (เห็นด้วยอย่างยิ่ง),5 (เห็นด้วยอย่างยิ่ง)
"1/8/2026, 12:39:02",หญิง,24-26 ปี,ไม่มีบุตร,ปริญญาตรี,รัฐวิสาหกิจ,3-4 คน,บ้านเดี่ยว / บ้านแฝด,เช่า,มีที่จอดรถส่วนตัว,"ต่ำกว่า 15,000 บาท","ไม่มี (หากตอบ ""ไม่มี"" ให้ข้ามไปตอบตอนที่ 3)",,,,,,"ความสามารถในการผ่อนชำระ, เทคโนโลยีและฟังก์ชันภายในรถ, ความคุ้มค่าโดยรวม","800,001-1,200,000 บาท","เพื่อใช้ในการเดินทางไปทำงาน, เพื่อหลีกเลี่ยงปัญหาจากระบบการขนส่งมวลชน",มีแนวโน้มที่จะซื้อ,รถยนต์ไฮบริด (Hybrid),"ค่าบำรุงรักษา, เป็นมิตรต่อสิ่งแวดล้อม",4,5,5,4,4,5,5,4,5,5,5,5,5,5,4,5,3,4,3,5,4,3,4,3,5,"มีบุตร/สมาชิกครอบครัวเพิ่ม, ไม่มีเหตุการณ์ข้างต้น",ไม่มีและไม่สามารถติดตั้งได้ (เช่น คอนโด/หอพักที่ไม่อนุญาต),เคยทั้ง EV และ Hybrid,4,ทราบ แต่คิดว่าไม่ต่างกันมาก,ทราบและเคยพิจารณาใช้สิทธิ์,4,4,5 (เห็นด้วยอย่างยิ่ง),4,4
"1/8/2026, 12:39:02",หญิง,20-23 ปี,ไม่มีบุตร,ปริญญาตรี,นักเรียน / นักศึกษา,3-4 คน,บ้านเดี่ยว / บ้านแฝด,เช่า,มีที่จอดรถส่วนกลาง / เช่า,"ต่ำกว่า 15,000 บาท","ไม่มี (หากตอบ ""ไม่มี"" ให้ข้ามไปตอบตอนที่ 3)",,,,,,"สมรรถนะในการขับขี่, ความคุ้มค่าโดยรวม","1,200,000-1,500,000 บาท","เพื่อความสะดวกในการเดินทาง, เพื่อหลีกเลี่ยงปัญหาจากระบบการขนส่งมวลชน",มีแนวโน้มที่จะซื้อ,รถยนต์สันดาป (ดีเซล / เบนซิน),ค่าบำรุงรักษา,2,4,4,4,5,4,5,5,5,5,5,4,4,5,4,3,4,4,3,5,5,5,6,4,6,รายได้เปลี่ยนแปลงอย่างมีนัยสำคัญ (เพิ่มขึ้นหรือลดลง),ไม่มีแต่สามารถติดตั้งเพิ่มได้,ไม่เคยเลย,4,ทราบ และคิดว่าถูกกว่ามาก,ทราบแต่ไม่เคยพิจารณา,4,4,4,4,5 (เห็นด้วยอย่างยิ่ง)
"1/8/2026, 12:39:03",ชาย,41-50 ปี,ไม่มีบุตร,ปริญญาตรี,ค้าขาย,3-4 คน,บ้านเดี่ยว / บ้านแฝด,เป็นเจ้าของ,มีที่จอดรถส่วนตัว,"25,001-35,000 บาท","ไม่มี (หากตอบ ""ไม่มี"" ให้ข้ามไปตอบตอนที่ 3)",,,,,,ความสามารถในการผ่อนชำระ,"ต่ำกว่า 500,000 บาท","เพื่อใช้ในการเดินทางไปทำงาน, เพื่อความสะดวกในการเดินทาง",มีแนวโน้มที่จะซื้อ,รถยนต์ไฮบริด (Hybrid),"ค่าบำรุงรักษา, เทคโนโลยีและความทันสมัย",5,5,5,4,5,4,4,4,4,5,5,4,3,5,3,5,4,4,5,4,3,5,5,4,4,"มีบุตร/สมาชิกครอบครัวเพิ่ม, ไม่มีเหตุการณ์ข้างต้น",ไม่มีและไม่สามารถติดตั้งได้ (เช่น คอนโด/หอพักที่ไม่อนุญาต),เคยเฉพาะ EV,7,ทราบ แต่คิดว่าไม่ต่างกันมาก,ไม่ทราบเลย,3,4,4,3,4
"1/8/2026, 12:39:04",ชาย,20-23 ปี,1 คน,ปวช. / ปวส.,นักเรียน / นักศึกษา,5 คนขึ้นไป,บ้านเดี่ยว / บ้านแฝด,พักอาศัยกับครอบครัว / ผู้อื่น,มีที่จอดรถส่วนกลาง / เช่า,"ต่ำกว่า 15,000 บาท",มี,ขับทั้งในเมืองและนอกเมือง,ใช้เป็นครั้งคราว,10-30 กิโลเมตร,มูลค่าการขายต่อ,"รถยนต์สันดาป (ดีเซล / เบนซิน), รถยนต์ไฮบริด (Hybrid)",เทคโนโลยีและฟังก์ชันภายในรถ,"1,200,000-1,500,000 บาท",เพื่อความสะดวกในการเดินทาง,ยังไม่มีแนวโน้มที่จะซื้อ,รถยนต์สันดาป (ดีเซล / เบนซิน),ค่าบำรุงรักษา,4,5,5,5,4,4,3,4,4,4,3,5,5,5,5,4,4,3,5,5,4,2,5,4,4,ไม่มีเหตุการณ์ข้างต้น,ไม่แน่ใจ,ไม่เคยเลย,5,ทราบ แต่คิดว่าไม่ต่างกันมาก,ทราบแต่ไม่เคยพิจารณา,2,5 (เห็นด้วยอย่างยิ่ง),4,4,2
"1/8/2026, 12:39:05",หญิง,41-50 ปี,3 คน,ปริญญาตรี,ค้าขาย,5 คนขึ้นไป,ทาวน์โฮม / ทาวเฮาท์,เป็นเจ้าของ,มีที่จอดรถส่วนกลาง / เช่า,"15,001-25,000 บาท","ไม่มี (หากตอบ ""ไม่มี"" ให้ข้ามไปตอบตอนที่ 3)",,,,,,ราคา,"800,001-1,200,000 บาท",เพื่อหลีกเลี่ยงปัญหาจากระบบการขนส่งมวลชน,มีแนวโน้มที่จะซื้อ,รถยนต์สันดาป (ดีเซล / เบนซิน),ค่าบำรุงรักษา,3,4,4,3,5,4,5,5,5,4,3,4,3,4,5,5,4,5,4,5,3,5,4,3,5,ย้ายที่อยู่อาศัย,ไม่มีและไม่สามารถติดตั้งได้ (เช่น คอนโด/หอพักที่ไม่อนุญาต),เคยเฉพาะ EV,3,ไม่ทราบเลย,ทราบแต่ไม่เคยพิจารณา,4,4,4,5 (เห็นด้วยอย่างยิ่ง),4
"1/8/2026, 12:39:07",ชาย,20-23 ปี,ไม่มีบุตร,ปวช. / ปวส.,นักเรียน / นักศึกษา,5 คนขึ้นไป,คอนโด / อพาร์ตเมนต์ / หอพัก,เช่า,มีที่จอดรถส่วนตัว,"ต่ำกว่า 15,000 บาท",มี,ขับทั้งในเมืองและนอกเมือง,5-6 วัน / สัปดาห์,มากกว่า 90 กิโลเมตร,ศูนย์บริการและอะไหล่,รถยนต์สันดาป (ดีเซล / เบนซิน),เทคโนโลยีและฟังก์ชันภายในรถ,"800,001-1,200,000 บาท","เพื่อความสะดวกในการเดินทาง, เพื่อหลีกเลี่ยงปัญหาจากระบบการขนส่งมวลชน",มีแนวโน้มที่จะซื้อ,รถยนต์ไฮบริด (Hybrid),ค่าบำรุงรักษา,4,4,4,2,4,4,5,5,4,3,4,5,4,4,5,5,4,5,4,3,5,5,5,4,6,"เปลี่ยนงาน/ที่ทำงานใหม่, รายได้เปลี่ยนแปลงอย่างมีนัยสำคัญ (เพิ่มขึ้นหรือลดลง)",ไม่มีแต่สามารถติดตั้งเพิ่มได้,เคยเฉพาะ Hybrid,5,ทราบ และคิดว่าถูกกว่ามาก,ทราบแต่ไม่เคยพิจารณา,4,5 (เห็นด้วยอย่างยิ่ง),5 (เห็นด้วยอย่างยิ่ง),3,5 (เห็นด้วยอย่างยิ่ง)
"1/8/2026, 12:39:09",หญิง,51-60 ปี,ไม่มีบุตร,ปริญญาตรี,รัฐวิสาหกิจ,3-4 คน,บ้านเดี่ยว / บ้านแฝด,เช่า,มีที่จอดรถส่วนกลาง / เช่า,"15,001-25,000 บาท",มี,ขับในเมือง,5-6 วัน / สัปดาห์,น้อยกว่า 10 กิโลเมตร,"ปั๊มน้ำมัน / สถานีชาร์จ, ศูนย์บริการและอะไหล่, ค่าใช้จ่ายในการซ่อมบำรุง",รถยนต์สันดาป (ดีเซล / เบนซิน),เทคโนโลยีและฟังก์ชันภายในรถ,"ต่ำกว่า 500,000 บาท",เพื่อหลีกเลี่ยงปัญหาจากระบบการขนส่งมวลชน,ยังไม่มีแนวโน้มที่จะซื้อ,รถยนต์สันดาป (ดีเซล / เบนซิน),"ราคาซื้อเริ่มต้น, ความสะดวกในการใช้งาน",4,5,5,4,3,5,4,5,4,4,3,5,5,5,5,4,5,3,5,5,4,3,5,5,2,รายได้เปลี่ยนแปลงอย่างมีนัยสำคัญ (เพิ่มขึ้นหรือลดลง),ไม่มีและไม่สามารถติดตั้งได้ (เช่น คอนโด/หอพักที่ไม่อนุญาต),ไม่เคยเลย,3,ทราบ แต่คิดว่าไม่ต่างกันมาก,ทราบแต่ไม่เคยพิจารณา,5 (เห็นด้วยอย่างยิ่ง),5 (เห็นด้วยอย่างยิ่ง),4,5 (เห็นด้วยอย่างยิ่ง),3
"1/8/2026, 12:39:10",หญิง,24-26 ปี,1 คน,ปริญญาตรี,พนักงานเอกชน,5 คนขึ้นไป,บ้านเดี่ยว / บ้านแฝด,เช่า,มีที่จอดรถส่วนตัว,"25,001-35,000 บาท",มี,ขับในเมือง,ใช้งานทุกวัน,10-30 กิโลเมตร,"ศูนย์บริการและอะไหล่, อายุการใช้งาน",รถยนต์สันดาป (ดีเซล / เบนซิน),การรับประกันและบริการหลังการขาย,"500,001-800,000 บาท",เพื่อใช้ในการเดินทางไปทำงาน,ยังไม่มีแนวโน้มที่จะซื้อ,รถยนต์ไฮบริด (Hybrid),ค่าบำรุงรักษา,4,5,4,3,5,5,3,5,4,3,3,5,4,5,4,4,5,3,4,4,2,5,3,5,5,ไม่มีเหตุการณ์ข้างต้น,มีอยู่แล้ว,เคยทั้ง EV และ Hybrid,6,ทราบ แต่คิดว่าไม่ต่างกันมาก,ทราบและเคยพิจารณาใช้สิทธิ์,5 (เห็นด้วยอย่างยิ่ง),3,4,3,5 (เห็นด้วยอย่างยิ่ง)
"1/8/2026, 12:39:13",ชาย,20-23 ปี,ไม่มีบุตร,ปริญญาตรี,นักเรียน / นักศึกษา,5 คนขึ้นไป,บ้านเดี่ยว / บ้านแฝด,เช่า,มีที่จอดรถส่วนตัว,"15,001-25,000 บาท","ไม่มี (หากตอบ ""ไม่มี"" ให้ข้ามไปตอบตอนที่ 3)",,,,,,เทคโนโลยีและฟังก์ชันภายในรถ,"500,001-800,000 บาท","เพื่อใช้ในการเดินทางไปทำงาน, เพื่อใช้ในการเดินทางท่องเที่ยว",มีแนวโน้มที่จะซื้อ,รถยนต์สันดาป (ดีเซล / เบนซิน),ค่าบำรุงรักษา,4,4,4,5,5,5,4,5,5,3,5,4,5,3,5,5,3,4,3,4,4,6,4,5,4,"เปลี่ยนงาน/ที่ทำงานใหม่, ไม่มีเหตุการณ์ข้างต้น",ไม่มีแต่สามารถติดตั้งเพิ่มได้,ไม่เคยเลย,6,ทราบ แต่คิดว่าไม่ต่างกันมาก,ทราบแต่ไม่เคยพิจารณา,4,5 (เห็นด้วยอย่างยิ่ง),5 (เห็นด้วยอย่างยิ่ง),3,3
"1/8/2026, 12:39:14",ชาย,20-23 ปี,1 คน,ปริญญาตรี,นักเรียน / นักศึกษา,3-4 คน,บ้านเดี่ยว / บ้านแฝด,พักอาศัยกับครอบครัว / ผู้อื่น,มีที่จอดรถส่วนตัว,"ต่ำกว่า 15,000 บาท",มี,ขับนอกเมือง,ใช้งานทุกวัน,น้อยกว่า 10 กิโลเมตร,ศูนย์บริการและอะไหล่,รถยนต์สันดาป (ดีเซล / เบนซิน),"ราคา, เทคโนโลยีและฟังก์ชันภายในรถ","500,001-800,000 บาท",เพื่อใช้ในการเดินทางท่องเที่ยว,มีแนวโน้มที่จะซื้อ,รถยนต์ไฮบริด (Hybrid),ค่าบำรุงรักษา,3,5,5,5,5,4,5,4,4,5,4,5,5,4,5,4,5,4,4,5,5,4,2,5,5,"ย้ายที่อยู่อาศัย, รายได้เปลี่ยนแปลงอย่างมีนัยสำคัญ (เพิ่มขึ้นหรือลดลง), ไม่มีเหตุการณ์ข้างต้น",ไม่มีแต่สามารถติดตั้งเพิ่มได้,เคยเฉพาะ Hybrid,4,ทราบ และคิดว่าถูกกว่ามาก,ทราบและเคยพิจารณาใช้สิทธิ์,3,4,5 (เห็นด้วยอย่างยิ่ง),5 (เห็นด้วยอย่างยิ่ง),5 (เห็นด้วยอย่างยิ่ง)
"1/8/2026, 12:39:16",หญิง,20-23 ปี,ไม่มีบุตร,ปริญญาตรี,รัฐวิสาหกิจ,5 คนขึ้นไป,คอนโด / อพาร์ตเมนต์ / หอพัก,เช่า,มีที่จอดรถส่วนตัว,"35,001-50,000 บาท",มี,ขับทั้งในเมืองและนอกเมือง,1-2 วัน / สัปดาห์,น้อยกว่า 10 กิโลเมตร,ราคาน้ำมัน,"รถยนต์สันดาป (ดีเซล / เบนซิน), รถยนต์ไฟฟ้า (EV)",เทคโนโลยีและฟังก์ชันภายในรถ,"500,001-800,000 บาท",เพื่อหลีกเลี่ยงปัญหาจากระบบการขนส่งมวลชน,มีแนวโน้มที่จะซื้อ,รถยนต์ไฟฟ้า (EV),ค่าบำรุงรักษา,3,5,5,5,4,4,4,4,5,3,3,5,5,4,5,4,5,5,5,5,4,5,4,5,3,"รายได้เปลี่ยนแปลงอย่างมีนัยสำคัญ (เพิ่มขึ้นหรือลดลง), ไม่มีเหตุการณ์ข้างต้น",ไม่แน่ใจ,เคยเฉพาะ Hybrid,6,ทราบ แต่คิดว่าถูกกว่าเล็กน้อย,ทราบแต่ไม่เคยพิจารณา,2,4,4,4,5 (เห็นด้วยอย่างยิ่ง)
"1/8/2026, 12:39:20",หญิง,มากกว่า 60 ปี,2 คน,ม.6,ข้าราชการ,5 คนขึ้นไป,ทาวน์โฮม / ทาวเฮาท์,พักอาศัยกับครอบครัว / ผู้อื่น,มีที่จอดรถส่วนตัว,"25,001-35,000 บาท","ไม่มี (หากตอบ ""ไม่มี"" ให้ข้ามไปตอบตอนที่ 3)",,,,,,"ความสามารถในการผ่อนชำระ, ค่าน้ำมัน, เทคโนโลยีและฟังก์ชันภายในรถ","500,001-800,000 บาท",เพื่อหลีกเลี่ยงปัญหาจากระบบการขนส่งมวลชน,มีแนวโน้มที่จะซื้อ,รถยนต์ไฮบริด (Hybrid),ค่าบำรุงรักษา,3,4,5,4,5,5,4,3,5,4,4,5,5,4,4,5,4,4,5,5,4,6,6,5,4,รายได้เปลี่ยนแปลงอย่างมีนัยสำคัญ (เพิ่มขึ้นหรือลดลง),ไม่แน่ใจ,เคยเฉพาะ EV,6,ทราบ แต่คิดว่าไม่ต่างกันมาก,ไม่ทราบเลย,3,4,3,5 (เห็นด้วยอย่างยิ่ง),5 (เห็นด้วยอย่างยิ่ง)
"1/8/2026, 12:39:22",หญิง,31-40 ปี,3 คน,ปริญญาโท,พนักงานเอกชน,5 คนขึ้นไป,คอนโด / อพาร์ตเมนต์ / หอพัก,เช่า,มีที่จอดรถส่วนตัว,"25,001-35,000 บาท",มี,ขับทั้งในเมืองและนอกเมือง,1-2 วัน / สัปดาห์,น้อยกว่า 10 กิโลเมตร,"ปั๊มน้ำมัน / สถานีชาร์จ, อายุการใช้งาน, ค่าใช้จ่ายในการซ่อมบำรุง",รถยนต์ไฮบริด (Hybrid),รูปลักษณ์ / ดีไซน์,"500,001-800,000 บาท",เพื่อใช้ในการเดินทางไปทำงาน,ยังไม่มีแนวโน้มที่จะซื้อ,รถยนต์ไฮบริด (Hybrid),"ค่าบำรุงรักษา, เทคโนโลยีและความทันสมัย",3,2,4,4,3,4,4,4,5,3,4,3,5,5,5,5,5,5,4,5,5,5,4,4,3,"รายได้เปลี่ยนแปลงอย่างมีนัยสำคัญ (เพิ่มขึ้นหรือลดลง), ไม่มีเหตุการณ์ข้างต้น",ไม่มีและไม่สามารถติดตั้งได้ (เช่น คอนโด/หอพักที่ไม่อนุญาต),เคยเฉพาะ EV,5,ทราบ แต่คิดว่าไม่ต่างกันมาก,ทราบแต่ไม่เคยพิจารณา,5 (เห็นด้วยอย่างยิ่ง),4,4,4,5 (เห็นด้วยอย่างยิ่ง)
"1/8/2026, 12:39:23",หญิง,20-23 ปี,ไม่มีบุตร,ปวช. / ปวส.,นักเรียน / นักศึกษา,5 คนขึ้นไป,คอนโด / อพาร์ตเมนต์ / หอพัก,เช่า,มีที่จอดรถส่วนกลาง / เช่า,"ต่ำกว่า 15,000 บาท",มี,ขับทั้งในเมืองและนอกเมือง,ใช้งานทุกวัน,10-30 กิโลเมตร,"ราคาน้ำมัน, อายุการใช้งาน, มูลค่าการขายต่อ",รถยนต์สันดาป (ดีเซล / เบนซิน),รูปลักษณ์ / ดีไซน์,"800,001-1,200,000 บาท","เพื่อใช้ในการเดินทางท่องเที่ยว, เพื่อความสะดวกในการเดินทาง",ยังไม่มีแนวโน้มที่จะซื้อ,รถยนต์สันดาป (ดีเซล / เบนซิน),"ราคาซื้อเริ่มต้น, ค่าบำรุงรักษา",5,5,5,5,5,5,5,4,5,5,5,3,4,5,5,4,5,5,4,3,5,3,4,3,4,"รายได้เปลี่ยนแปลงอย่างมีนัยสำคัญ (เพิ่มขึ้นหรือลดลง), ไม่มีเหตุการณ์ข้างต้น",ไม่มีแต่สามารถติดตั้งเพิ่มได้,ไม่เคยเลย,4,ทราบ แต่คิดว่าไม่ต่างกันมาก,ทราบและเคยพิจารณาใช้สิทธิ์,4,4,3,4,5 (เห็นด้วยอย่างยิ่ง)
"1/8/2026, 12:39:24",หญิง,20-23 ปี,ไม่มีบุตร,ปริญญาตรี,นักเรียน / นักศึกษา,3-4 คน,บ้านเดี่ยว / บ้านแฝด,พักอาศัยกับครอบครัว / ผู้อื่น,มีที่จอดรถส่วนตัว,"ต่ำกว่า 15,000 บาท",มี,ขับทั้งในเมืองและนอกเมือง,ใช้งานทุกวัน,71-90 กิโลเมตร,"ราคาน้ำมัน, ค่าไฟฟ้า",รถยนต์สันดาป (ดีเซล / เบนซิน),ค่าน้ำมัน,"ต่ำกว่า 500,000 บาท",เพื่อใช้ในการเดินทางท่องเที่ยว,มีแนวโน้มที่จะซื้อ,รถยนต์ไฮบริด (Hybrid),ค่าบำรุงรักษา,4,5,5,5,3,4,5,5,4,4,4,4,5,2,5,4,5,4,4,5,5,3,4,4,6,รายได้เปลี่ยนแปลงอย่างมีนัยสำคัญ (เพิ่มขึ้นหรือลดลง),ไม่มีและไม่สามารถติดตั้งได้ (เช่น คอนโด/หอพักที่ไม่อนุญาต),เคยเฉพาะ EV,3,ทราบ แต่คิดว่าถูกกว่าเล็กน้อย,ทราบแต่ไม่เคยพิจารณา,4,3,4,5 (เห็นด้วยอย่างยิ่ง),4
"1/8/2026, 12:39:25",ชาย,20-23 ปี,2 คน,ปริญญาตรี,นักเรียน / นักศึกษา,5 คนขึ้นไป,ทาวน์โฮม / ทาวเฮาท์,เป็นเจ้าของ,มีที่จอดรถส่วนตัว,"ต่ำกว่า 15,000 บาท",มี,ขับทั้งในเมืองและนอกเมือง,5-6 วัน / สัปดาห์,10-30 กิโลเมตร,อายุการใช้งาน,รถยนต์สันดาป (ดีเซล / เบนซิน),"ค่าน้ำมัน, ความคุ้มค่าโดยรวม","500,001-800,000 บาท",เพื่อหลีกเลี่ยงปัญหาจากระบบการขนส่งมวลชน,ยังไม่มีแนวโน้มที่จะซื้อ,รถยนต์สันดาป (ดีเซล / เบนซิน),ค่าบำรุงรักษา,4,4,5,5,3,4,5,5,5,5,4,5,4,3,5,4,4,5,5,5,5,7,5,4,6,ไม่มีเหตุการณ์ข้างต้น,ไม่มีและไม่สามารถติดตั้งได้ (เช่น คอนโด/หอพักที่ไม่อนุญาต),เคยทั้ง EV และ Hybrid,4,ทราบ แต่คิดว่าถูกกว่าเล็กน้อย,ทราบและเคยพิจารณาใช้สิทธิ์,5 (เห็นด้วยอย่างยิ่ง),4,4,3,5 (เห็นด้วยอย่างยิ่ง)
"1/8/2026, 12:39:26",ชาย,20-23 ปี,1 คน,ปริญญาตรี,นักเรียน / นักศึกษา,3-4 คน,ทาวน์โฮม / ทาวเฮาท์,เป็นเจ้าของ,มีที่จอดรถส่วนตัว,"15,001-25,000 บาท",มี,ขับนอกเมือง,5-6 วัน / สัปดาห์,51-70 กิโลเมตร,ศูนย์บริการและอะไหล่,"รถยนต์สันดาป (ดีเซล / เบนซิน), รถยนต์ไฮบริด (Hybrid)","ค่าน้ำมัน, รูปลักษณ์ / ดีไซน์, เทคโนโลยีและฟังก์ชันภายในรถ, ความคุ้มค่าโดยรวม","800,001-1,200,000 บาท",เพื่อหลีกเลี่ยงปัญหาจากระบบการขนส่งมวลชน,ยังไม่มีแนวโน้มที่จะซื้อ,รถยนต์ไฟฟ้า (EV),ค่าบำรุงรักษา,5,5,5,5,5,4,4,5,4,5,4,5,5,4,4,4,4,5,4,4,5,6,7,3,4,ไม่มีเหตุการณ์ข้างต้น,มีอยู่แล้ว,เคยเฉพาะ EV,3,ทราบ แต่คิดว่าไม่ต่างกันมาก,ทราบแต่ไม่เคยพิจารณา,5 (เห็นด้วยอย่างยิ่ง),3,5 (เห็นด้วยอย่างยิ่ง),4,4
"1/8/2026, 12:39:28",ชาย,31-40 ปี,1 คน,ปริญญาตรี,พนักงานเอกชน,5 คนขึ้นไป,คอนโด / อพาร์ตเมนต์ / หอพัก,เช่า,มีที่จอดรถส่วนตัว,"35,001-50,000 บาท","ไม่มี (หากตอบ ""ไม่มี"" ให้ข้ามไปตอบตอนที่ 3)",,,,,,"ค่าน้ำมัน, สมรรถนะในการขับขี่, การรับประกันและบริการหลังการขาย","1,200,000-1,500,000 บาท","เพื่อใช้ในการเดินทางไปทำงาน, เพื่อใช้ในการเดินทางท่องเที่ยว, เพื่อความสะดวกในการเดินทาง",ยังไม่มีแนวโน้มที่จะซื้อ,รถยนต์ไฟฟ้า (EV),ค่าบำรุงรักษา,4,5,5,4,5,4,5,3,5,5,4,5,3,5,3,5,5,4,5,3,5,4,3,5,3,"รายได้เปลี่ยนแปลงอย่างมีนัยสำคัญ (เพิ่มขึ้นหรือลดลง), ไม่มีเหตุการณ์ข้างต้น",ไม่แน่ใจ,เคยเฉพาะ EV,4,ทราบ แต่คิดว่าไม่ต่างกันมาก,ทราบและเคยพิจารณาใช้สิทธิ์,5 (เห็นด้วยอย่างยิ่ง),5 (เห็นด้วยอย่างยิ่ง),3,4,5 (เห็นด้วยอย่างยิ่ง)
"1/8/2026, 12:39:29",ชาย,31-40 ปี,ไม่มีบุตร,ปริญญาตรี,อาชีพอิสระ,5 คนขึ้นไป,คอนโด / อพาร์ตเมนต์ / หอพัก,เช่า,มีที่จอดรถส่วนตัว,"15,001-25,000 บาท","ไม่มี (หากตอบ ""ไม่มี"" ให้ข้ามไปตอบตอนที่ 3)",,,,,,"ราคา, ค่าซ่อมบำรุง, สมรรถนะในการขับขี่","มากกว่า 1,500,000 บาท","เพื่อใช้ในการเดินทางท่องเที่ยว, เพื่อหลีกเลี่ยงปัญหาจากระบบการขนส่งมวลชน",มีแนวโน้มที่จะซื้อ,รถยนต์สันดาป (ดีเซล / เบนซิน),"ราคาซื้อเริ่มต้น, ค่าบำรุงรักษา",5,4,4,5,5,5,3,4,5,5,4,4,5,3,5,4,5,5,4,4,3,4,5,5,5,"ย้ายที่อยู่อาศัย, มีบุตร/สมาชิกครอบครัวเพิ่ม, รายได้เปลี่ยนแปลงอย่างมีนัยสำคัญ (เพิ่มขึ้นหรือลดลง)",ไม่แน่ใจ,เคยเฉพาะ EV,6,ทราบ แต่คิดว่าไม่ต่างกันมาก,ทราบแต่ไม่เคยพิจารณา,5 (เห็นด้วยอย่างยิ่ง),4,3,3,2
"1/8/2026, 12:39:31",หญิง,27-30 ปี,ไม่มีบุตร,ปริญญาตรี,พนักงานเอกชน,5 คนขึ้นไป,คอนโด / อพาร์ตเมนต์ / หอพัก,เช่า,มีที่จอดรถส่วนตัว,"35,001-50,000 บาท","ไม่มี (หากตอบ ""ไม่มี"" ให้ข้ามไปตอบตอนที่ 3)",,,,,,"ราคา, ค่าน้ำมัน, รูปลักษณ์ / ดีไซน์, การรับประกันและบริการหลังการขาย","500,001-800,000 บาท","เพื่อใช้ในการค้าขาย, เพื่อหลีกเลี่ยงปัญหาจากระบบการขนส่งมวลชน",มีแนวโน้มที่จะซื้อ,รถยนต์สันดาป (ดีเซล / เบนซิน),เทคโนโลยีและความทันสมัย,5,4,4,4,4,3,4,5,4,5,5,4,4,4,4,5,5,5,3,4,5,5,3,3,4,ไม่มีเหตุการณ์ข้างต้น,ไม่แน่ใจ,เคยเฉพาะ Hybrid,5,ทราบ แต่คิดว่าไม่ต่างกันมาก,ทราบและเคยพิจารณาใช้สิทธิ์,5 (เห็นด้วยอย่างยิ่ง),3,5 (เห็นด้วยอย่างยิ่ง),3,5 (เห็นด้วยอย่างยิ่ง)
"1/8/2026, 12:39:32",หญิง,20-23 ปี,ไม่มีบุตร,ปริญญาตรี,พนักงานเอกชน,5 คนขึ้นไป,คอนโด / อพาร์ตเมนต์ / หอพัก,เช่า,มีที่จอดรถส่วนตัว,"ต่ำกว่า 15,000 บาท","ไม่มี (หากตอบ ""ไม่มี"" ให้ข้ามไปตอบตอนที่ 3)",,,,,,การรับประกันและบริการหลังการขาย,"800,001-1,200,000 บาท",เพื่อหลีกเลี่ยงปัญหาจากระบบการขนส่งมวลชน,มีแนวโน้มที่จะซื้อ,รถยนต์สันดาป (ดีเซล / เบนซิน),"ความสะดวกในการใช้งาน, เทคโนโลยีและความทันสมัย",5,4,3,4,5,3,4,5,5,4,4,3,4,4,5,3,5,5,5,4,5,4,5,4,4,ไม่มีเหตุการณ์ข้างต้น,ไม่มีและไม่สามารถติดตั้งได้ (เช่น คอนโด/หอพักที่ไม่อนุญาต),ไม่เคยเลย,5,ทราบ แต่คิดว่าไม่ต่างกันมาก,ทราบแต่ไม่เคยพิจารณา,4,5 (เห็นด้วยอย่างยิ่ง),5 (เห็นด้วยอย่างยิ่ง),4,3
"1/8/2026, 12:39:33",ชาย,24-26 ปี,ไม่มีบุตร,ปริญญาโท,นักเรียน / นักศึกษา,3-4 คน,คอนโด / อพาร์ตเมนต์ / หอพัก,เช่า,มีที่จอดรถส่วนตัว,"ต่ำกว่า 15,000 บาท",มี,ขับนอกเมือง,ใช้งานทุกวัน,31-50 กิโลเมตร,ศูนย์บริการและอะไหล่,"รถยนต์สันดาป (ดีเซล / เบนซิน), รถยนต์ไฮบริด (Hybrid)",ค่าน้ำมัน,"1,200,000-1,500,000 บาท",เพื่อหลีกเลี่ยงปัญหาจากระบบการขนส่งมวลชน,มีแนวโน้มที่จะซื้อ,รถยนต์ไฮบริด (Hybrid),ราคาซื้อเริ่มต้น,3,5,2,5,4,5,4,3,5,4,4,5,4,2,5,5,5,4,4,4,5,3,5,6,3,ไม่มีเหตุการณ์ข้างต้น,ไม่มีและไม่สามารถติดตั้งได้ (เช่น คอนโด/หอพักที่ไม่อนุญาต),เคยทั้ง EV และ Hybrid,3,ทราบ แต่คิดว่าไม่ต่างกันมาก,ทราบและเคยพิจารณาใช้สิทธิ์,4,4,5 (เห็นด้วยอย่างยิ่ง),4,5 (เห็นด้วยอย่างยิ่ง)
"1/8/2026, 12:39:35",หญิง,มากกว่า 60 ปี,ไม่มีบุตร,ปริญญาโท,เจ้าของกิจการ,3-4 คน,บ้านเดี่ยว / บ้านแฝด,เช่า,มีที่จอดรถส่วนตัว,"15,001-25,000 บาท",มี,ขับในเมือง,ใช้งานทุกวัน,น้อยกว่า 10 กิโลเมตร,ศูนย์บริการและอะไหล่,รถยนต์สันดาป (ดีเซล / เบนซิน),การรับประกันและบริการหลังการขาย,"500,001-800,000 บาท",เพื่อใช้ในการเดินทางไปทำงาน,มีแนวโน้มที่จะซื้อ,รถยนต์ไฟฟ้า (EV),"ราคาซื้อเริ่มต้น, เทคโนโลยีและความทันสมัย",5,4,4,3,3,4,4,4,5,5,4,5,5,5,5,5,5,4,5,4,3,5,5,2,7,"รายได้เปลี่ยนแปลงอย่างมีนัยสำคัญ (เพิ่มขึ้นหรือลดลง), ไม่มีเหตุการณ์ข้างต้น",ไม่มีและไม่สามารถติดตั้งได้ (เช่น คอนโด/หอพักที่ไม่อนุญาต),เคยเฉพาะ EV,4,ทราบ และคิดว่าถูกกว่ามาก,ทราบและเคยพิจารณาใช้สิทธิ์,5 (เห็นด้วยอย่างยิ่ง),3,4,5 (เห็นด้วยอย่างยิ่ง),4
"1/8/2026, 12:39:36",หญิง,20-23 ปี,1 คน,ปริญญาตรี,พนักงานเอกชน,5 คนขึ้นไป,คอนโด / อพาร์ตเมนต์ / หอพัก,เช่า,มีที่จอดรถส่วนตัว,"ต่ำกว่า 15,000 บาท",มี,ขับทั้งในเมืองและนอกเมือง,1-2 วัน / สัปดาห์,น้อยกว่า 10 กิโลเมตร,"อายุการใช้งาน, ค่าใช้จ่ายในการซ่อมบำรุง",รถยนต์สันดาป (ดีเซล / เบนซิน),ค่าน้ำมัน,"ต่ำกว่า 500,000 บาท",เพื่อความสะดวกในการเดินทาง,ยังไม่มีแนวโน้มที่จะซื้อ,รถยนต์ไฟฟ้า (EV),"ราคาซื้อเริ่มต้น, ค่าบำรุงรักษา, ความสะดวกในการใช้งาน, เทคโนโลยีและความทันสมัย",5,5,4,3,3,4,5,4,5,5,4,4,3,5,5,3,4,4,5,5,4,4,7,5,5,ไม่มีเหตุการณ์ข้างต้น,ไม่แน่ใจ,เคยทั้ง EV และ Hybrid,5,ทราบ แต่คิดว่าไม่ต่างกันมาก,ทราบและเคยพิจารณาใช้สิทธิ์,3,5 (เห็นด้วยอย่างยิ่ง),4,5 (เห็นด้วยอย่างยิ่ง),5 (เห็นด้วยอย่างยิ่ง)
"1/8/2026, 12:39:37",หญิง,20-23 ปี,2 คน,ปริญญาตรี,นักเรียน / นักศึกษา,5 คนขึ้นไป,ทาวน์โฮม / ทาวเฮาท์,เป็นเจ้าของ,มีที่จอดรถส่วนตัว,"ต่ำกว่า 15,000 บาท","ไม่มี (หากตอบ ""ไม่มี"" ให้ข้ามไปตอบตอนที่ 3)",,,,,,"รูปลักษณ์ / ดีไซน์, เทคโนโลยีและฟังก์ชันภายในรถ, การรับประกันและบริการหลังการขาย","500,001-800,000 บาท",เพื่อหลีกเลี่ยงปัญหาจากระบบการขนส่งมวลชน,ยังไม่มีแนวโน้มที่จะซื้อ,รถยนต์สันดาป (ดีเซล / เบนซิน),"ค่าบำรุงรักษา, เทคโนโลยีและความทันสมัย",5,4,5,4,5,3,5,5,5,5,5,3,4,5,5,5,4,5,5,5,5,5,7,5,6,"มีบุตร/สมาชิกครอบครัวเพิ่ม, ไม่มีเหตุการณ์ข้างต้น",ไม่แน่ใจ,เคยเฉพาะ EV,4,ไม่ทราบเลย,ทราบและเคยพิจารณาใช้สิทธิ์,4,3,5 (เห็นด้วยอย่างยิ่ง),3,5 (เห็นด้วยอย่างยิ่ง)
"1/8/2026, 12:39:38",หญิง,มากกว่า 60 ปี,1 คน,ปริญญาตรี,ค้าขาย,3-4 คน,คอนโด / อพาร์ตเมนต์ / หอพัก,เช่า,มีที่จอดรถส่วนตัว,"15,001-25,000 บาท","ไม่มี (หากตอบ ""ไม่มี"" ให้ข้ามไปตอบตอนที่ 3)",,,,,,เทคโนโลยีและฟังก์ชันภายในรถ,"500,001-800,000 บาท",เพื่อหลีกเลี่ยงปัญหาจากระบบการขนส่งมวลชน,มีแนวโน้มที่จะซื้อ,รถยนต์ไฮบริด (Hybrid),ค่าบำรุงรักษา,5,5,4,4,4,5,4,3,4,5,4,5,4,3,5,5,4,5,4,4,4,5,6,4,6,ไม่มีเหตุการณ์ข้างต้น,ไม่มีและไม่สามารถติดตั้งได้ (เช่น คอนโด/หอพักที่ไม่อนุญาต),เคยเฉพาะ EV,3,ทราบ แต่คิดว่าไม่ต่างกันมาก,ทราบและเคยพิจารณาใช้สิทธิ์,3,4,5 (เห็นด้วยอย่างยิ่ง),5 (เห็นด้วยอย่างยิ่ง),5 (เห็นด้วยอย่างยิ่ง)
"1/8/2026, 12:39:41",หญิง,20-23 ปี,3 คน,ปริญญาตรี,พนักงานเอกชน,5 คนขึ้นไป,คอนโด / อพาร์ตเมนต์ / หอพัก,พักอาศัยกับครอบครัว / ผู้อื่น,มีที่จอดรถส่วนตัว,"15,001-25,000 บาท","ไม่มี (หากตอบ ""ไม่มี"" ให้ข้ามไปตอบตอนที่ 3)",,,,,,"ค่าซ่อมบำรุง, เทคโนโลยีและฟังก์ชันภายในรถ, ความคุ้มค่าโดยรวม","500,001-800,000 บาท",เพื่อหลีกเลี่ยงปัญหาจากระบบการขนส่งมวลชน,มีแนวโน้มที่จะซื้อ,รถยนต์ไฟฟ้า (EV),ค่าบำรุงรักษา,4,5,4,5,5,5,5,5,3,5,3,5,5,4,5,5,5,5,4,4,4,4,3,6,6,รายได้เปลี่ยนแปลงอย่างมีนัยสำคัญ (เพิ่มขึ้นหรือลดลง),ไม่มีแต่สามารถติดตั้งเพิ่มได้,เคยเฉพาะ Hybrid,5,ทราบ แต่คิดว่าไม่ต่างกันมาก,ทราบและเคยพิจารณาใช้สิทธิ์,4,4,4,3,4
"1/8/2026, 12:39:44",ชาย,31-40 ปี,ไม่มีบุตร,ปริญญาเอก,อาชีพอิสระ,5 คนขึ้นไป,บ้านเดี่ยว / บ้านแฝด,เป็นเจ้าของ,มีที่จอดรถส่วนตัว,"50,001-75,000 บาท",มี,ขับนอกเมือง,ใช้งานทุกวัน,51-70 กิโลเมตร,ศูนย์บริการและอะไหล่,รถยนต์ไฮบริด (Hybrid),"เทคโนโลยีและฟังก์ชันภายในรถ, ความคุ้มค่าโดยรวม","500,001-800,000 บาท","เพื่อใช้ในการเดินทางท่องเที่ยว, เพื่อความสะดวกในการเดินทาง",มีแนวโน้มที่จะซื้อ,รถยนต์ไฮบริด (Hybrid),ค่าบำรุงรักษา,4,3,4,4,4,5,3,4,5,5,5,5,4,5,5,4,3,5,4,3,5,5,2,3,4,รายได้เปลี่ยนแปลงอย่างมีนัยสำคัญ (เพิ่มขึ้นหรือลดลง),ไม่มีแต่สามารถติดตั้งเพิ่มได้,ไม่เคยเลย,6,ทราบ แต่คิดว่าถูกกว่าเล็กน้อย,ทราบแต่ไม่เคยพิจารณา,2,5 (เห็นด้วยอย่างยิ่ง),4,5 (เห็นด้วยอย่างยิ่ง),5 (เห็นด้วยอย่างยิ่ง)
"1/8/2026, 12:39:45",ชาย,51-60 ปี,1 คน,ปวช. / ปวส.,อาชีพอิสระ,5 คนขึ้นไป,บ้านเดี่ยว / บ้านแฝด,เช่า,มีที่จอดรถส่วนกลาง / เช่า,"15,001-25,000 บาท","ไม่มี (หากตอบ ""ไม่มี"" ให้ข้ามไปตอบตอนที่ 3)",,,,,,รูปลักษณ์ / ดีไซน์,"ต่ำกว่า 500,000 บาท",เพื่อใช้ในการเดินทางท่องเที่ยว,มีแนวโน้มที่จะซื้อ,รถยนต์ไฟฟ้า (EV),ค่าบำรุงรักษา,5,5,4,3,4,4,5,3,5,3,5,5,5,2,5,4,5,5,3,4,5,5,5,5,7,เปลี่ยนงาน/ที่ทำงานใหม่,ไม่แน่ใจ,เคยทั้ง EV และ Hybrid,5,ไม่ทราบเลย,ทราบแต่ไม่เคยพิจารณา,5 (เห็นด้วยอย่างยิ่ง),4,4,3,5 (เห็นด้วยอย่างยิ่ง)
"1/8/2026, 12:39:46",หญิง,20-23 ปี,3 คน,ปริญญาตรี,นักเรียน / นักศึกษา,3-4 คน,คอนโด / อพาร์ตเมนต์ / หอพัก,เป็นเจ้าของ,มีที่จอดรถส่วนตัว,"15,001-25,000 บาท",มี,ขับทั้งในเมืองและนอกเมือง,ใช้งานทุกวัน,10-30 กิโลเมตร,อายุการใช้งาน,รถยนต์สันดาป (ดีเซล / เบนซิน),"ราคา, ค่าซ่อมบำรุง","800,001-1,200,000 บาท",เพื่อใช้ในการค้าขาย,ยังไม่มีแนวโน้มที่จะซื้อ,รถยนต์สันดาป (ดีเซล / เบนซิน),ค่าบำรุงรักษา,5,5,4,4,5,5,4,4,5,5,5,5,5,5,5,3,4,4,5,4,4,5,6,3,6,ไม่มีเหตุการณ์ข้างต้น,ไม่แน่ใจ,เคยเฉพาะ EV,3,ทราบ แต่คิดว่าถูกกว่าเล็กน้อย,ทราบและเคยพิจารณาใช้สิทธิ์,3,4,3,5 (เห็นด้วยอย่างยิ่ง),4
"1/8/2026, 12:39:49",ชาย,24-26 ปี,มากกว่า 3 คน,ปริญญาตรี,นักเรียน / นักศึกษา,1-2 คน,บ้านเดี่ยว / บ้านแฝด,พักอาศัยกับครอบครัว / ผู้อื่น,มีที่จอดรถส่วนตัว,"15,001-25,000 บาท","ไม่มี (หากตอบ ""ไม่มี"" ให้ข้ามไปตอบตอนที่ 3)",,,,,,ความคุ้มค่าโดยรวม,"800,001-1,200,000 บาท",เพื่อหลีกเลี่ยงปัญหาจากระบบการขนส่งมวลชน,มีแนวโน้มที่จะซื้อ,รถยนต์สันดาป (ดีเซล / เบนซิน),เทคโนโลยีและความทันสมัย,5,5,5,4,5,4,5,5,4,5,5,4,5,5,5,3,4,4,5,3,5,4,6,6,4,มีบุตร/สมาชิกครอบครัวเพิ่ม,ไม่มีและไม่สามารถติดตั้งได้ (เช่น คอนโด/หอพักที่ไม่อนุญาต),เคยทั้ง EV และ Hybrid,5,ทราบ แต่คิดว่าไม่ต่างกันมาก,ทราบและเคยพิจารณาใช้สิทธิ์,5 (เห็นด้วยอย่างยิ่ง),5 (เห็นด้วยอย่างยิ่ง),5 (เห็นด้วยอย่างยิ่ง),3,3
"1/8/2026, 12:39:51",หญิง,51-60 ปี,3 คน,ปวช. / ปวส.,ข้าราชการ,5 คนขึ้นไป,คอนโด / อพาร์ตเมนต์ / หอพัก,เช่า,มีที่จอดรถส่วนตัว,"35,001-50,000 บาท",มี,ขับนอกเมือง,ใช้งานทุกวัน,10-30 กิโลเมตร,อายุการใช้งาน,รถยนต์สันดาป (ดีเซล / เบนซิน),ความสามารถในการผ่อนชำระ,"ต่ำกว่า 500,000 บาท",เพื่อใช้ในการเดินทางไปทำงาน,มีแนวโน้มที่จะซื้อ,รถยนต์ไฟฟ้า (EV),ความสะดวกในการใช้งาน,3,5,5,5,3,5,4,5,5,5,5,5,3,3,4,4,4,4,5,5,5,5,2,4,2,ไม่มีเหตุการณ์ข้างต้น,ไม่มีและไม่สามารถติดตั้งได้ (เช่น คอนโด/หอพักที่ไม่อนุญาต),ไม่เคยเลย,5,ทราบ แต่คิดว่าไม่ต่างกันมาก,ทราบและเคยพิจารณาใช้สิทธิ์,5 (เห็นด้วยอย่างยิ่ง),3,4,5 (เห็นด้วยอย่างยิ่ง),5 (เห็นด้วยอย่างยิ่ง)
"1/8/2026, 12:39:52",หญิง,31-40 ปี,ไม่มีบุตร,ปวช. / ปวส.,พนักงานเอกชน,3-4 คน,บ้านเดี่ยว / บ้านแฝด,เช่า,มีที่จอดรถส่วนตัว,"25,001-35,000 บาท","ไม่มี (หากตอบ ""ไม่มี"" ให้ข้ามไปตอบตอนที่ 3)",,,,,,"แบรนด์, เทคโนโลยีและฟังก์ชันภายในรถ, ความคุ้มค่าโดยรวม","800,001-1,200,000 บาท","เพื่อใช้ในการเดินทางท่องเที่ยว, เพื่อหลีกเลี่ยงปัญหาจากระบบการขนส่งมวลชน",มีแนวโน้มที่จะซื้อ,รถยนต์สันดาป (ดีเซล / เบนซิน),ค่าบำรุงรักษา,5,5,4,4,3,4,4,3,5,5,5,5,4,5,4,4,5,5,5,5,4,5,1,3,5,"รายได้เปลี่ยนแปลงอย่างมีนัยสำคัญ (เพิ่มขึ้นหรือลดลง), ไม่มีเหตุการณ์ข้างต้น",ไม่มีแต่สามารถติดตั้งเพิ่มได้,ไม่เคยเลย,4,ทราบ แต่คิดว่าไม่ต่างกันมาก,ทราบแต่ไม่เคยพิจารณา,5 (เห็นด้วยอย่างยิ่ง),2,5 (เห็นด้วยอย่างยิ่ง),5 (เห็นด้วยอย่างยิ่ง),3
"1/8/2026, 12:39:53",ชาย,41-50 ปี,ไม่มีบุตร,ปริญญาตรี,ค้าขาย,5 คนขึ้นไป,ทาวน์โฮม / ทาวเฮาท์,เช่า,มีที่จอดรถส่วนตัว,"50,001-75,000 บาท",มี,ขับในเมือง,1-2 วัน / สัปดาห์,น้อยกว่า 10 กิโลเมตร,ศูนย์บริการและอะไหล่,รถยนต์สันดาป (ดีเซล / เบนซิน),"สมรรถนะในการขับขี่, เทคโนโลยีและฟังก์ชันภายในรถ","800,001-1,200,000 บาท",เพื่อใช้ในการเดินทางไปทำงาน,มีแนวโน้มที่จะซื้อ,รถยนต์สันดาป (ดีเซล / เบนซิน),ค่าบำรุงรักษา,4,4,5,4,2,4,5,4,3,4,4,5,5,4,5,4,5,3,5,5,5,7,6,7,5,รายได้เปลี่ยนแปลงอย่างมีนัยสำคัญ (เพิ่มขึ้นหรือลดลง),ไม่มีแต่สามารถติดตั้งเพิ่มได้,เคยเฉพาะ Hybrid,6,ทราบ แต่คิดว่าไม่ต่างกันมาก,ทราบและเคยพิจารณาใช้สิทธิ์,5 (เห็นด้วยอย่างยิ่ง),4,4,3,5 (เห็นด้วยอย่างยิ่ง)
"1/8/2026, 12:39:56",หญิง,20-23 ปี,ไม่มีบุตร,ปริญญาตรี,นักเรียน / นักศึกษา,3-4 คน,ทาวน์โฮม / ทาวเฮาท์,พักอาศัยกับครอบครัว / ผู้อื่น,มีที่จอดรถส่วนตัว,"ต่ำกว่า 15,000 บาท","ไม่มี (หากตอบ ""ไม่มี"" ให้ข้ามไปตอบตอนที่ 3)",,,,,,"เทคโนโลยีและฟังก์ชันภายในรถ, การรับประกันและบริการหลังการขาย","1,200,000-1,500,000 บาท","เพื่อใช้ในการเดินทางไปทำงาน, เพื่อความสะดวกในการเดินทาง",ยังไม่มีแนวโน้มที่จะซื้อ,รถยนต์ไฮบริด (Hybrid),"ราคาซื้อเริ่มต้น, ค่าบำรุงรักษา",5,5,4,5,3,5,3,5,5,5,4,4,5,4,5,4,3,5,5,5,5,7,5,3,2,"ย้ายที่อยู่อาศัย, มีบุตร/สมาชิกครอบครัวเพิ่ม",มีอยู่แล้ว,เคยทั้ง EV และ Hybrid,3,ทราบ แต่คิดว่าถูกกว่าเล็กน้อย,ทราบและเคยพิจารณาใช้สิทธิ์,4,4,4,4,5 (เห็นด้วยอย่างยิ่ง)
"1/8/2026, 12:39:57",ชาย,20-23 ปี,1 คน,ปวช. / ปวส.,ค้าขาย,5 คนขึ้นไป,คอนโด / อพาร์ตเมนต์ / หอพัก,เป็นเจ้าของ,มีที่จอดรถส่วนตัว,"35,001-50,000 บาท","ไม่มี (หากตอบ ""ไม่มี"" ให้ข้ามไปตอบตอนที่ 3)",,,,,,เทคโนโลยีและฟังก์ชันภายในรถ,"800,001-1,200,000 บาท",เพื่อหลีกเลี่ยงปัญหาจากระบบการขนส่งมวลชน,มีแนวโน้มที่จะซื้อ,รถยนต์ไฮบริด (Hybrid),ความสะดวกในการใช้งาน,5,5,5,5,4,5,5,4,5,5,3,5,4,5,4,5,5,4,5,4,5,6,3,6,6,รายได้เปลี่ยนแปลงอย่างมีนัยสำคัญ (เพิ่มขึ้นหรือลดลง),ไม่มีและไม่สามารถติดตั้งได้ (เช่น คอนโด/หอพักที่ไม่อนุญาต),เคยเฉพาะ EV,5,ทราบ แต่คิดว่าไม่ต่างกันมาก,ทราบและเคยพิจารณาใช้สิทธิ์,4,4,4,5 (เห็นด้วยอย่างยิ่ง),5 (เห็นด้วยอย่างยิ่ง)
"1/8/2026, 12:39:59",หญิง,24-26 ปี,1 คน,ปริญญาตรี,พนักงานเอกชน,3-4 คน,คอนโด / อพาร์ตเมนต์ / หอพัก,พักอาศัยกับครอบครัว / ผู้อื่น,มีที่จอดรถส่วนตัว,"มากกว่า 75,000","ไม่มี (หากตอบ ""ไม่มี"" ให้ข้ามไปตอบตอนที่ 3)",,,,,,"ราคา, ความสามารถในการผ่อนชำระ","500,001-800,000 บาท",เพื่อใช้ในการเดินทางไปทำงาน,มีแนวโน้มที่จะซื้อ,รถยนต์สันดาป (ดีเซล / เบนซิน),ค่าบำรุงรักษา,4,5,5,4,4,4,5,5,5,4,4,4,5,5,5,5,5,5,4,5,5,5,3,4,4,ไม่มีเหตุการณ์ข้างต้น,ไม่มีแต่สามารถติดตั้งเพิ่มได้,ไม่เคยเลย,4,ทราบ แต่คิดว่าไม่ต่างกันมาก,ไม่ทราบเลย,4,4,5 (เห็นด้วยอย่างยิ่ง),4,5 (เห็นด้วยอย่างยิ่ง)
"1/8/2026, 12:40:01",หญิง,มากกว่า 60 ปี,ไม่มีบุตร,ต่ำกว่า ม.3,อาชีพอิสระ,3-4 คน,ทาวน์โฮม / ทาวเฮาท์,เช่า,มีที่จอดรถส่วนตัว,"15,001-25,000 บาท",มี,ขับนอกเมือง,ใช้งานทุกวัน,31-50 กิโลเมตร,ศูนย์บริการและอะไหล่,"รถยนต์สันดาป (ดีเซล / เบนซิน), รถยนต์ไฮบริด (Hybrid)","ค่าซ่อมบำรุง, รูปลักษณ์ / ดีไซน์, ความคุ้มค่าโดยรวม","500,001-800,000 บาท",เพื่อใช้ในการเดินทางท่องเที่ยว,มีแนวโน้มที่จะซื้อ,รถยนต์ไฮบริด (Hybrid),ค่าบำรุงรักษา,5,5,5,5,5,5,5,5,4,5,5,5,4,4,5,5,3,4,4,4,4,7,4,6,5,"ย้ายที่อยู่อาศัย, ไม่มีเหตุการณ์ข้างต้น",ไม่แน่ใจ,เคยเฉพาะ Hybrid,3,ทราบ แต่คิดว่าไม่ต่างกันมาก,ทราบและเคยพิจารณาใช้สิทธิ์,4,3,4,5 (เห็นด้วยอย่างยิ่ง),5 (เห็นด้วยอย่างยิ่ง)
"1/8/2026, 12:40:02",ชาย,27-30 ปี,มากกว่า 3 คน,ปริญญาตรี,พนักงานเอกชน,5 คนขึ้นไป,คอนโด / อพาร์ตเมนต์ / หอพัก,เช่า,มีที่จอดรถส่วนตัว,"25,001-35,000 บาท",มี,ขับในเมือง,ใช้งานทุกวัน,71-90 กิโลเมตร,"ราคาน้ำมัน, อายุการใช้งาน","รถยนต์สันดาป (ดีเซล / เบนซิน), รถยนต์ไฮบริด (Hybrid)","ค่าน้ำมัน, สมรรถนะในการขับขี่","800,001-1,200,000 บาท",เพื่อใช้ในการเดินทางไปทำงาน,ยังไม่มีแนวโน้มที่จะซื้อ,รถยนต์สันดาป (ดีเซล / เบนซิน),ค่าบำรุงรักษา,4,3,4,5,4,4,5,5,4,5,5,4,3,4,5,5,5,3,3,5,5,3,3,4,5,ย้ายที่อยู่อาศัย,ไม่มีแต่สามารถติดตั้งเพิ่มได้,เคยเฉพาะ EV,3,ทราบ แต่คิดว่าไม่ต่างกันมาก,ทราบและเคยพิจารณาใช้สิทธิ์,4,4,5 (เห็นด้วยอย่างยิ่ง),4,4
"1/8/2026, 12:40:03",หญิง,มากกว่า 60 ปี,ไม่มีบุตร,ปวช. / ปวส.,ค้าขาย,3-4 คน,บ้านเดี่ยว / บ้านแฝด,พักอาศัยกับครอบครัว / ผู้อื่น,มีที่จอดรถส่วนตัว,"ต่ำกว่า 15,000 บาท","ไม่มี (หากตอบ ""ไม่มี"" ให้ข้ามไปตอบตอนที่ 3)",,,,,,เทคโนโลยีและฟังก์ชันภายในรถ,"500,001-800,000 บาท","เพื่อใช้ในการเดินทางไปทำงาน, เพื่อความสะดวกในการเดินทาง, เพื่อหลีกเลี่ยงปัญหาจากระบบการขนส่งมวลชน",มีแนวโน้มที่จะซื้อ,รถยนต์สันดาป (ดีเซล / เบนซิน),ค่าบำรุงรักษา,3,5,5,5,5,5,4,4,5,5,5,4,3,4,4,3,5,5,4,3,5,6,6,4,5,"รายได้เปลี่ยนแปลงอย่างมีนัยสำคัญ (เพิ่มขึ้นหรือลดลง), ไม่มีเหตุการณ์ข้างต้น",ไม่มีแต่สามารถติดตั้งเพิ่มได้,เคยเฉพาะ EV,4,ทราบ และคิดว่าถูกกว่ามาก,ทราบและเคยพิจารณาใช้สิทธิ์,5 (เห็นด้วยอย่างยิ่ง),5 (เห็นด้วยอย่างยิ่ง),5 (เห็นด้วยอย่างยิ่ง),3,3
"1/8/2026, 12:40:07",หญิง,มากกว่า 60 ปี,ไม่มีบุตร,ต่ำกว่า ม.3,ค้าขาย,5 คนขึ้นไป,คอนโด / อพาร์ตเมนต์ / หอพัก,เป็นเจ้าของ,มีที่จอดรถส่วนกลาง / เช่า,"35,001-50,000 บาท",มี,ขับทั้งในเมืองและนอกเมือง,ใช้งานทุกวัน,10-30 กิโลเมตร,อายุการใช้งาน,รถยนต์ไฟฟ้า (EV),"ค่าซ่อมบำรุง, เทคโนโลยีและฟังก์ชันภายในรถ","500,001-800,000 บาท","เพื่อใช้ในการเดินทางท่องเที่ยว, เพื่อความสะดวกในการเดินทาง, เพื่อหลีกเลี่ยงปัญหาจากระบบการขนส่งมวลชน",มีแนวโน้มที่จะซื้อ,รถยนต์ไฮบริด (Hybrid),"ค่าบำรุงรักษา, ความสะดวกในการใช้งาน",3,4,3,4,4,5,5,4,5,4,4,5,4,4,5,5,4,4,5,4,5,4,3,5,4,รายได้เปลี่ยนแปลงอย่างมีนัยสำคัญ (เพิ่มขึ้นหรือลดลง),ไม่มีแต่สามารถติดตั้งเพิ่มได้,เคยเฉพาะ Hybrid,5,ทราบ แต่คิดว่าถูกกว่าเล็กน้อย,ทราบและเคยพิจารณาใช้สิทธิ์,3,5 (เห็นด้วยอย่างยิ่ง),4,3,4
"1/8/2026, 12:40:10",ชาย,20-23 ปี,ไม่มีบุตร,ปริญญาตรี,พนักงานเอกชน,3-4 คน,บ้านเดี่ยว / บ้านแฝด,เช่า,มีที่จอดรถส่วนกลาง / เช่า,"15,001-25,000 บาท","ไม่มี (หากตอบ ""ไม่มี"" ให้ข้ามไปตอบตอนที่ 3)",,,,,,"ค่าน้ำมัน, การรับประกันและบริการหลังการขาย","500,001-800,000 บาท",เพื่อใช้ในการเดินทางไปทำงาน,มีแนวโน้มที่จะซื้อ,รถยนต์สันดาป (ดีเซล / เบนซิน),ค่าบำรุงรักษา,5,5,4,4,3,3,4,4,3,5,5,3,5,5,3,4,4,4,4,4,5,2,6,5,6,ไม่มีเหตุการณ์ข้างต้น,ไม่มีแต่สามารถติดตั้งเพิ่มได้,เคยเฉพาะ EV,4,ทราบ แต่คิดว่าถูกกว่าเล็กน้อย,ทราบแต่ไม่เคยพิจารณา,4,4,3,4,5 (เห็นด้วยอย่างยิ่ง)
"1/8/2026, 12:40:12",ชาย,20-23 ปี,3 คน,ปวช. / ปวส.,พนักงานเอกชน,3-4 คน,บ้านเดี่ยว / บ้านแฝด,เช่า,มีที่จอดรถส่วนตัว,"มากกว่า 75,000","ไม่มี (หากตอบ ""ไม่มี"" ให้ข้ามไปตอบตอนที่ 3)",,,,,,รูปลักษณ์ / ดีไซน์,"500,001-800,000 บาท",เพื่อหลีกเลี่ยงปัญหาจากระบบการขนส่งมวลชน,มีแนวโน้มที่จะซื้อ,รถยนต์ไฮบริด (Hybrid),ค่าบำรุงรักษา,5,4,3,4,5,5,4,4,5,5,4,3,5,3,4,5,4,3,4,5,5,5,4,3,4,ไม่มีเหตุการณ์ข้างต้น,ไม่แน่ใจ,เคยเฉพาะ Hybrid,6,ทราบ แต่คิดว่าไม่ต่างกันมาก,ทราบแต่ไม่เคยพิจารณา,4,3,5 (เห็นด้วยอย่างยิ่ง),5 (เห็นด้วยอย่างยิ่ง),3
"1/8/2026, 12:40:13",ชาย,51-60 ปี,ไม่มีบุตร,ม.3,ค้าขาย,5 คนขึ้นไป,บ้านเดี่ยว / บ้านแฝด,พักอาศัยกับครอบครัว / ผู้อื่น,มีที่จอดรถส่วนตัว,"15,001-25,000 บาท","ไม่มี (หากตอบ ""ไม่มี"" ให้ข้ามไปตอบตอนที่ 3)",,,,,,"ค่าซ่อมบำรุง, รูปลักษณ์ / ดีไซน์, เทคโนโลยีและฟังก์ชันภายในรถ","500,001-800,000 บาท","เพื่อใช้ในการเดินทางไปทำงาน, เพื่อใช้ในการเดินทางท่องเที่ยว, เพื่อหลีกเลี่ยงปัญหาจากระบบการขนส่งมวลชน",มีแนวโน้มที่จะซื้อ,รถยนต์สันดาป (ดีเซล / เบนซิน),"ค่าบำรุงรักษา, เทคโนโลยีและความทันสมัย",5,5,5,5,4,5,5,4,5,4,4,3,4,4,5,5,3,4,5,5,5,4,4,3,3,ไม่มีเหตุการณ์ข้างต้น,มีอยู่แล้ว,เคยเฉพาะ EV,6,ทราบ และคิดว่าถูกกว่ามาก,ทราบและเคยพิจารณาใช้สิทธิ์,5 (เห็นด้วยอย่างยิ่ง),5 (เห็นด้วยอย่างยิ่ง),5 (เห็นด้วยอย่างยิ่ง),5 (เห็นด้วยอย่างยิ่ง),3
"1/8/2026, 12:40:14",หญิง,มากกว่า 60 ปี,1 คน,ต่ำกว่า ม.3,อาชีพอิสระ,5 คนขึ้นไป,ทาวน์โฮม / ทาวเฮาท์,เช่า,มีที่จอดรถส่วนกลาง / เช่า,"35,001-50,000 บาท","ไม่มี (หากตอบ ""ไม่มี"" ให้ข้ามไปตอบตอนที่ 3)",,,,,,เทคโนโลยีและฟังก์ชันภายในรถ,"500,001-800,000 บาท",เพื่อหลีกเลี่ยงปัญหาจากระบบการขนส่งมวลชน,มีแนวโน้มที่จะซื้อ,รถยนต์ไฟฟ้า (EV),ค่าบำรุงรักษา,3,5,4,4,3,5,5,4,5,5,4,5,4,5,4,5,5,5,4,5,4,3,6,5,4,ไม่มีเหตุการณ์ข้างต้น,ไม่มีแต่สามารถติดตั้งเพิ่มได้,เคยเฉพาะ EV,3,ทราบ แต่คิดว่าถูกกว่าเล็กน้อย,ไม่ทราบเลย,5 (เห็นด้วยอย่างยิ่ง),4,4,3,4
"1/8/2026, 12:40:17",หญิง,มากกว่า 60 ปี,ไม่มีบุตร,ต่ำกว่า ม.3,อาชีพอิสระ,5 คนขึ้นไป,บ้านเดี่ยว / บ้านแฝด,เช่า,มีที่จอดรถส่วนตัว,"50,001-75,000 บาท",มี,ขับทั้งในเมืองและนอกเมือง,ใช้งานทุกวัน,51-70 กิโลเมตร,"ปั๊มน้ำมัน / สถานีชาร์จ, มูลค่าการขายต่อ",รถยนต์สันดาป (ดีเซล / เบนซิน),การรับประกันและบริการหลังการขาย,"500,001-800,000 บาท",เพื่อใช้ในการเดินทางท่องเที่ยว,ยังไม่มีแนวโน้มที่จะซื้อ,รถยนต์สันดาป (ดีเซล / เบนซิน),ค่าบำรุงรักษา,4,5,5,5,4,4,4,4,5,5,5,4,4,5,5,4,3,4,3,5,3,4,5,6,4,รายได้เปลี่ยนแปลงอย่างมีนัยสำคัญ (เพิ่มขึ้นหรือลดลง),ไม่มีและไม่สามารถติดตั้งได้ (เช่น คอนโด/หอพักที่ไม่อนุญาต),เคยเฉพาะ EV,2,ทราบ แต่คิดว่าไม่ต่างกันมาก,ทราบแต่ไม่เคยพิจารณา,3,4,5 (เห็นด้วยอย่างยิ่ง),5 (เห็นด้วยอย่างยิ่ง),4
"1/8/2026, 12:40:18",ชาย,20-23 ปี,ไม่มีบุตร,ปริญญาโท,นักเรียน / นักศึกษา,3-4 คน,บ้านเดี่ยว / บ้านแฝด,เช่า,มีที่จอดรถส่วนตัว,"15,001-25,000 บาท",มี,ขับนอกเมือง,5-6 วัน / สัปดาห์,น้อยกว่า 10 กิโลเมตร,"ราคาน้ำมัน, อายุการใช้งาน, มูลค่าการขายต่อ","รถยนต์สันดาป (ดีเซล / เบนซิน), รถยนต์ไฮบริด (Hybrid)",ค่าน้ำมัน,"500,001-800,000 บาท",เพื่อหลีกเลี่ยงปัญหาจากระบบการขนส่งมวลชน,มีแนวโน้มที่จะซื้อ,รถยนต์สันดาป (ดีเซล / เบนซิน),ค่าบำรุงรักษา,4,5,5,5,3,5,5,4,4,3,4,5,4,3,5,4,4,5,5,3,4,3,5,5,6,ไม่มีเหตุการณ์ข้างต้น,ไม่มีแต่สามารถติดตั้งเพิ่มได้,เคยเฉพาะ Hybrid,4,ทราบ และคิดว่าถูกกว่ามาก,ไม่ทราบเลย,4,4,5 (เห็นด้วยอย่างยิ่ง),5 (เห็นด้วยอย่างยิ่ง),3
"1/8/2026, 12:40:20",หญิง,41-50 ปี,ไม่มีบุตร,ม.3,พนักงานเอกชน,3-4 คน,บ้านเดี่ยว / บ้านแฝด,เป็นเจ้าของ,มีที่จอดรถส่วนตัว,"15,001-25,000 บาท",มี,ขับทั้งในเมืองและนอกเมือง,ใช้งานทุกวัน,31-50 กิโลเมตร,ปั๊มน้ำมัน / สถานีชาร์จ,รถยนต์สันดาป (ดีเซล / เบนซิน),"ค่าน้ำมัน, ความคุ้มค่าโดยรวม","800,001-1,200,000 บาท","เพื่อใช้ในการเดินทางไปทำงาน, เพื่อใช้ในการเดินทางท่องเที่ยว",ยังไม่มีแนวโน้มที่จะซื้อ,รถยนต์สันดาป (ดีเซล / เบนซิน),"ประหยัดค่าเชื้อเพลิง, ค่าบำรุงรักษา, เทคโนโลยีและความทันสมัย",4,5,4,4,5,5,4,3,5,3,5,3,4,5,5,4,4,4,4,4,4,5,6,6,1,ไม่มีเหตุการณ์ข้างต้น,ไม่แน่ใจ,เคยเฉพาะ EV,5,ทราบ และคิดว่าถูกกว่ามาก,ทราบและเคยพิจารณาใช้สิทธิ์,5 (เห็นด้วยอย่างยิ่ง),4,4,3,5 (เห็นด้วยอย่างยิ่ง)
"1/8/2026, 12:40:21",ชาย,31-40 ปี,ไม่มีบุตร,ปริญญาเอก,รัฐวิสาหกิจ,5 คนขึ้นไป,ทาวน์โฮม / ทาวเฮาท์,เช่า,มีที่จอดรถส่วนกลาง / เช่า,"35,001-50,000 บาท",มี,ขับนอกเมือง,1-2 วัน / สัปดาห์,10-30 กิโลเมตร,อายุการใช้งาน,รถยนต์สันดาป (ดีเซล / เบนซิน),ความคุ้มค่าโดยรวม,"500,001-800,000 บาท",เพื่อหลีกเลี่ยงปัญหาจากระบบการขนส่งมวลชน,มีแนวโน้มที่จะซื้อ,รถยนต์สันดาป (ดีเซล / เบนซิน),ค่าบำรุงรักษา,5,4,5,5,5,5,4,5,5,4,5,5,5,5,5,5,5,5,5,4,4,4,7,4,6,ไม่มีเหตุการณ์ข้างต้น,ไม่มีและไม่สามารถติดตั้งได้ (เช่น คอนโด/หอพักที่ไม่อนุญาต),เคยเฉพาะ Hybrid,4,ทราบ แต่คิดว่าไม่ต่างกันมาก,ทราบและเคยพิจารณาใช้สิทธิ์,2,5 (เห็นด้วยอย่างยิ่ง),5 (เห็นด้วยอย่างยิ่ง),4,5 (เห็นด้วยอย่างยิ่ง)
"1/8/2026, 12:40:24",ชาย,20-23 ปี,มากกว่า 3 คน,ปริญญาโท,อาชีพอิสระ,5 คนขึ้นไป,คอนโด / อพาร์ตเมนต์ / หอพัก,เช่า,มีที่จอดรถส่วนตัว,"15,001-25,000 บาท",มี,ขับทั้งในเมืองและนอกเมือง,5-6 วัน / สัปดาห์,น้อยกว่า 10 กิโลเมตร,"ราคาน้ำมัน, ปั๊มน้ำมัน / สถานีชาร์จ",รถยนต์สันดาป (ดีเซล / เบนซิน),ราคา,"500,001-800,000 บาท",เพื่อหลีกเลี่ยงปัญหาจากระบบการขนส่งมวลชน,มีแนวโน้มที่จะซื้อ,รถยนต์ไฟฟ้า (EV),"ราคาซื้อเริ่มต้น, ค่าบำรุงรักษา, ความสะดวกในการใช้งาน",5,4,4,5,4,5,3,4,5,5,5,5,5,5,5,4,4,5,4,5,5,4,5,5,6,รายได้เปลี่ยนแปลงอย่างมีนัยสำคัญ (เพิ่มขึ้นหรือลดลง),ไม่มีแต่สามารถติดตั้งเพิ่มได้,เคยเฉพาะ EV,5,ทราบ และคิดว่าถูกกว่ามาก,ไม่ทราบเลย,4,4,4,4,4
"1/8/2026, 12:40:25",หญิง,20-23 ปี,1 คน,ปวช. / ปวส.,พนักงานเอกชน,3-4 คน,คอนโด / อพาร์ตเมนต์ / หอพัก,เช่า,มีที่จอดรถส่วนตัว,"25,001-35,000 บาท",มี,ขับทั้งในเมืองและนอกเมือง,ใช้เป็นครั้งคราว,น้อยกว่า 10 กิโลเมตร,ศูนย์บริการและอะไหล่,รถยนต์สันดาป (ดีเซล / เบนซิน),เทคโนโลยีและฟังก์ชันภายในรถ,"ต่ำกว่า 500,000 บาท",เพื่อหลีกเลี่ยงปัญหาจากระบบการขนส่งมวลชน,มีแนวโน้มที่จะซื้อ,รถยนต์สันดาป (ดีเซล / เบนซิน),"ค่าบำรุงรักษา, เทคโนโลยีและความทันสมัย",4,5,5,3,5,5,5,5,5,5,4,5,5,4,5,5,4,5,4,5,3,6,2,5,6,ไม่มีเหตุการณ์ข้างต้น,ไม่มีและไม่สามารถติดตั้งได้ (เช่น คอนโด/หอพักที่ไม่อนุญาต),เคยเฉพาะ EV,6,ทราบ แต่คิดว่าถูกกว่าเล็กน้อย,ทราบแต่ไม่เคยพิจารณา,5 (เห็นด้วยอย่างยิ่ง),3,4,5 (เห็นด้วยอย่างยิ่ง),5 (เห็นด้วยอย่างยิ่ง)
"1/8/2026, 12:40:26",ชาย,มากกว่า 60 ปี,ไม่มีบุตร,ปริญญาตรี,ข้าราชการ,3-4 คน,บ้านเดี่ยว / บ้านแฝด,เช่า,มีที่จอดรถส่วนตัว,"15,001-25,000 บาท",มี,ขับทั้งในเมืองและนอกเมือง,5-6 วัน / สัปดาห์,น้อยกว่า 10 กิโลเมตร,"ราคาน้ำมัน, ศูนย์บริการและอะไหล่","รถยนต์สันดาป (ดีเซล / เบนซิน), รถยนต์ไฮบริด (Hybrid), รถยนต์ไฟฟ้า (EV)","เทคโนโลยีและฟังก์ชันภายในรถ, การรับประกันและบริการหลังการขาย","ต่ำกว่า 500,000 บาท",เพื่อใช้ในการเดินทางไปทำงาน,มีแนวโน้มที่จะซื้อ,รถยนต์สันดาป (ดีเซล / เบนซิน),ค่าบำรุงรักษา,4,4,5,4,5,3,4,5,5,4,4,4,5,5,4,4,4,4,5,5,5,3,5,4,6,"รายได้เปลี่ยนแปลงอย่างมีนัยสำคัญ (เพิ่มขึ้นหรือลดลง), ไม่มีเหตุการณ์ข้างต้น",ไม่มีแต่สามารถติดตั้งเพิ่มได้,ไม่เคยเลย,5,ทราบ และคิดว่าถูกกว่ามาก,ทราบแต่ไม่เคยพิจารณา,3,3,5 (เห็นด้วยอย่างยิ่ง),5 (เห็นด้วยอย่างยิ่ง),5 (เห็นด้วยอย่างยิ่ง)
"1/8/2026, 12:40:28",หญิง,41-50 ปี,ไม่มีบุตร,ม.6,พนักงานเอกชน,5 คนขึ้นไป,คอนโด / อพาร์ตเมนต์ / หอพัก,เป็นเจ้าของ,มีที่จอดรถส่วนตัว,"50,001-75,000 บาท",มี,ขับในเมือง,5-6 วัน / สัปดาห์,น้อยกว่า 10 กิโลเมตร,ศูนย์บริการและอะไหล่,รถยนต์สันดาป (ดีเซล / เบนซิน),"ราคา, รูปลักษณ์ / ดีไซน์","500,001-800,000 บาท",เพื่อใช้ในการเดินทางไปทำงาน,มีแนวโน้มที่จะซื้อ,รถยนต์สันดาป (ดีเซล / เบนซิน),ความสะดวกในการใช้งาน,4,2,5,5,3,5,4,5,4,5,4,5,4,4,5,5,5,5,5,4,4,5,6,5,3,"ย้ายที่อยู่อาศัย, ไม่มีเหตุการณ์ข้างต้น",มีอยู่แล้ว,เคยเฉพาะ EV,4,ทราบ แต่คิดว่าไม่ต่างกันมาก,ทราบแต่ไม่เคยพิจารณา,4,4,4,5 (เห็นด้วยอย่างยิ่ง),5 (เห็นด้วยอย่างยิ่ง)
"1/8/2026, 12:40:30",หญิง,20-23 ปี,ไม่มีบุตร,ม.6,นักเรียน / นักศึกษา,5 คนขึ้นไป,คอนโด / อพาร์ตเมนต์ / หอพัก,เป็นเจ้าของ,มีที่จอดรถส่วนตัว,"ต่ำกว่า 15,000 บาท",มี,ขับนอกเมือง,ใช้เป็นครั้งคราว,51-70 กิโลเมตร,ศูนย์บริการและอะไหล่,รถยนต์สันดาป (ดีเซล / เบนซิน),"ราคา, ค่าซ่อมบำรุง, เทคโนโลยีและฟังก์ชันภายในรถ","500,001-800,000 บาท",เพื่อใช้ในการเดินทางไปทำงาน,มีแนวโน้มที่จะซื้อ,รถยนต์ไฟฟ้า (EV),ค่าบำรุงรักษา,5,5,5,4,5,3,5,3,5,4,5,4,3,4,5,5,4,5,5,4,3,6,2,4,4,รายได้เปลี่ยนแปลงอย่างมีนัยสำคัญ (เพิ่มขึ้นหรือลดลง),ไม่มีแต่สามารถติดตั้งเพิ่มได้,เคยทั้ง EV และ Hybrid,3,ทราบ แต่คิดว่าไม่ต่างกันมาก,ทราบแต่ไม่เคยพิจารณา,3,4,5 (เห็นด้วยอย่างยิ่ง),3,5 (เห็นด้วยอย่างยิ่ง)
"1/8/2026, 12:40:34",หญิง,มากกว่า 60 ปี,3 คน,ม.6,ค้าขาย,5 คนขึ้นไป,บ้านเดี่ยว / บ้านแฝด,เป็นเจ้าของ,มีที่จอดรถส่วนตัว,"ต่ำกว่า 15,000 บาท","ไม่มี (หากตอบ ""ไม่มี"" ให้ข้ามไปตอบตอนที่ 3)",,,,,,เทคโนโลยีและฟังก์ชันภายในรถ,"ต่ำกว่า 500,000 บาท","เพื่อใช้ในการเดินทางไปทำงาน, เพื่อหลีกเลี่ยงปัญหาจากระบบการขนส่งมวลชน",มีแนวโน้มที่จะซื้อ,รถยนต์สันดาป (ดีเซล / เบนซิน),"ความสะดวกในการใช้งาน, เทคโนโลยีและความทันสมัย",4,4,5,5,4,4,3,3,4,5,5,5,5,5,5,4,5,3,5,3,5,4,2,5,4,รายได้เปลี่ยนแปลงอย่างมีนัยสำคัญ (เพิ่มขึ้นหรือลดลง),ไม่มีแต่สามารถติดตั้งเพิ่มได้,ไม่เคยเลย,6,ทราบ แต่คิดว่าไม่ต่างกันมาก,ทราบแต่ไม่เคยพิจารณา,3,5 (เห็นด้วยอย่างยิ่ง),3,4,5 (เห็นด้วยอย่างยิ่ง)
"1/8/2026, 12:40:38",ชาย,31-40 ปี,ไม่มีบุตร,ปริญญาตรี,พนักงานเอกชน,5 คนขึ้นไป,คอนโด / อพาร์ตเมนต์ / หอพัก,พักอาศัยกับครอบครัว / ผู้อื่น,มีที่จอดรถส่วนกลาง / เช่า,"35,001-50,000 บาท",มี,ขับในเมือง,1-2 วัน / สัปดาห์,น้อยกว่า 10 กิโลเมตร,ศูนย์บริการและอะไหล่,รถยนต์สันดาป (ดีเซล / เบนซิน),"ราคา, แบรนด์","500,001-800,000 บาท",เพื่อใช้ในการเดินทางไปทำงาน,มีแนวโน้มที่จะซื้อ,รถยนต์สันดาป (ดีเซล / เบนซิน),ค่าบำรุงรักษา,5,5,5,5,4,4,5,5,5,4,5,5,3,5,4,5,4,5,5,5,5,6,3,5,3,มีบุตร/สมาชิกครอบครัวเพิ่ม,ไม่มีแต่สามารถติดตั้งเพิ่มได้,เคยเฉพาะ EV,6,ทราบ แต่คิดว่าถูกกว่าเล็กน้อย,ทราบแต่ไม่เคยพิจารณา,5 (เห็นด้วยอย่างยิ่ง),5 (เห็นด้วยอย่างยิ่ง),5 (เห็นด้วยอย่างยิ่ง),5 (เห็นด้วยอย่างยิ่ง),3
"1/8/2026, 12:40:39",หญิง,31-40 ปี,ไม่มีบุตร,ปริญญาตรี,ข้าราชการ,5 คนขึ้นไป,คอนโด / อพาร์ตเมนต์ / หอพัก,เป็นเจ้าของ,มีที่จอดรถส่วนตัว,"25,001-35,000 บาท",มี,ขับทั้งในเมืองและนอกเมือง,3-4 วัน / สัปดาห์,31-50 กิโลเมตร,มูลค่าการขายต่อ,รถยนต์สันดาป (ดีเซล / เบนซิน),ความคุ้มค่าโดยรวม,"800,001-1,200,000 บาท","เพื่อใช้ในการเดินทางไปทำงาน, เพื่อใช้ในการค้าขาย, เพื่อใช้ในการเดินทางท่องเที่ยว, เพื่อความสะดวกในการเดินทาง, เพื่อหลีกเลี่ยงปัญหาจากระบบการขนส่งมวลชน",มีแนวโน้มที่จะซื้อ,รถยนต์สันดาป (ดีเซล / เบนซิน),ค่าบำรุงรักษา,5,5,4,5,4,3,5,5,5,4,5,5,2,5,5,3,3,4,5,4,4,6,3,3,5,ไม่มีเหตุการณ์ข้างต้น,ไม่มีและไม่สามารถติดตั้งได้ (เช่น คอนโด/หอพักที่ไม่อนุญาต),เคยทั้ง EV และ Hybrid,5,ทราบ แต่คิดว่าถูกกว่าเล็กน้อย,ทราบและเคยพิจารณาใช้สิทธิ์,5 (เห็นด้วยอย่างยิ่ง),3,3,4,5 (เห็นด้วยอย่างยิ่ง)
"1/8/2026, 12:40:40",ชาย,51-60 ปี,3 คน,ต่ำกว่า ม.3,เจ้าของกิจการ,5 คนขึ้นไป,บ้านเดี่ยว / บ้านแฝด,เป็นเจ้าของ,มีที่จอดรถส่วนตัว,"25,001-35,000 บาท","ไม่มี (หากตอบ ""ไม่มี"" ให้ข้ามไปตอบตอนที่ 3)",,,,,,ความคุ้มค่าโดยรวม,"800,001-1,200,000 บาท",เพื่อหลีกเลี่ยงปัญหาจากระบบการขนส่งมวลชน,มีแนวโน้มที่จะซื้อ,รถยนต์ไฟฟ้า (EV),"ราคาซื้อเริ่มต้น, ค่าบำรุงรักษา, ความสะดวกในการใช้งาน",5,3,2,5,5,5,5,5,4,5,5,3,4,5,4,5,4,5,4,3,4,3,5,7,5,รายได้เปลี่ยนแปลงอย่างมีนัยสำคัญ (เพิ่มขึ้นหรือลดลง),ไม่แน่ใจ,เคยทั้ง EV และ Hybrid,1,ทราบ แต่คิดว่าไม่ต่างกันมาก,ทราบและเคยพิจารณาใช้สิทธิ์,4,4,4,5 (เห็นด้วยอย่างยิ่ง),4
"1/8/2026, 12:40:42",หญิง,24-26 ปี,ไม่มีบุตร,ปริญญาตรี,พนักงานเอกชน,3-4 คน,คอนโด / อพาร์ตเมนต์ / หอพัก,เป็นเจ้าของ,มีที่จอดรถส่วนตัว,"15,001-25,000 บาท",มี,ขับทั้งในเมืองและนอกเมือง,ใช้งานทุกวัน,10-30 กิโลเมตร,"อายุการใช้งาน, ค่าใช้จ่ายในการซ่อมบำรุง",รถยนต์สันดาป (ดีเซล / เบนซิน),เทคโนโลยีและฟังก์ชันภายในรถ,"500,001-800,000 บาท",เพื่อหลีกเลี่ยงปัญหาจากระบบการขนส่งมวลชน,มีแนวโน้มที่จะซื้อ,รถยนต์ไฟฟ้า (EV),ค่าบำรุงรักษา,5,5,5,4,4,5,5,4,5,4,4,3,5,5,4,4,4,4,3,5,4,6,4,5,6,ไม่มีเหตุการณ์ข้างต้น,ไม่มีแต่สามารถติดตั้งเพิ่มได้,ไม่เคยเลย,6,ทราบ แต่คิดว่าไม่ต่างกันมาก,ทราบและเคยพิจารณาใช้สิทธิ์,3,4,4,5 (เห็นด้วยอย่างยิ่ง),4
"1/8/2026, 12:40:43",ชาย,20-23 ปี,ไม่มีบุตร,ปริญญาตรี,นักเรียน / นักศึกษา,5 คนขึ้นไป,คอนโด / อพาร์ตเมนต์ / หอพัก,พักอาศัยกับครอบครัว / ผู้อื่น,มีที่จอดรถส่วนตัว,"25,001-35,000 บาท","ไม่มี (หากตอบ ""ไม่มี"" ให้ข้ามไปตอบตอนที่ 3)",,,,,,เทคโนโลยีและฟังก์ชันภายในรถ,"มากกว่า 1,500,000 บาท",เพื่อหลีกเลี่ยงปัญหาจากระบบการขนส่งมวลชน,มีแนวโน้มที่จะซื้อ,รถยนต์สันดาป (ดีเซล / เบนซิน),ความสะดวกในการใช้งาน,3,4,5,5,5,3,3,5,5,5,5,5,4,4,4,5,5,5,5,4,5,5,5,5,3,"รายได้เปลี่ยนแปลงอย่างมีนัยสำคัญ (เพิ่มขึ้นหรือลดลง), ไม่มีเหตุการณ์ข้างต้น",ไม่แน่ใจ,เคยเฉพาะ EV,7,ทราบ และคิดว่าถูกกว่ามาก,ทราบและเคยพิจารณาใช้สิทธิ์,5 (เห็นด้วยอย่างยิ่ง),4,3,5 (เห็นด้วยอย่างยิ่ง),5 (เห็นด้วยอย่างยิ่ง)
"1/8/2026, 12:40:45",ชาย,20-23 ปี,ไม่มีบุตร,ปริญญาตรี,นักเรียน / นักศึกษา,5 คนขึ้นไป,คอนโด / อพาร์ตเมนต์ / หอพัก,พักอาศัยกับครอบครัว / ผู้อื่น,มีที่จอดรถส่วนตัว,"ต่ำกว่า 15,000 บาท",มี,ขับนอกเมือง,1-2 วัน / สัปดาห์,น้อยกว่า 10 กิโลเมตร,"ค่าไฟฟ้า, ศูนย์บริการและอะไหล่, ค่าใช้จ่ายในการซ่อมบำรุง",รถยนต์สันดาป (ดีเซล / เบนซิน),เทคโนโลยีและฟังก์ชันภายในรถ,"ต่ำกว่า 500,000 บาท","เพื่อใช้ในการเดินทางไปทำงาน, เพื่อใช้ในการเดินทางท่องเที่ยว, เพื่อความสะดวกในการเดินทาง",มีแนวโน้มที่จะซื้อ,รถยนต์ไฮบริด (Hybrid),"ราคาซื้อเริ่มต้น, ค่าบำรุงรักษา",5,4,4,3,5,4,4,5,4,5,5,4,4,5,5,5,3,5,4,5,5,6,5,4,3,ไม่มีเหตุการณ์ข้างต้น,ไม่แน่ใจ,ไม่เคยเลย,6,ทราบ แต่คิดว่าไม่ต่างกันมาก,ทราบและเคยพิจารณาใช้สิทธิ์,4,4,5 (เห็นด้วยอย่างยิ่ง),2,4
"1/8/2026, 12:40:46",หญิง,20-23 ปี,1 คน,ปวช. / ปวส.,พนักงานเอกชน,5 คนขึ้นไป,บ้านเดี่ยว / บ้านแฝด,เป็นเจ้าของ,มีที่จอดรถส่วนตัว,"15,001-25,000 บาท","ไม่มี (หากตอบ ""ไม่มี"" ให้ข้ามไปตอบตอนที่ 3)",,,,,,เทคโนโลยีและฟังก์ชันภายในรถ,"800,001-1,200,000 บาท",เพื่อหลีกเลี่ยงปัญหาจากระบบการขนส่งมวลชน,มีแนวโน้มที่จะซื้อ,รถยนต์ไฟฟ้า (EV),"ค่าบำรุงรักษา, ความสะดวกในการใช้งาน",5,5,5,5,5,4,4,3,4,4,5,3,2,5,4,4,4,4,4,4,4,4,5,5,5,ไม่มีเหตุการณ์ข้างต้น,ไม่แน่ใจ,เคยเฉพาะ EV,6,ทราบ แต่คิดว่าถูกกว่าเล็กน้อย,ทราบแต่ไม่เคยพิจารณา,5 (เห็นด้วยอย่างยิ่ง),2,5 (เห็นด้วยอย่างยิ่ง),4,5 (เห็นด้วยอย่างยิ่ง)
"1/8/2026, 12:40:47",หญิง,51-60 ปี,3 คน,ปริญญาตรี,ค้าขาย,5 คนขึ้นไป,บ้านเดี่ยว / บ้านแฝด,พักอาศัยกับครอบครัว / ผู้อื่น,มีที่จอดรถส่วนตัว,"35,001-50,000 บาท",มี,ขับในเมือง,ใช้งานทุกวัน,71-90 กิโลเมตร,ปั๊มน้ำมัน / สถานีชาร์จ,"รถยนต์สันดาป (ดีเซล / เบนซิน), รถยนต์ไฮบริด (Hybrid), รถยนต์ไฟฟ้า (EV)",เทคโนโลยีและฟังก์ชันภายในรถ,"800,001-1,200,000 บาท",เพื่อความสะดวกในการเดินทาง,ยังไม่มีแนวโน้มที่จะซื้อ,รถยนต์ไฟฟ้า (EV),เป็นมิตรต่อสิ่งแวดล้อม,5,4,3,5,4,5,5,5,5,5,3,5,5,4,3,5,4,5,4,5,5,5,4,2,2,ไม่มีเหตุการณ์ข้างต้น,ไม่แน่ใจ,เคยทั้ง EV และ Hybrid,7,ทราบ แต่คิดว่าไม่ต่างกันมาก,ทราบแต่ไม่เคยพิจารณา,5 (เห็นด้วยอย่างยิ่ง),4,5 (เห็นด้วยอย่างยิ่ง),3,5 (เห็นด้วยอย่างยิ่ง)
"1/8/2026, 12:40:49",ชาย,27-30 ปี,ไม่มีบุตร,ปริญญาโท,รัฐวิสาหกิจ,5 คนขึ้นไป,ทาวน์โฮม / ทาวเฮาท์,เป็นเจ้าของ,มีที่จอดรถส่วนตัว,"ต่ำกว่า 15,000 บาท",มี,ขับทั้งในเมืองและนอกเมือง,1-2 วัน / สัปดาห์,น้อยกว่า 10 กิโลเมตร,ศูนย์บริการและอะไหล่,รถยนต์สันดาป (ดีเซล / เบนซิน),"ราคา, การรับประกันและบริการหลังการขาย","ต่ำกว่า 500,000 บาท",เพื่อหลีกเลี่ยงปัญหาจากระบบการขนส่งมวลชน,มีแนวโน้มที่จะซื้อ,รถยนต์ไฟฟ้า (EV),"ค่าบำรุงรักษา, ความสะดวกในการใช้งาน",3,4,5,4,5,4,4,5,4,5,5,5,5,3,3,4,5,3,5,4,5,6,4,2,5,ไม่มีเหตุการณ์ข้างต้น,ไม่มีแต่สามารถติดตั้งเพิ่มได้,เคยทั้ง EV และ Hybrid,6,ทราบ แต่คิดว่าไม่ต่างกันมาก,ทราบแต่ไม่เคยพิจารณา,4,3,5 (เห็นด้วยอย่างยิ่ง),3,5 (เห็นด้วยอย่างยิ่ง)
"1/8/2026, 12:40:50",หญิง,41-50 ปี,2 คน,ปวช. / ปวส.,ค้าขาย,5 คนขึ้นไป,คอนโด / อพาร์ตเมนต์ / หอพัก,พักอาศัยกับครอบครัว / ผู้อื่น,มีที่จอดรถส่วนตัว,"50,001-75,000 บาท",มี,ขับในเมือง,5-6 วัน / สัปดาห์,31-50 กิโลเมตร,"ราคาน้ำมัน, ค่าไฟฟ้า, อายุการใช้งาน",รถยนต์สันดาป (ดีเซล / เบนซิน),เทคโนโลยีและฟังก์ชันภายในรถ,"500,001-800,000 บาท",เพื่อใช้ในการเดินทางไปทำงาน,มีแนวโน้มที่จะซื้อ,รถยนต์สันดาป (ดีเซล / เบนซิน),ราคาซื้อเริ่มต้น,5,5,4,5,4,3,5,4,5,5,5,4,4,5,5,5,4,4,5,5,3,4,5,5,5,ไม่มีเหตุการณ์ข้างต้น,ไม่มีและไม่สามารถติดตั้งได้ (เช่น คอนโด/หอพักที่ไม่อนุญาต),เคยเฉพาะ EV,6,ทราบ แต่คิดว่าถูกกว่าเล็กน้อย,ทราบและเคยพิจารณาใช้สิทธิ์,5 (เห็นด้วยอย่างยิ่ง),4,3,5 (เห็นด้วยอย่างยิ่ง),5 (เห็นด้วยอย่างยิ่ง)
"1/8/2026, 12:40:51",หญิง,20-23 ปี,ไม่มีบุตร,ปริญญาตรี,นักเรียน / นักศึกษา,5 คนขึ้นไป,คอนโด / อพาร์ตเมนต์ / หอพัก,พักอาศัยกับครอบครัว / ผู้อื่น,มีที่จอดรถส่วนตัว,"ต่ำกว่า 15,000 บาท",มี,ขับทั้งในเมืองและนอกเมือง,ใช้งานทุกวัน,น้อยกว่า 10 กิโลเมตร,"อายุการใช้งาน, มูลค่าการขายต่อ",รถยนต์ไฮบริด (Hybrid),"ความคุ้มค่าโดยรวม, การรับประกันและบริการหลังการขาย","ต่ำกว่า 500,000 บาท","เพื่อใช้ในการเดินทางไปทำงาน, เพื่อใช้ในการเดินทางท่องเที่ยว",ยังไม่มีแนวโน้มที่จะซื้อ,รถยนต์สันดาป (ดีเซล / เบนซิน),ค่าบำรุงรักษา,4,4,5,4,2,4,5,5,4,5,4,4,5,3,5,5,3,4,3,5,5,5,4,4,4,ไม่มีเหตุการณ์ข้างต้น,ไม่แน่ใจ,เคยเฉพาะ Hybrid,6,ทราบ และคิดว่าถูกกว่ามาก,ทราบและเคยพิจารณาใช้สิทธิ์,5 (เห็นด้วยอย่างยิ่ง),3,4,5 (เห็นด้วยอย่างยิ่ง),4
"1/8/2026, 12:40:52",หญิง,มากกว่า 60 ปี,ไม่มีบุตร,ม.3,รัฐวิสาหกิจ,5 คนขึ้นไป,คอนโด / อพาร์ตเมนต์ / หอพัก,เป็นเจ้าของ,มีที่จอดรถส่วนตัว,"15,001-25,000 บาท","ไม่มี (หากตอบ ""ไม่มี"" ให้ข้ามไปตอบตอนที่ 3)",,,,,,ค่าซ่อมบำรุง,"500,001-800,000 บาท",เพื่อหลีกเลี่ยงปัญหาจากระบบการขนส่งมวลชน,ยังไม่มีแนวโน้มที่จะซื้อ,รถยนต์สันดาป (ดีเซล / เบนซิน),เทคโนโลยีและความทันสมัย,4,5,5,4,4,4,4,5,5,5,3,5,5,5,4,4,5,4,4,3,5,6,6,5,5,ไม่มีเหตุการณ์ข้างต้น,ไม่แน่ใจ,เคยเฉพาะ EV,6,ทราบ แต่คิดว่าไม่ต่างกันมาก,ไม่ทราบเลย,5 (เห็นด้วยอย่างยิ่ง),4,4,4,5 (เห็นด้วยอย่างยิ่ง)
"1/8/2026, 12:40:53",ชาย,มากกว่า 60 ปี,ไม่มีบุตร,ปริญญาตรี,ค้าขาย,5 คนขึ้นไป,บ้านเดี่ยว / บ้านแฝด,พักอาศัยกับครอบครัว / ผู้อื่น,มีที่จอดรถส่วนตัว,"15,001-25,000 บาท",มี,ขับทั้งในเมืองและนอกเมือง,ใช้งานทุกวัน,31-50 กิโลเมตร,ศูนย์บริการและอะไหล่,รถยนต์ไฮบริด (Hybrid),เทคโนโลยีและฟังก์ชันภายในรถ,"ต่ำกว่า 500,000 บาท",เพื่อหลีกเลี่ยงปัญหาจากระบบการขนส่งมวลชน,ยังไม่มีแนวโน้มที่จะซื้อ,รถยนต์สันดาป (ดีเซล / เบนซิน),เทคโนโลยีและความทันสมัย,4,4,5,5,4,3,3,4,5,5,5,5,5,4,4,5,3,4,5,5,4,7,5,6,3,ไม่มีเหตุการณ์ข้างต้น,ไม่แน่ใจ,เคยเฉพาะ EV,2,ทราบ แต่คิดว่าถูกกว่าเล็กน้อย,ทราบแต่ไม่เคยพิจารณา,4,4,5 (เห็นด้วยอย่างยิ่ง),4,5 (เห็นด้วยอย่างยิ่ง)
"1/8/2026, 12:40:56",หญิง,31-40 ปี,ไม่มีบุตร,ปริญญาตรี,พนักงานเอกชน,3-4 คน,คอนโด / อพาร์ตเมนต์ / หอพัก,เช่า,มีที่จอดรถส่วนตัว,"15,001-25,000 บาท",มี,ขับในเมือง,1-2 วัน / สัปดาห์,น้อยกว่า 10 กิโลเมตร,"ศูนย์บริการและอะไหล่, อายุการใช้งาน",รถยนต์สันดาป (ดีเซล / เบนซิน),"ความสามารถในการผ่อนชำระ, ค่าน้ำมัน, เทคโนโลยีและฟังก์ชันภายในรถ","500,001-800,000 บาท",เพื่อใช้ในการเดินทางไปทำงาน,มีแนวโน้มที่จะซื้อ,รถยนต์สันดาป (ดีเซล / เบนซิน),ค่าบำรุงรักษา,4,5,4,4,4,5,4,4,4,5,5,5,5,5,4,5,4,5,5,5,5,3,3,4,6,รายได้เปลี่ยนแปลงอย่างมีนัยสำคัญ (เพิ่มขึ้นหรือลดลง),ไม่มีและไม่สามารถติดตั้งได้ (เช่น คอนโด/หอพักที่ไม่อนุญาต),เคยเฉพาะ Hybrid,6,ทราบ แต่คิดว่าไม่ต่างกันมาก,ทราบแต่ไม่เคยพิจารณา,5 (เห็นด้วยอย่างยิ่ง),4,5 (เห็นด้วยอย่างยิ่ง),5 (เห็นด้วยอย่างยิ่ง),3
"1/8/2026, 12:40:57",ชาย,มากกว่า 60 ปี,1 คน,ม.6,พนักงานเอกชน,3-4 คน,บ้านเดี่ยว / บ้านแฝด,เช่า,มีที่จอดรถส่วนตัว,"35,001-50,000 บาท",มี,ขับนอกเมือง,1-2 วัน / สัปดาห์,31-50 กิโลเมตร,"ราคาน้ำมัน, ศูนย์บริการและอะไหล่, มูลค่าการขายต่อ","รถยนต์สันดาป (ดีเซล / เบนซิน), รถยนต์ไฟฟ้า (EV)","เทคโนโลยีและฟังก์ชันภายในรถ, ความคุ้มค่าโดยรวม","500,001-800,000 บาท",เพื่อหลีกเลี่ยงปัญหาจากระบบการขนส่งมวลชน,มีแนวโน้มที่จะซื้อ,รถยนต์สันดาป (ดีเซล / เบนซิน),"ค่าบำรุงรักษา, ความสะดวกในการใช้งาน",5,4,5,5,3,5,3,5,5,4,4,5,5,3,5,4,4,5,5,5,5,4,4,5,7,ไม่มีเหตุการณ์ข้างต้น,ไม่แน่ใจ,เคยเฉพาะ EV,5,ทราบ และคิดว่าถูกกว่ามาก,ทราบแต่ไม่เคยพิจารณา,4,4,4,5 (เห็นด้วยอย่างยิ่ง),4
"1/8/2026, 12:41:00",หญิง,20-23 ปี,ไม่มีบุตร,ปริญญาโท,นักเรียน / นักศึกษา,3-4 คน,คอนโด / อพาร์ตเมนต์ / หอพัก,เช่า,มีที่จอดรถส่วนตัว,"ต่ำกว่า 15,000 บาท",มี,ขับในเมือง,ใช้งานทุกวัน,31-50 กิโลเมตร,ราคาน้ำมัน,รถยนต์สันดาป (ดีเซล / เบนซิน),"ราคา, เทคโนโลยีและฟังก์ชันภายในรถ","1,200,000-1,500,000 บาท","เพื่อใช้ในการเดินทางท่องเที่ยว, เพื่อหลีกเลี่ยงปัญหาจากระบบการขนส่งมวลชน",ยังไม่มีแนวโน้มที่จะซื้อ,รถยนต์ไฟฟ้า (EV),ราคาซื้อเริ่มต้น,3,4,5,4,5,3,5,5,5,5,5,5,4,5,5,4,3,4,2,4,5,3,5,3,5,รายได้เปลี่ยนแปลงอย่างมีนัยสำคัญ (เพิ่มขึ้นหรือลดลง),ไม่มีแต่สามารถติดตั้งเพิ่มได้,เคยเฉพาะ EV,3,ทราบ แต่คิดว่าไม่ต่างกันมาก,ทราบและเคยพิจารณาใช้สิทธิ์,2,4,4,5 (เห็นด้วยอย่างยิ่ง),4
"1/8/2026, 12:41:03",หญิง,มากกว่า 60 ปี,ไม่มีบุตร,ต่ำกว่า ม.3,ค้าขาย,5 คนขึ้นไป,บ้านเดี่ยว / บ้านแฝด,เช่า,มีที่จอดรถส่วนตัว,"25,001-35,000 บาท","ไม่มี (หากตอบ ""ไม่มี"" ให้ข้ามไปตอบตอนที่ 3)",,,,,,เทคโนโลยีและฟังก์ชันภายในรถ,"800,001-1,200,000 บาท",เพื่อหลีกเลี่ยงปัญหาจากระบบการขนส่งมวลชน,มีแนวโน้มที่จะซื้อ,รถยนต์สันดาป (ดีเซล / เบนซิน),ค่าบำรุงรักษา,4,4,4,4,5,5,5,4,5,5,4,4,5,5,4,4,5,4,5,5,4,4,3,5,6,รายได้เปลี่ยนแปลงอย่างมีนัยสำคัญ (เพิ่มขึ้นหรือลดลง),ไม่มีและไม่สามารถติดตั้งได้ (เช่น คอนโด/หอพักที่ไม่อนุญาต),เคยเฉพาะ EV,7,ทราบ และคิดว่าถูกกว่ามาก,ไม่ทราบเลย,4,4,4,5 (เห็นด้วยอย่างยิ่ง),5 (เห็นด้วยอย่างยิ่ง)
"1/8/2026, 12:41:05",หญิง,24-26 ปี,ไม่มีบุตร,ปริญญาตรี,อาชีพอิสระ,5 คนขึ้นไป,คอนโด / อพาร์ตเมนต์ / หอพัก,เช่า,มีที่จอดรถส่วนกลาง / เช่า,"15,001-25,000 บาท","ไม่มี (หากตอบ ""ไม่มี"" ให้ข้ามไปตอบตอนที่ 3)",,,,,,"ราคา, ค่าน้ำมัน, แบรนด์, การรับประกันและบริการหลังการขาย","800,001-1,200,000 บาท",เพื่อหลีกเลี่ยงปัญหาจากระบบการขนส่งมวลชน,ยังไม่มีแนวโน้มที่จะซื้อ,รถยนต์สันดาป (ดีเซล / เบนซิน),ความสะดวกในการใช้งาน,5,3,3,4,4,5,5,3,5,5,5,5,5,4,5,5,5,4,4,5,4,4,4,4,4,เปลี่ยนงาน/ที่ทำงานใหม่,ไม่มีและไม่สามารถติดตั้งได้ (เช่น คอนโด/หอพักที่ไม่อนุญาต),เคยเฉพาะ EV,4,ทราบ แต่คิดว่าไม่ต่างกันมาก,ทราบและเคยพิจารณาใช้สิทธิ์,5 (เห็นด้วยอย่างยิ่ง),3,4,4,5 (เห็นด้วยอย่างยิ่ง)
"1/8/2026, 12:41:06",หญิง,20-23 ปี,ไม่มีบุตร,ปริญญาตรี,นักเรียน / นักศึกษา,5 คนขึ้นไป,บ้านเดี่ยว / บ้านแฝด,เช่า,มีที่จอดรถส่วนกลาง / เช่า,"ต่ำกว่า 15,000 บาท","ไม่มี (หากตอบ ""ไม่มี"" ให้ข้ามไปตอบตอนที่ 3)",,,,,,รูปลักษณ์ / ดีไซน์,"500,001-800,000 บาท",เพื่อหลีกเลี่ยงปัญหาจากระบบการขนส่งมวลชน,มีแนวโน้มที่จะซื้อ,รถยนต์สันดาป (ดีเซล / เบนซิน),ความสะดวกในการใช้งาน,2,5,4,4,3,4,4,5,5,3,5,5,4,5,5,5,3,5,4,5,3,5,5,5,5,ไม่มีเหตุการณ์ข้างต้น,ไม่มีแต่สามารถติดตั้งเพิ่มได้,เคยทั้ง EV และ Hybrid,2,ทราบ แต่คิดว่าถูกกว่าเล็กน้อย,ทราบแต่ไม่เคยพิจารณา,5 (เห็นด้วยอย่างยิ่ง),4,5 (เห็นด้วยอย่างยิ่ง),5 (เห็นด้วยอย่างยิ่ง),3
"1/8/2026, 12:41:51",ชาย,มากกว่า 60 ปี,1 คน,ปริญญาตรี,พนักงานเอกชน,5 คนขึ้นไป,คอนโด / อพาร์ตเมนต์ / หอพัก,เช่า,มีที่จอดรถส่วนตัว,"25,001-35,000 บาท",มี,ขับนอกเมือง,5-6 วัน / สัปดาห์,น้อยกว่า 10 กิโลเมตร,"ราคาน้ำมัน, ค่าใช้จ่ายในการซ่อมบำรุง","รถยนต์สันดาป (ดีเซล / เบนซิน), รถยนต์ไฮบริด (Hybrid)",การรับประกันและบริการหลังการขาย,"500,001-800,000 บาท",เพื่อใช้ในการเดินทางไปทำงาน,ยังไม่มีแนวโน้มที่จะซื้อ,รถยนต์ไฟฟ้า (EV),"ราคาซื้อเริ่มต้น, ประหยัดค่าเชื้อเพลิง, ค่าบำรุงรักษา, ความสะดวกในการใช้งาน",4,5,5,4,5,5,3,5,5,5,4,3,4,5,4,5,5,3,5,5,5,6,3,7,5,ไม่มีเหตุการณ์ข้างต้น,ไม่มีแต่สามารถติดตั้งเพิ่มได้,เคยเฉพาะ EV,3,ทราบ แต่คิดว่าไม่ต่างกันมาก,ทราบและเคยพิจารณาใช้สิทธิ์,5 (เห็นด้วยอย่างยิ่ง),5 (เห็นด้วยอย่างยิ่ง),4,3,5 (เห็นด้วยอย่างยิ่ง)
"1/8/2026, 12:41:53",หญิง,20-23 ปี,1 คน,ปริญญาตรี,พนักงานเอกชน,5 คนขึ้นไป,บ้านเดี่ยว / บ้านแฝด,เป็นเจ้าของ,มีที่จอดรถส่วนตัว,"15,001-25,000 บาท",มี,ขับในเมือง,5-6 วัน / สัปดาห์,น้อยกว่า 10 กิโลเมตร,ศูนย์บริการและอะไหล่,รถยนต์สันดาป (ดีเซล / เบนซิน),ค่าซ่อมบำรุง,"500,001-800,000 บาท",เพื่อหลีกเลี่ยงปัญหาจากระบบการขนส่งมวลชน,มีแนวโน้มที่จะซื้อ,รถยนต์สันดาป (ดีเซล / เบนซิน),ค่าบำรุงรักษา,4,5,5,5,5,5,4,5,5,5,5,5,5,5,5,4,2,5,5,5,5,3,4,6,5,ไม่มีเหตุการณ์ข้างต้น,ไม่มีแต่สามารถติดตั้งเพิ่มได้,เคยเฉพาะ Hybrid,5,ทราบ แต่คิดว่าไม่ต่างกันมาก,ทราบแต่ไม่เคยพิจารณา,5 (เห็นด้วยอย่างยิ่ง),4,5 (เห็นด้วยอย่างยิ่ง),5 (เห็นด้วยอย่างยิ่ง),3
"1/8/2026, 12:41:55",หญิง,24-26 ปี,มากกว่า 3 คน,ปริญญาตรี,นักเรียน / นักศึกษา,5 คนขึ้นไป,บ้านเดี่ยว / บ้านแฝด,เป็นเจ้าของ,มีที่จอดรถส่วนตัว,"ต่ำกว่า 15,000 บาท","ไม่มี (หากตอบ ""ไม่มี"" ให้ข้ามไปตอบตอนที่ 3)",,,,,,การรับประกันและบริการหลังการขาย,"500,001-800,000 บาท",เพื่อความสะดวกในการเดินทาง,มีแนวโน้มที่จะซื้อ,รถยนต์สันดาป (ดีเซล / เบนซิน),ค่าบำรุงรักษา,5,3,4,5,5,4,5,5,3,5,4,5,4,5,4,4,5,5,5,5,4,5,4,5,4,ไม่มีเหตุการณ์ข้างต้น,ไม่มีแต่สามารถติดตั้งเพิ่มได้,เคยทั้ง EV และ Hybrid,5,ทราบ แต่คิดว่าไม่ต่างกันมาก,ทราบและเคยพิจารณาใช้สิทธิ์,5 (เห็นด้วยอย่างยิ่ง),5 (เห็นด้วยอย่างยิ่ง),5 (เห็นด้วยอย่างยิ่ง),4,3
"1/8/2026, 12:41:59",หญิง,31-40 ปี,ไม่มีบุตร,ปริญญาตรี,พนักงานเอกชน,5 คนขึ้นไป,บ้านเดี่ยว / บ้านแฝด,เช่า,มีที่จอดรถส่วนตัว,"15,001-25,000 บาท",มี,ขับทั้งในเมืองและนอกเมือง,1-2 วัน / สัปดาห์,71-90 กิโลเมตร,"ราคาน้ำมัน, ค่าใช้จ่ายในการซ่อมบำรุง",รถยนต์สันดาป (ดีเซล / เบนซิน),"ราคา, เทคโนโลยีและฟังก์ชันภายในรถ, ความคุ้มค่าโดยรวม","500,001-800,000 บาท","เพื่อใช้ในการเดินทางไปทำงาน, เพื่อใช้ในการเดินทางท่องเที่ยว, เพื่อความสะดวกในการเดินทาง",มีแนวโน้มที่จะซื้อ,รถยนต์ไฟฟ้า (EV),ค่าบำรุงรักษา,5,5,5,4,4,3,5,5,3,5,2,5,5,5,5,4,5,4,5,5,4,3,2,4,2,"มีบุตร/สมาชิกครอบครัวเพิ่ม, ไม่มีเหตุการณ์ข้างต้น",ไม่มีแต่สามารถติดตั้งเพิ่มได้,เคยเฉพาะ EV,1,ทราบ แต่คิดว่าถูกกว่าเล็กน้อย,ทราบและเคยพิจารณาใช้สิทธิ์,5 (เห็นด้วยอย่างยิ่ง),3,4,5 (เห็นด้วยอย่างยิ่ง),5 (เห็นด้วยอย่างยิ่ง)
"1/8/2026, 12:42:01",หญิง,31-40 ปี,1 คน,ปริญญาตรี,ค้าขาย,5 คนขึ้นไป,คอนโด / อพาร์ตเมนต์ / หอพัก,เช่า,มีที่จอดรถส่วนตัว,"ต่ำกว่า 15,000 บาท",มี,ขับนอกเมือง,1-2 วัน / สัปดาห์,น้อยกว่า 10 กิโลเมตร,อายุการใช้งาน,รถยนต์สันดาป (ดีเซล / เบนซิน),"ค่าซ่อมบำรุง, เทคโนโลยีและฟังก์ชันภายในรถ, การรับประกันและบริการหลังการขาย","800,001-1,200,000 บาท",เพื่อหลีกเลี่ยงปัญหาจากระบบการขนส่งมวลชน,มีแนวโน้มที่จะซื้อ,รถยนต์ไฮบริด (Hybrid),ค่าบำรุงรักษา,5,5,3,5,5,5,5,4,3,4,4,4,2,4,4,4,5,5,4,4,5,4,7,5,4,ย้ายที่อยู่อาศัย,ไม่มีและไม่สามารถติดตั้งได้ (เช่น คอนโด/หอพักที่ไม่อนุญาต),เคยเฉพาะ Hybrid,6,ทราบ และคิดว่าถูกกว่ามาก,ทราบแต่ไม่เคยพิจารณา,4,5 (เห็นด้วยอย่างยิ่ง),5 (เห็นด้วยอย่างยิ่ง),3,5 (เห็นด้วยอย่างยิ่ง)
"1/8/2026, 12:42:02",ชาย,31-40 ปี,ไม่มีบุตร,ปริญญาโท,พนักงานเอกชน,5 คนขึ้นไป,บ้านเดี่ยว / บ้านแฝด,เช่า,มีที่จอดรถส่วนตัว,"25,001-35,000 บาท","ไม่มี (หากตอบ ""ไม่มี"" ให้ข้ามไปตอบตอนที่ 3)",,,,,,ราคา,"500,001-800,000 บาท",เพื่อใช้ในการเดินทางไปทำงาน,มีแนวโน้มที่จะซื้อ,รถยนต์ไฮบริด (Hybrid),ค่าบำรุงรักษา,4,4,4,5,5,4,4,5,5,5,5,5,4,5,5,5,4,5,5,5,5,4,5,4,4,"มีบุตร/สมาชิกครอบครัวเพิ่ม, ไม่มีเหตุการณ์ข้างต้น",ไม่แน่ใจ,เคยทั้ง EV และ Hybrid,5,ทราบ และคิดว่าถูกกว่ามาก,ทราบแต่ไม่เคยพิจารณา,4,4,4,5 (เห็นด้วยอย่างยิ่ง),4
"1/8/2026, 12:42:03",ชาย,31-40 ปี,3 คน,ปวช. / ปวส.,รัฐวิสาหกิจ,3-4 คน,คอนโด / อพาร์ตเมนต์ / หอพัก,เช่า,มีที่จอดรถส่วนตัว,"25,001-35,000 บาท",มี,ขับทั้งในเมืองและนอกเมือง,ใช้งานทุกวัน,น้อยกว่า 10 กิโลเมตร,ศูนย์บริการและอะไหล่,"รถยนต์สันดาป (ดีเซล / เบนซิน), รถยนต์ไฟฟ้า (EV)","ความสามารถในการผ่อนชำระ, สมรรถนะในการขับขี่","ต่ำกว่า 500,000 บาท",เพื่อหลีกเลี่ยงปัญหาจากระบบการขนส่งมวลชน,มีแนวโน้มที่จะซื้อ,รถยนต์ไฟฟ้า (EV),ค่าบำรุงรักษา,5,4,4,3,4,4,5,5,5,4,5,4,5,3,4,4,5,5,5,4,5,6,2,6,5,"รายได้เปลี่ยนแปลงอย่างมีนัยสำคัญ (เพิ่มขึ้นหรือลดลง), ไม่มีเหตุการณ์ข้างต้น",ไม่มีและไม่สามารถติดตั้งได้ (เช่น คอนโด/หอพักที่ไม่อนุญาต),เคยเฉพาะ EV,3,ทราบ แต่คิดว่าถูกกว่าเล็กน้อย,ทราบและเคยพิจารณาใช้สิทธิ์,4,5 (เห็นด้วยอย่างยิ่ง),4,4,3
"1/8/2026, 12:42:04",ชาย,27-30 ปี,ไม่มีบุตร,ปริญญาตรี,อาชีพอิสระ,5 คนขึ้นไป,ทาวน์โฮม / ทาวเฮาท์,เช่า,มีที่จอดรถส่วนตัว,"15,001-25,000 บาท",มี,ขับทั้งในเมืองและนอกเมือง,ใช้งานทุกวัน,น้อยกว่า 10 กิโลเมตร,ศูนย์บริการและอะไหล่,รถยนต์สันดาป (ดีเซล / เบนซิน),ค่าซ่อมบำรุง,"800,001-1,200,000 บาท","เพื่อใช้ในการเดินทางไปทำงาน, เพื่อใช้ในการเดินทางท่องเที่ยว, เพื่อหลีกเลี่ยงปัญหาจากระบบการขนส่งมวลชน",ยังไม่มีแนวโน้มที่จะซื้อ,รถยนต์ไฟฟ้า (EV),"ประหยัดค่าเชื้อเพลิง, ค่าบำรุงรักษา, ความสะดวกในการใช้งาน",4,4,4,5,5,5,4,5,5,5,5,5,4,5,5,5,4,5,5,4,2,5,5,3,5,"เปลี่ยนงาน/ที่ทำงานใหม่, มีบุตร/สมาชิกครอบครัวเพิ่ม, ไม่มีเหตุการณ์ข้างต้น",ไม่มีแต่สามารถติดตั้งเพิ่มได้,เคยทั้ง EV และ Hybrid,6,ทราบ แต่คิดว่าไม่ต่างกันมาก,ทราบและเคยพิจารณาใช้สิทธิ์,4,5 (เห็นด้วยอย่างยิ่ง),4,5 (เห็นด้วยอย่างยิ่ง),3
"1/8/2026, 12:42:06",หญิง,31-40 ปี,3 คน,ปริญญาตรี,รัฐวิสาหกิจ,5 คนขึ้นไป,บ้านเดี่ยว / บ้านแฝด,เป็นเจ้าของ,มีที่จอดรถส่วนกลาง / เช่า,"15,001-25,000 บาท","ไม่มี (หากตอบ ""ไม่มี"" ให้ข้ามไปตอบตอนที่ 3)",,,,,,เทคโนโลยีและฟังก์ชันภายในรถ,"ต่ำกว่า 500,000 บาท",เพื่อหลีกเลี่ยงปัญหาจากระบบการขนส่งมวลชน,มีแนวโน้มที่จะซื้อ,รถยนต์สันดาป (ดีเซล / เบนซิน),"ราคาซื้อเริ่มต้น, ประหยัดค่าเชื้อเพลิง, ความสะดวกในการใช้งาน",5,5,4,5,5,5,3,4,5,5,5,5,5,5,5,5,5,4,4,4,4,7,4,5,5,ไม่มีเหตุการณ์ข้างต้น,ไม่มีแต่สามารถติดตั้งเพิ่มได้,เคยทั้ง EV และ Hybrid,4,ทราบ และคิดว่าถูกกว่ามาก,ทราบและเคยพิจารณาใช้สิทธิ์,3,4,5 (เห็นด้วยอย่างยิ่ง),3,5 (เห็นด้วยอย่างยิ่ง)
"1/8/2026, 12:42:08",ชาย,20-23 ปี,ไม่มีบุตร,ปริญญาตรี,นักเรียน / นักศึกษา,3-4 คน,คอนโด / อพาร์ตเมนต์ / หอพัก,เช่า,มีที่จอดรถส่วนตัว,"ต่ำกว่า 15,000 บาท","ไม่มี (หากตอบ ""ไม่มี"" ให้ข้ามไปตอบตอนที่ 3)",,,,,,"ความสามารถในการผ่อนชำระ, การรับประกันและบริการหลังการขาย","500,001-800,000 บาท",เพื่อหลีกเลี่ยงปัญหาจากระบบการขนส่งมวลชน,ยังไม่มีแนวโน้มที่จะซื้อ,รถยนต์สันดาป (ดีเซล / เบนซิน),"ค่าบำรุงรักษา, ความสะดวกในการใช้งาน",5,4,5,5,4,5,5,5,5,5,5,5,5,5,5,4,4,4,5,3,4,5,4,7,5,"รายได้เปลี่ยนแปลงอย่างมีนัยสำคัญ (เพิ่มขึ้นหรือลดลง), ไม่มีเหตุการณ์ข้างต้น",ไม่มีและไม่สามารถติดตั้งได้ (เช่น คอนโด/หอพักที่ไม่อนุญาต),เคยเฉพาะ EV,5,ทราบ แต่คิดว่าไม่ต่างกันมาก,ทราบแต่ไม่เคยพิจารณา,2,5 (เห็นด้วยอย่างยิ่ง),5 (เห็นด้วยอย่างยิ่ง),5 (เห็นด้วยอย่างยิ่ง),5 (เห็นด้วยอย่างยิ่ง)
"1/8/2026, 12:42:09",ชาย,41-50 ปี,1 คน,ม.6,อาชีพอิสระ,3-4 คน,คอนโด / อพาร์ตเมนต์ / หอพัก,พักอาศัยกับครอบครัว / ผู้อื่น,มีที่จอดรถส่วนกลาง / เช่า,"25,001-35,000 บาท",มี,ขับทั้งในเมืองและนอกเมือง,5-6 วัน / สัปดาห์,น้อยกว่า 10 กิโลเมตร,"อายุการใช้งาน, มูลค่าการขายต่อ","รถยนต์สันดาป (ดีเซล / เบนซิน), รถยนต์ไฮบริด (Hybrid)","ราคา, ความสามารถในการผ่อนชำระ, เทคโนโลยีและฟังก์ชันภายในรถ","500,001-800,000 บาท","เพื่อใช้ในการค้าขาย, เพื่อใช้ในการเดินทางท่องเที่ยว",ยังไม่มีแนวโน้มที่จะซื้อ,รถยนต์ไฮบริด (Hybrid),"ราคาซื้อเริ่มต้น, ค่าบำรุงรักษา",5,5,3,5,4,5,5,4,4,5,5,3,5,5,5,5,5,4,5,4,5,3,4,5,4,ไม่มีเหตุการณ์ข้างต้น,ไม่มีแต่สามารถติดตั้งเพิ่มได้,เคยเฉพาะ EV,3,ไม่ทราบเลย,ทราบและเคยพิจารณาใช้สิทธิ์,4,4,4,5 (เห็นด้วยอย่างยิ่ง),5 (เห็นด้วยอย่างยิ่ง)
"1/8/2026, 12:42:13",หญิง,มากกว่า 60 ปี,3 คน,ม.3,พนักงานเอกชน,3-4 คน,บ้านเดี่ยว / บ้านแฝด,พักอาศัยกับครอบครัว / ผู้อื่น,มีที่จอดรถส่วนตัว,"ต่ำกว่า 15,000 บาท",มี,ขับทั้งในเมืองและนอกเมือง,ใช้งานทุกวัน,31-50 กิโลเมตร,ศูนย์บริการและอะไหล่,รถยนต์สันดาป (ดีเซล / เบนซิน),"เทคโนโลยีและฟังก์ชันภายในรถ, การรับประกันและบริการหลังการขาย","1,200,000-1,500,000 บาท",เพื่อหลีกเลี่ยงปัญหาจากระบบการขนส่งมวลชน,มีแนวโน้มที่จะซื้อ,รถยนต์สันดาป (ดีเซล / เบนซิน),ค่าบำรุงรักษา,3,5,5,4,5,5,5,5,4,5,4,4,5,4,5,4,4,5,5,5,5,3,4,1,6,ไม่มีเหตุการณ์ข้างต้น,ไม่แน่ใจ,เคยเฉพาะ EV,3,ทราบ แต่คิดว่าไม่ต่างกันมาก,ทราบและเคยพิจารณาใช้สิทธิ์,4,5 (เห็นด้วยอย่างยิ่ง),3,5 (เห็นด้วยอย่างยิ่ง),5 (เห็นด้วยอย่างยิ่ง)
"1/8/2026, 12:42:15",หญิง,มากกว่า 60 ปี,ไม่มีบุตร,ต่ำกว่า ม.3,เจ้าของกิจการ,5 คนขึ้นไป,ทาวน์โฮม / ทาวเฮาท์,เช่า,มีที่จอดรถส่วนตัว,"25,001-35,000 บาท","ไม่มี (หากตอบ ""ไม่มี"" ให้ข้ามไปตอบตอนที่ 3)",,,,,,"ค่าน้ำมัน, รูปลักษณ์ / ดีไซน์, เทคโนโลยีและฟังก์ชันภายในรถ","มากกว่า 1,500,000 บาท",เพื่อหลีกเลี่ยงปัญหาจากระบบการขนส่งมวลชน,มีแนวโน้มที่จะซื้อ,รถยนต์สันดาป (ดีเซล / เบนซิน),ค่าบำรุงรักษา,5,4,4,4,3,5,5,5,5,5,4,3,4,4,4,5,3,5,5,4,5,5,3,3,4,รายได้เปลี่ยนแปลงอย่างมีนัยสำคัญ (เพิ่มขึ้นหรือลดลง),ไม่มีแต่สามารถติดตั้งเพิ่มได้,เคยเฉพาะ Hybrid,6,ทราบ แต่คิดว่าไม่ต่างกันมาก,ทราบและเคยพิจารณาใช้สิทธิ์,4,3,5 (เห็นด้วยอย่างยิ่ง),5 (เห็นด้วยอย่างยิ่ง),5 (เห็นด้วยอย่างยิ่ง)
"1/8/2026, 12:42:22",หญิง,มากกว่า 60 ปี,1 คน,ปริญญาโท,ค้าขาย,3-4 คน,บ้านเดี่ยว / บ้านแฝด,เช่า,มีที่จอดรถส่วนตัว,"50,001-75,000 บาท",มี,ขับทั้งในเมืองและนอกเมือง,ใช้งานทุกวัน,71-90 กิโลเมตร,"อายุการใช้งาน, ค่าใช้จ่ายในการซ่อมบำรุง",รถยนต์สันดาป (ดีเซล / เบนซิน),เทคโนโลยีและฟังก์ชันภายในรถ,"1,200,000-1,500,000 บาท",เพื่อหลีกเลี่ยงปัญหาจากระบบการขนส่งมวลชน,ยังไม่มีแนวโน้มที่จะซื้อ,รถยนต์สันดาป (ดีเซล / เบนซิน),"ราคาซื้อเริ่มต้น, ค่าบำรุงรักษา, ความสะดวกในการใช้งาน, เทคโนโลยีและความทันสมัย",5,3,3,4,5,5,5,5,5,5,2,5,5,5,5,5,5,5,5,5,5,6,5,3,4,ไม่มีเหตุการณ์ข้างต้น,ไม่มีแต่สามารถติดตั้งเพิ่มได้,ไม่เคยเลย,3,ไม่ทราบเลย,ทราบแต่ไม่เคยพิจารณา,3,5 (เห็นด้วยอย่างยิ่ง),3,5 (เห็นด้วยอย่างยิ่ง),5 (เห็นด้วยอย่างยิ่ง)
"1/8/2026, 12:42:27",หญิง,51-60 ปี,1 คน,ปริญญาโท,ค้าขาย,5 คนขึ้นไป,คอนโด / อพาร์ตเมนต์ / หอพัก,เช่า,มีที่จอดรถส่วนตัว,"35,001-50,000 บาท","ไม่มี (หากตอบ ""ไม่มี"" ให้ข้ามไปตอบตอนที่ 3)",,,,,,เทคโนโลยีและฟังก์ชันภายในรถ,"500,001-800,000 บาท","เพื่อใช้ในการเดินทางไปทำงาน, เพื่อใช้ในการเดินทางท่องเที่ยว, เพื่อหลีกเลี่ยงปัญหาจากระบบการขนส่งมวลชน",มีแนวโน้มที่จะซื้อ,รถยนต์สันดาป (ดีเซล / เบนซิน),ค่าบำรุงรักษา,5,5,4,5,5,5,5,5,5,5,4,4,5,4,4,5,5,5,5,4,5,5,5,5,3,"เปลี่ยนงาน/ที่ทำงานใหม่, รายได้เปลี่ยนแปลงอย่างมีนัยสำคัญ (เพิ่มขึ้นหรือลดลง), ไม่มีเหตุการณ์ข้างต้น",ไม่มีและไม่สามารถติดตั้งได้ (เช่น คอนโด/หอพักที่ไม่อนุญาต),เคยทั้ง EV และ Hybrid,4,ทราบ แต่คิดว่าไม่ต่างกันมาก,ทราบแต่ไม่เคยพิจารณา,3,4,5 (เห็นด้วยอย่างยิ่ง),4,5 (เห็นด้วยอย่างยิ่ง)
"1/8/2026, 12:42:34",ชาย,มากกว่า 60 ปี,1 คน,ม.6,ค้าขาย,5 คนขึ้นไป,บ้านเดี่ยว / บ้านแฝด,เป็นเจ้าของ,มีที่จอดรถส่วนตัว,"35,001-50,000 บาท","ไม่มี (หากตอบ ""ไม่มี"" ให้ข้ามไปตอบตอนที่ 3)",,,,,,เทคโนโลยีและฟังก์ชันภายในรถ,"800,001-1,200,000 บาท","เพื่อใช้ในการเดินทางท่องเที่ยว, เพื่อหลีกเลี่ยงปัญหาจากระบบการขนส่งมวลชน",มีแนวโน้มที่จะซื้อ,รถยนต์สันดาป (ดีเซล / เบนซิน),"ราคาซื้อเริ่มต้น, ค่าบำรุงรักษา",5,3,5,4,5,5,5,5,5,5,4,4,5,4,5,4,5,5,5,5,4,5,7,5,4,ไม่มีเหตุการณ์ข้างต้น,ไม่มีและไม่สามารถติดตั้งได้ (เช่น คอนโด/หอพักที่ไม่อนุญาต),เคยเฉพาะ Hybrid,4,ทราบ และคิดว่าถูกกว่ามาก,ทราบและเคยพิจารณาใช้สิทธิ์,5 (เห็นด้วยอย่างยิ่ง),4,4,4,4
"1/8/2026, 12:42:35",ชาย,มากกว่า 60 ปี,ไม่มีบุตร,ม.6,ค้าขาย,3-4 คน,บ้านเดี่ยว / บ้านแฝด,เป็นเจ้าของ,มีที่จอดรถส่วนตัว,"50,001-75,000 บาท","ไม่มี (หากตอบ ""ไม่มี"" ให้ข้ามไปตอบตอนที่ 3)",,,,,,ราคา,"800,001-1,200,000 บาท",เพื่อหลีกเลี่ยงปัญหาจากระบบการขนส่งมวลชน,มีแนวโน้มที่จะซื้อ,รถยนต์สันดาป (ดีเซล / เบนซิน),"ประหยัดค่าเชื้อเพลิง, ค่าบำรุงรักษา",3,5,4,4,5,4,5,5,4,4,5,5,5,5,4,4,5,5,5,4,5,4,7,6,6,ไม่มีเหตุการณ์ข้างต้น,ไม่มีและไม่สามารถติดตั้งได้ (เช่น คอนโด/หอพักที่ไม่อนุญาต),เคยเฉพาะ EV,4,ทราบ แต่คิดว่าไม่ต่างกันมาก,ทราบและเคยพิจารณาใช้สิทธิ์,5 (เห็นด้วยอย่างยิ่ง),3,4,4,5 (เห็นด้วยอย่างยิ่ง)
"1/8/2026, 12:42:39",หญิง,20-23 ปี,ไม่มีบุตร,ปริญญาตรี,นักเรียน / นักศึกษา,5 คนขึ้นไป,คอนโด / อพาร์ตเมนต์ / หอพัก,เช่า,มีที่จอดรถส่วนตัว,"ต่ำกว่า 15,000 บาท","ไม่มี (หากตอบ ""ไม่มี"" ให้ข้ามไปตอบตอนที่ 3)",,,,,,"สมรรถนะในการขับขี่, เทคโนโลยีและฟังก์ชันภายในรถ","500,001-800,000 บาท","เพื่อใช้ในการเดินทางไปทำงาน, เพื่อใช้ในการเดินทางท่องเที่ยว, เพื่อความสะดวกในการเดินทาง",ยังไม่มีแนวโน้มที่จะซื้อ,รถยนต์ไฮบริด (Hybrid),ค่าบำรุงรักษา,5,5,3,5,5,5,5,5,5,5,5,4,5,5,5,3,4,4,5,5,4,7,5,3,6,"มีบุตร/สมาชิกครอบครัวเพิ่ม, รายได้เปลี่ยนแปลงอย่างมีนัยสำคัญ (เพิ่มขึ้นหรือลดลง)",ไม่มีแต่สามารถติดตั้งเพิ่มได้,เคยเฉพาะ Hybrid,4,ทราบ และคิดว่าถูกกว่ามาก,ไม่ทราบเลย,4,5 (เห็นด้วยอย่างยิ่ง),4,4,3
"1/8/2026, 12:42:47",ชาย,20-23 ปี,3 คน,ปริญญาตรี,นักเรียน / นักศึกษา,3-4 คน,บ้านเดี่ยว / บ้านแฝด,เป็นเจ้าของ,มีที่จอดรถส่วนตัว,"15,001-25,000 บาท","ไม่มี (หากตอบ ""ไม่มี"" ให้ข้ามไปตอบตอนที่ 3)",,,,,,เทคโนโลยีและฟังก์ชันภายในรถ,"500,001-800,000 บาท",เพื่อใช้ในการเดินทางท่องเที่ยว,ยังไม่มีแนวโน้มที่จะซื้อ,รถยนต์ไฟฟ้า (EV),ค่าบำรุงรักษา,4,5,4,4,5,5,5,2,5,5,5,5,5,5,5,3,4,5,5,5,5,4,2,6,5,ไม่มีเหตุการณ์ข้างต้น,ไม่มีแต่สามารถติดตั้งเพิ่มได้,เคยเฉพาะ EV,4,ทราบ แต่คิดว่าไม่ต่างกันมาก,ทราบและเคยพิจารณาใช้สิทธิ์,4,4,4,5 (เห็นด้วยอย่างยิ่ง),4
"1/8/2026, 12:42:51",หญิง,มากกว่า 60 ปี,ไม่มีบุตร,ปวช. / ปวส.,ค้าขาย,5 คนขึ้นไป,บ้านเดี่ยว / บ้านแฝด,เช่า,มีที่จอดรถส่วนตัว,"25,001-35,000 บาท","ไม่มี (หากตอบ ""ไม่มี"" ให้ข้ามไปตอบตอนที่ 3)",,,,,,เทคโนโลยีและฟังก์ชันภายในรถ,"500,001-800,000 บาท",เพื่อหลีกเลี่ยงปัญหาจากระบบการขนส่งมวลชน,มีแนวโน้มที่จะซื้อ,รถยนต์ไฟฟ้า (EV),ค่าบำรุงรักษา,5,5,4,5,5,5,5,5,4,5,5,3,4,5,4,5,5,5,5,5,4,4,3,6,6,ไม่มีเหตุการณ์ข้างต้น,ไม่มีและไม่สามารถติดตั้งได้ (เช่น คอนโด/หอพักที่ไม่อนุญาต),เคยเฉพาะ EV,4,ทราบ แต่คิดว่าไม่ต่างกันมาก,ทราบและเคยพิจารณาใช้สิทธิ์,3,5 (เห็นด้วยอย่างยิ่ง),4,4,5 (เห็นด้วยอย่างยิ่ง)
"1/8/2026, 12:42:52",ชาย,มากกว่า 60 ปี,มากกว่า 3 คน,ม.3,ค้าขาย,5 คนขึ้นไป,คอนโด / อพาร์ตเมนต์ / หอพัก,เป็นเจ้าของ,มีที่จอดรถส่วนตัว,"50,001-75,000 บาท","ไม่มี (หากตอบ ""ไม่มี"" ให้ข้ามไปตอบตอนที่ 3)",,,,,,รูปลักษณ์ / ดีไซน์,"ต่ำกว่า 500,000 บาท",เพื่อหลีกเลี่ยงปัญหาจากระบบการขนส่งมวลชน,ยังไม่มีแนวโน้มที่จะซื้อ,รถยนต์ไฮบริด (Hybrid),"ค่าบำรุงรักษา, ความสะดวกในการใช้งาน, เทคโนโลยีและความทันสมัย",4,4,5,5,5,5,5,4,4,5,5,5,5,4,5,5,5,5,5,4,4,6,4,6,6,ไม่มีเหตุการณ์ข้างต้น,ไม่แน่ใจ,เคยเฉพาะ Hybrid,5,ทราบ แต่คิดว่าไม่ต่างกันมาก,ทราบแต่ไม่เคยพิจารณา,3,5 (เห็นด้วยอย่างยิ่ง),4,5 (เห็นด้วยอย่างยิ่ง),5 (เห็นด้วยอย่างยิ่ง)
"1/8/2026, 12:42:53",หญิง,มากกว่า 60 ปี,ไม่มีบุตร,ต่ำกว่า ม.3,ค้าขาย,5 คนขึ้นไป,คอนโด / อพาร์ตเมนต์ / หอพัก,เช่า,มีที่จอดรถส่วนกลาง / เช่า,"15,001-25,000 บาท",มี,ขับในเมือง,5-6 วัน / สัปดาห์,10-30 กิโลเมตร,"อายุการใช้งาน, มูลค่าการขายต่อ","รถยนต์สันดาป (ดีเซล / เบนซิน), รถยนต์ไฟฟ้า (EV)","สมรรถนะในการขับขี่, เทคโนโลยีและฟังก์ชันภายในรถ, ความคุ้มค่าโดยรวม","500,001-800,000 บาท",เพื่อหลีกเลี่ยงปัญหาจากระบบการขนส่งมวลชน,ยังไม่มีแนวโน้มที่จะซื้อ,รถยนต์สันดาป (ดีเซล / เบนซิน),"ราคาซื้อเริ่มต้น, ค่าบำรุงรักษา",5,4,5,5,4,5,5,5,5,4,5,4,5,4,5,4,5,4,3,5,5,4,5,5,5,ย้ายที่อยู่อาศัย,ไม่มีและไม่สามารถติดตั้งได้ (เช่น คอนโด/หอพักที่ไม่อนุญาต),เคยทั้ง EV และ Hybrid,4,ทราบ และคิดว่าถูกกว่ามาก,ทราบแต่ไม่เคยพิจารณา,5 (เห็นด้วยอย่างยิ่ง),3,4,5 (เห็นด้วยอย่างยิ่ง),5 (เห็นด้วยอย่างยิ่ง)
"1/8/2026, 12:42:57",ชาย,20-23 ปี,1 คน,ปริญญาตรี,นักเรียน / นักศึกษา,5 คนขึ้นไป,บ้านเดี่ยว / บ้านแฝด,เช่า,มีที่จอดรถส่วนตัว,"ต่ำกว่า 15,000 บาท","ไม่มี (หากตอบ ""ไม่มี"" ให้ข้ามไปตอบตอนที่ 3)",,,,,,รูปลักษณ์ / ดีไซน์,"800,001-1,200,000 บาท","เพื่อใช้ในการเดินทางไปทำงาน, เพื่อใช้ในการเดินทางท่องเที่ยว",มีแนวโน้มที่จะซื้อ,รถยนต์ไฮบริด (Hybrid),"ราคาซื้อเริ่มต้น, ค่าบำรุงรักษา",4,5,3,4,4,5,5,3,4,4,4,4,5,5,5,5,4,4,3,4,5,4,5,6,4,ไม่มีเหตุการณ์ข้างต้น,ไม่มีและไม่สามารถติดตั้งได้ (เช่น คอนโด/หอพักที่ไม่อนุญาต),เคยทั้ง EV และ Hybrid,6,ทราบ แต่คิดว่าถูกกว่าเล็กน้อย,ทราบแต่ไม่เคยพิจารณา,5 (เห็นด้วยอย่างยิ่ง),5 (เห็นด้วยอย่างยิ่ง),4,4,2
"1/8/2026, 12:42:58",ชาย,20-23 ปี,1 คน,ปวช. / ปวส.,นักเรียน / นักศึกษา,5 คนขึ้นไป,บ้านเดี่ยว / บ้านแฝด,เป็นเจ้าของ,มีที่จอดรถส่วนตัว,"25,001-35,000 บาท",มี,ขับในเมือง,1-2 วัน / สัปดาห์,71-90 กิโลเมตร,"ราคาน้ำมัน, ปั๊มน้ำมัน / สถานีชาร์จ, มูลค่าการขายต่อ",รถยนต์สันดาป (ดีเซล / เบนซิน),เทคโนโลยีและฟังก์ชันภายในรถ,"500,001-800,000 บาท",เพื่อหลีกเลี่ยงปัญหาจากระบบการขนส่งมวลชน,มีแนวโน้มที่จะซื้อ,รถยนต์สันดาป (ดีเซล / เบนซิน),ความสะดวกในการใช้งาน,5,5,4,4,5,5,4,5,5,5,5,5,5,5,5,4,5,5,5,5,5,4,4,5,4,ไม่มีเหตุการณ์ข้างต้น,ไม่มีแต่สามารถติดตั้งเพิ่มได้,เคยเฉพาะ EV,6,ทราบ แต่คิดว่าไม่ต่างกันมาก,ไม่ทราบเลย,4,5 (เห็นด้วยอย่างยิ่ง),4,4,5 (เห็นด้วยอย่างยิ่ง)
"1/8/2026, 12:43:06",หญิง,20-23 ปี,ไม่มีบุตร,ปริญญาตรี,พนักงานเอกชน,5 คนขึ้นไป,บ้านเดี่ยว / บ้านแฝด,เช่า,มีที่จอดรถส่วนกลาง / เช่า,"25,001-35,000 บาท","ไม่มี (หากตอบ ""ไม่มี"" ให้ข้ามไปตอบตอนที่ 3)",,,,,,ความคุ้มค่าโดยรวม,"800,001-1,200,000 บาท",เพื่อหลีกเลี่ยงปัญหาจากระบบการขนส่งมวลชน,มีแนวโน้มที่จะซื้อ,รถยนต์สันดาป (ดีเซล / เบนซิน),ค่าบำรุงรักษา,5,5,5,3,5,4,4,5,3,4,4,5,5,5,5,5,5,5,4,5,5,3,5,4,4,ไม่มีเหตุการณ์ข้างต้น,ไม่มีและไม่สามารถติดตั้งได้ (เช่น คอนโด/หอพักที่ไม่อนุญาต),เคยเฉพาะ EV,4,ทราบ แต่คิดว่าไม่ต่างกันมาก,ทราบแต่ไม่เคยพิจารณา,5 (เห็นด้วยอย่างยิ่ง),5 (เห็นด้วยอย่างยิ่ง),5 (เห็นด้วยอย่างยิ่ง),5 (เห็นด้วยอย่างยิ่ง),2
"1/8/2026, 12:43:09",หญิง,20-23 ปี,ไม่มีบุตร,ม.6,พนักงานเอกชน,5 คนขึ้นไป,บ้านเดี่ยว / บ้านแฝด,เป็นเจ้าของ,มีที่จอดรถส่วนตัว,"15,001-25,000 บาท",มี,ขับนอกเมือง,ใช้งานทุกวัน,10-30 กิโลเมตร,ศูนย์บริการและอะไหล่,รถยนต์สันดาป (ดีเซล / เบนซิน),ค่าน้ำมัน,"500,001-800,000 บาท",เพื่อใช้ในการค้าขาย,มีแนวโน้มที่จะซื้อ,รถยนต์ไฮบริด (Hybrid),ค่าบำรุงรักษา,4,5,5,4,4,5,4,4,4,4,4,5,3,5,5,4,4,5,5,3,5,4,6,4,4,"รายได้เปลี่ยนแปลงอย่างมีนัยสำคัญ (เพิ่มขึ้นหรือลดลง), ไม่มีเหตุการณ์ข้างต้น",ไม่มีแต่สามารถติดตั้งเพิ่มได้,ไม่เคยเลย,6,ทราบ แต่คิดว่าไม่ต่างกันมาก,ทราบแต่ไม่เคยพิจารณา,4,3,5 (เห็นด้วยอย่างยิ่ง),3,4
"1/8/2026, 12:43:10",หญิง,20-23 ปี,1 คน,ม.6,นักเรียน / นักศึกษา,5 คนขึ้นไป,คอนโด / อพาร์ตเมนต์ / หอพัก,เป็นเจ้าของ,มีที่จอดรถส่วนตัว,"15,001-25,000 บาท",มี,ขับในเมือง,ใช้งานทุกวัน,10-30 กิโลเมตร,ราคาน้ำมัน,รถยนต์สันดาป (ดีเซล / เบนซิน),เทคโนโลยีและฟังก์ชันภายในรถ,"500,001-800,000 บาท","เพื่อใช้ในการเดินทางท่องเที่ยว, เพื่อความสะดวกในการเดินทาง",มีแนวโน้มที่จะซื้อ,รถยนต์ไฟฟ้า (EV),"ราคาซื้อเริ่มต้น, ความสะดวกในการใช้งาน",5,5,5,5,5,4,3,5,5,5,5,3,4,5,5,5,5,5,5,5,5,3,6,5,3,ไม่มีเหตุการณ์ข้างต้น,ไม่มีแต่สามารถติดตั้งเพิ่มได้,เคยเฉพาะ EV,4,ทราบ แต่คิดว่าไม่ต่างกันมาก,ทราบแต่ไม่เคยพิจารณา,4,3,5 (เห็นด้วยอย่างยิ่ง),3,4
"1/8/2026, 12:43:18",หญิง,20-23 ปี,1 คน,ปริญญาตรี,ค้าขาย,3-4 คน,บ้านเดี่ยว / บ้านแฝด,พักอาศัยกับครอบครัว / ผู้อื่น,มีที่จอดรถส่วนตัว,"15,001-25,000 บาท","ไม่มี (หากตอบ ""ไม่มี"" ให้ข้ามไปตอบตอนที่ 3)",,,,,,"ค่าน้ำมัน, ค่าซ่อมบำรุง, ความคุ้มค่าโดยรวม","800,001-1,200,000 บาท",เพื่อใช้ในการเดินทางท่องเที่ยว,มีแนวโน้มที่จะซื้อ,รถยนต์สันดาป (ดีเซล / เบนซิน),ค่าบำรุงรักษา,5,5,5,4,5,4,4,4,4,3,5,4,5,5,5,5,4,5,5,5,5,3,5,2,7,รายได้เปลี่ยนแปลงอย่างมีนัยสำคัญ (เพิ่มขึ้นหรือลดลง),ไม่แน่ใจ,เคยทั้ง EV และ Hybrid,4,ทราบ แต่คิดว่าถูกกว่าเล็กน้อย,ทราบแต่ไม่เคยพิจารณา,5 (เห็นด้วยอย่างยิ่ง),4,3,5 (เห็นด้วยอย่างยิ่ง),5 (เห็นด้วยอย่างยิ่ง)
"1/8/2026, 12:43:19",ชาย,20-23 ปี,มากกว่า 3 คน,ปวช. / ปวส.,พนักงานเอกชน,5 คนขึ้นไป,คอนโด / อพาร์ตเมนต์ / หอพัก,เช่า,มีที่จอดรถส่วนตัว,"15,001-25,000 บาท","ไม่มี (หากตอบ ""ไม่มี"" ให้ข้ามไปตอบตอนที่ 3)",,,,,,เทคโนโลยีและฟังก์ชันภายในรถ,"800,001-1,200,000 บาท",เพื่อหลีกเลี่ยงปัญหาจากระบบการขนส่งมวลชน,มีแนวโน้มที่จะซื้อ,รถยนต์สันดาป (ดีเซล / เบนซิน),ค่าบำรุงรักษา,5,3,5,5,5,4,5,5,5,5,5,4,4,4,5,5,5,5,5,5,4,4,7,5,5,"เปลี่ยนงาน/ที่ทำงานใหม่, มีบุตร/สมาชิกครอบครัวเพิ่ม, รายได้เปลี่ยนแปลงอย่างมีนัยสำคัญ (เพิ่มขึ้นหรือลดลง)",ไม่แน่ใจ,ไม่เคยเลย,4,ทราบ และคิดว่าถูกกว่ามาก,ทราบแต่ไม่เคยพิจารณา,5 (เห็นด้วยอย่างยิ่ง),2,4,4,5 (เห็นด้วยอย่างยิ่ง)
"1/8/2026, 12:43:29",ชาย,31-40 ปี,ไม่มีบุตร,ปริญญาตรี,เจ้าของกิจการ,3-4 คน,ทาวน์โฮม / ทาวเฮาท์,เช่า,มีที่จอดรถส่วนตัว,"มากกว่า 75,000","ไม่มี (หากตอบ ""ไม่มี"" ให้ข้ามไปตอบตอนที่ 3)",,,,,,เทคโนโลยีและฟังก์ชันภายในรถ,"500,001-800,000 บาท",เพื่อหลีกเลี่ยงปัญหาจากระบบการขนส่งมวลชน,ยังไม่มีแนวโน้มที่จะซื้อ,รถยนต์ไฮบริด (Hybrid),ค่าบำรุงรักษา,5,3,5,5,5,4,5,4,5,5,5,5,5,4,5,4,5,5,5,5,4,6,4,6,2,ไม่มีเหตุการณ์ข้างต้น,ไม่มีแต่สามารถติดตั้งเพิ่มได้,เคยเฉพาะ EV,4,ไม่ทราบเลย,ทราบและเคยพิจารณาใช้สิทธิ์,5 (เห็นด้วยอย่างยิ่ง),5 (เห็นด้วยอย่างยิ่ง),4,5 (เห็นด้วยอย่างยิ่ง),3
"1/8/2026, 12:43:31",หญิง,24-26 ปี,ไม่มีบุตร,ปริญญาโท,อาชีพอิสระ,5 คนขึ้นไป,ทาวน์โฮม / ทาวเฮาท์,พักอาศัยกับครอบครัว / ผู้อื่น,มีที่จอดรถส่วนตัว,"15,001-25,000 บาท",มี,ขับในเมือง,ใช้งานทุกวัน,10-30 กิโลเมตร,"อายุการใช้งาน, ค่าใช้จ่ายในการซ่อมบำรุง","รถยนต์สันดาป (ดีเซล / เบนซิน), รถยนต์ไฟฟ้า (EV)",เทคโนโลยีและฟังก์ชันภายในรถ,"1,200,000-1,500,000 บาท",เพื่อหลีกเลี่ยงปัญหาจากระบบการขนส่งมวลชน,ยังไม่มีแนวโน้มที่จะซื้อ,รถยนต์ไฟฟ้า (EV),ประหยัดค่าเชื้อเพลิง,4,4,4,5,5,5,4,4,3,5,4,5,3,5,4,4,5,5,4,5,3,3,6,4,5,ไม่มีเหตุการณ์ข้างต้น,ไม่มีแต่สามารถติดตั้งเพิ่มได้,เคยเฉพาะ EV,6,ทราบ แต่คิดว่าไม่ต่างกันมาก,ทราบแต่ไม่เคยพิจารณา,5 (เห็นด้วยอย่างยิ่ง),4,3,5 (เห็นด้วยอย่างยิ่ง),4
"1/8/2026, 12:43:32",หญิง,51-60 ปี,ไม่มีบุตร,ม.6,ค้าขาย,5 คนขึ้นไป,บ้านเดี่ยว / บ้านแฝด,เช่า,มีที่จอดรถส่วนตัว,"25,001-35,000 บาท",มี,ขับนอกเมือง,ใช้งานทุกวัน,น้อยกว่า 10 กิโลเมตร,"ราคาน้ำมัน, มูลค่าการขายต่อ","รถยนต์สันดาป (ดีเซล / เบนซิน), รถยนต์ไฮบริด (Hybrid)",ราคา,"ต่ำกว่า 500,000 บาท",เพื่อใช้ในการเดินทางท่องเที่ยว,ยังไม่มีแนวโน้มที่จะซื้อ,รถยนต์สันดาป (ดีเซล / เบนซิน),"ค่าบำรุงรักษา, ความสะดวกในการใช้งาน, เทคโนโลยีและความทันสมัย",4,5,5,5,4,5,5,5,4,5,5,5,4,4,5,5,4,5,5,5,5,6,4,4,1,ไม่มีเหตุการณ์ข้างต้น,ไม่มีและไม่สามารถติดตั้งได้ (เช่น คอนโด/หอพักที่ไม่อนุญาต),เคยเฉพาะ Hybrid,5,ทราบ แต่คิดว่าไม่ต่างกันมาก,ทราบแต่ไม่เคยพิจารณา,4,3,5 (เห็นด้วยอย่างยิ่ง),5 (เห็นด้วยอย่างยิ่ง),4
"1/8/2026, 12:43:35",หญิง,มากกว่า 60 ปี,ไม่มีบุตร,ม.6,เจ้าของกิจการ,5 คนขึ้นไป,คอนโด / อพาร์ตเมนต์ / หอพัก,เช่า,มีที่จอดรถส่วนตัว,"50,001-75,000 บาท",มี,ขับทั้งในเมืองและนอกเมือง,1-2 วัน / สัปดาห์,น้อยกว่า 10 กิโลเมตร,"ค่าใช้จ่ายในการซ่อมบำรุง, มูลค่าการขายต่อ",รถยนต์ไฮบริด (Hybrid),ค่าน้ำมัน,"500,001-800,000 บาท",เพื่อหลีกเลี่ยงปัญหาจากระบบการขนส่งมวลชน,ยังไม่มีแนวโน้มที่จะซื้อ,รถยนต์สันดาป (ดีเซล / เบนซิน),ค่าบำรุงรักษา,5,5,5,5,4,5,5,3,4,4,5,5,5,3,5,5,5,5,4,5,5,6,4,4,5,ไม่มีเหตุการณ์ข้างต้น,ไม่มีและไม่สามารถติดตั้งได้ (เช่น คอนโด/หอพักที่ไม่อนุญาต),เคยเฉพาะ EV,7,ทราบ แต่คิดว่าไม่ต่างกันมาก,ทราบและเคยพิจารณาใช้สิทธิ์,4,4,5 (เห็นด้วยอย่างยิ่ง),3,5 (เห็นด้วยอย่างยิ่ง)
"1/8/2026, 12:43:37",ชาย,20-23 ปี,ไม่มีบุตร,ปริญญาตรี,พนักงานเอกชน,5 คนขึ้นไป,ทาวน์โฮม / ทาวเฮาท์,เป็นเจ้าของ,มีที่จอดรถส่วนตัว,"ต่ำกว่า 15,000 บาท",มี,ขับในเมือง,5-6 วัน / สัปดาห์,10-30 กิโลเมตร,ศูนย์บริการและอะไหล่,รถยนต์สันดาป (ดีเซล / เบนซิน),เทคโนโลยีและฟังก์ชันภายในรถ,"ต่ำกว่า 500,000 บาท",เพื่อใช้ในการเดินทางไปทำงาน,ยังไม่มีแนวโน้มที่จะซื้อ,รถยนต์ไฟฟ้า (EV),"ค่าบำรุงรักษา, ความสะดวกในการใช้งาน, เทคโนโลยีและความทันสมัย",5,5,4,5,5,3,3,5,5,5,5,5,5,5,5,4,5,5,4,5,5,3,2,5,5,ไม่มีเหตุการณ์ข้างต้น,ไม่มีแต่สามารถติดตั้งเพิ่มได้,ไม่เคยเลย,5,ทราบ และคิดว่าถูกกว่ามาก,ไม่ทราบเลย,5 (เห็นด้วยอย่างยิ่ง),4,4,4,5 (เห็นด้วยอย่างยิ่ง)
"1/8/2026, 12:43:41",หญิง,31-40 ปี,ไม่มีบุตร,ปริญญาตรี,พนักงานเอกชน,5 คนขึ้นไป,บ้านเดี่ยว / บ้านแฝด,เช่า,มีที่จอดรถส่วนกลาง / เช่า,"15,001-25,000 บาท",มี,ขับทั้งในเมืองและนอกเมือง,5-6 วัน / สัปดาห์,น้อยกว่า 10 กิโลเมตร,อายุการใช้งาน,"รถยนต์สันดาป (ดีเซล / เบนซิน), รถยนต์ไฟฟ้า (EV)",ค่าซ่อมบำรุง,"800,001-1,200,000 บาท",เพื่อหลีกเลี่ยงปัญหาจากระบบการขนส่งมวลชน,มีแนวโน้มที่จะซื้อ,รถยนต์สันดาป (ดีเซล / เบนซิน),ค่าบำรุงรักษา,4,4,5,5,5,4,5,5,5,4,5,5,3,5,5,5,5,5,5,1,4,5,4,5,3,ไม่มีเหตุการณ์ข้างต้น,ไม่มีและไม่สามารถติดตั้งได้ (เช่น คอนโด/หอพักที่ไม่อนุญาต),เคยทั้ง EV และ Hybrid,4,ทราบ และคิดว่าถูกกว่ามาก,ทราบแต่ไม่เคยพิจารณา,3,5 (เห็นด้วยอย่างยิ่ง),4,5 (เห็นด้วยอย่างยิ่ง),5 (เห็นด้วยอย่างยิ่ง)
"1/8/2026, 12:43:52",ชาย,24-26 ปี,ไม่มีบุตร,ปริญญาโท,พนักงานเอกชน,5 คนขึ้นไป,คอนโด / อพาร์ตเมนต์ / หอพัก,พักอาศัยกับครอบครัว / ผู้อื่น,มีที่จอดรถส่วนตัว,"ต่ำกว่า 15,000 บาท","ไม่มี (หากตอบ ""ไม่มี"" ให้ข้ามไปตอบตอนที่ 3)",,,,,,"ความสามารถในการผ่อนชำระ, การรับประกันและบริการหลังการขาย","800,001-1,200,000 บาท",เพื่อใช้ในการเดินทางท่องเที่ยว,มีแนวโน้มที่จะซื้อ,รถยนต์ไฮบริด (Hybrid),เทคโนโลยีและความทันสมัย,5,4,4,4,3,5,5,4,5,4,5,5,4,4,5,5,5,5,5,5,2,4,5,2,5,"ย้ายที่อยู่อาศัย, รายได้เปลี่ยนแปลงอย่างมีนัยสำคัญ (เพิ่มขึ้นหรือลดลง)",ไม่มีและไม่สามารถติดตั้งได้ (เช่น คอนโด/หอพักที่ไม่อนุญาต),เคยเฉพาะ EV,4,ทราบ แต่คิดว่าไม่ต่างกันมาก,ทราบแต่ไม่เคยพิจารณา,5 (เห็นด้วยอย่างยิ่ง),2,5 (เห็นด้วยอย่างยิ่ง),5 (เห็นด้วยอย่างยิ่ง),4
"1/8/2026, 12:43:53",ชาย,20-23 ปี,3 คน,ม.6,อาชีพอิสระ,3-4 คน,บ้านเดี่ยว / บ้านแฝด,เป็นเจ้าของ,มีที่จอดรถส่วนกลาง / เช่า,"ต่ำกว่า 15,000 บาท",มี,ขับทั้งในเมืองและนอกเมือง,5-6 วัน / สัปดาห์,51-70 กิโลเมตร,มูลค่าการขายต่อ,รถยนต์สันดาป (ดีเซล / เบนซิน),"ราคา, ค่าซ่อมบำรุง","800,001-1,200,000 บาท","เพื่อใช้ในการเดินทางไปทำงาน, เพื่อหลีกเลี่ยงปัญหาจากระบบการขนส่งมวลชน",มีแนวโน้มที่จะซื้อ,รถยนต์ไฟฟ้า (EV),เทคโนโลยีและความทันสมัย,5,5,4,5,5,5,5,5,5,4,5,4,5,4,5,5,4,5,4,4,5,3,3,6,5,ไม่มีเหตุการณ์ข้างต้น,ไม่มีและไม่สามารถติดตั้งได้ (เช่น คอนโด/หอพักที่ไม่อนุญาต),เคยเฉพาะ Hybrid,4,ทราบ แต่คิดว่าถูกกว่าเล็กน้อย,ทราบแต่ไม่เคยพิจารณา,4,3,5 (เห็นด้วยอย่างยิ่ง),5 (เห็นด้วยอย่างยิ่ง),4
"1/8/2026, 12:44:06",หญิง,31-40 ปี,ไม่มีบุตร,ปริญญาโท,รัฐวิสาหกิจ,5 คนขึ้นไป,คอนโด / อพาร์ตเมนต์ / หอพัก,เช่า,มีที่จอดรถส่วนกลาง / เช่า,"35,001-50,000 บาท",มี,ขับนอกเมือง,ใช้งานทุกวัน,น้อยกว่า 10 กิโลเมตร,"ศูนย์บริการและอะไหล่, อายุการใช้งาน",รถยนต์สันดาป (ดีเซล / เบนซิน),"ราคา, ความคุ้มค่าโดยรวม","800,001-1,200,000 บาท",เพื่อหลีกเลี่ยงปัญหาจากระบบการขนส่งมวลชน,มีแนวโน้มที่จะซื้อ,รถยนต์สันดาป (ดีเซล / เบนซิน),ประหยัดค่าเชื้อเพลิง,5,5,5,5,4,5,5,5,5,5,5,4,5,4,5,4,4,5,4,5,5,5,5,3,4,ไม่มีเหตุการณ์ข้างต้น,ไม่มีแต่สามารถติดตั้งเพิ่มได้,เคยเฉพาะ EV,3,ทราบ และคิดว่าถูกกว่ามาก,ทราบและเคยพิจารณาใช้สิทธิ์,4,4,3,5 (เห็นด้วยอย่างยิ่ง),5 (เห็นด้วยอย่างยิ่ง)
"1/8/2026, 12:44:15",ชาย,31-40 ปี,1 คน,ปริญญาตรี,พนักงานเอกชน,5 คนขึ้นไป,คอนโด / อพาร์ตเมนต์ / หอพัก,เช่า,มีที่จอดรถส่วนตัว,"15,001-25,000 บาท",มี,ขับทั้งในเมืองและนอกเมือง,5-6 วัน / สัปดาห์,น้อยกว่า 10 กิโลเมตร,ศูนย์บริการและอะไหล่,รถยนต์สันดาป (ดีเซล / เบนซิน),ราคา,"500,001-800,000 บาท","เพื่อใช้ในการเดินทางไปทำงาน, เพื่อหลีกเลี่ยงปัญหาจากระบบการขนส่งมวลชน",มีแนวโน้มที่จะซื้อ,รถยนต์สันดาป (ดีเซล / เบนซิน),ค่าบำรุงรักษา,5,4,5,3,5,5,4,4,5,5,5,4,4,4,4,5,5,5,5,5,5,6,5,5,6,รายได้เปลี่ยนแปลงอย่างมีนัยสำคัญ (เพิ่มขึ้นหรือลดลง),ไม่มีแต่สามารถติดตั้งเพิ่มได้,เคยเฉพาะ EV,4,ทราบ และคิดว่าถูกกว่ามาก,ทราบแต่ไม่เคยพิจารณา,4,5 (เห็นด้วยอย่างยิ่ง),5 (เห็นด้วยอย่างยิ่ง),3,5 (เห็นด้วยอย่างยิ่ง)
"1/8/2026, 12:44:20",หญิง,51-60 ปี,ไม่มีบุตร,ปริญญาตรี,พนักงานเอกชน,3-4 คน,ทาวน์โฮม / ทาวเฮาท์,พักอาศัยกับครอบครัว / ผู้อื่น,มีที่จอดรถส่วนตัว,"ต่ำกว่า 15,000 บาท","ไม่มี (หากตอบ ""ไม่มี"" ให้ข้ามไปตอบตอนที่ 3)",,,,,,รูปลักษณ์ / ดีไซน์,"ต่ำกว่า 500,000 บาท",เพื่อใช้ในการเดินทางท่องเที่ยว,มีแนวโน้มที่จะซื้อ,รถยนต์ไฟฟ้า (EV),"ค่าบำรุงรักษา, เทคโนโลยีและความทันสมัย",5,4,4,4,4,5,4,4,5,5,4,5,5,5,5,4,4,4,5,4,3,4,4,5,6,มีบุตร/สมาชิกครอบครัวเพิ่ม,ไม่มีแต่สามารถติดตั้งเพิ่มได้,ไม่เคยเลย,6,ทราบ แต่คิดว่าถูกกว่าเล็กน้อย,ทราบและเคยพิจารณาใช้สิทธิ์,4,3,4,4,5 (เห็นด้วยอย่างยิ่ง)
"1/8/2026, 12:44:26",ชาย,27-30 ปี,ไม่มีบุตร,ปริญญาโท,ข้าราชการ,3-4 คน,ทาวน์โฮม / ทาวเฮาท์,เป็นเจ้าของ,มีที่จอดรถส่วนกลาง / เช่า,"25,001-35,000 บาท","ไม่มี (หากตอบ ""ไม่มี"" ให้ข้ามไปตอบตอนที่ 3)",,,,,,"ความสามารถในการผ่อนชำระ, สมรรถนะในการขับขี่, แบรนด์, การรับประกันและบริการหลังการขาย","ต่ำกว่า 500,000 บาท","เพื่อใช้ในการเดินทางไปทำงาน, เพื่อใช้ในการค้าขาย",ยังไม่มีแนวโน้มที่จะซื้อ,รถยนต์ไฮบริด (Hybrid),ความสะดวกในการใช้งาน,5,5,3,5,5,4,4,4,5,5,4,4,5,3,4,5,5,5,3,3,5,4,5,3,5,ไม่มีเหตุการณ์ข้างต้น,ไม่มีแต่สามารถติดตั้งเพิ่มได้,เคยเฉพาะ EV,4,ทราบ แต่คิดว่าไม่ต่างกันมาก,ไม่ทราบเลย,4,3,5 (เห็นด้วยอย่างยิ่ง),4,3
"1/8/2026, 12:44:27",หญิง,51-60 ปี,ไม่มีบุตร,ปริญญาตรี,เจ้าของกิจการ,5 คนขึ้นไป,คอนโด / อพาร์ตเมนต์ / หอพัก,เช่า,มีที่จอดรถส่วนกลาง / เช่า,"50,001-75,000 บาท",มี,ขับทั้งในเมืองและนอกเมือง,1-2 วัน / สัปดาห์,10-30 กิโลเมตร,ศูนย์บริการและอะไหล่,รถยนต์สันดาป (ดีเซล / เบนซิน),"แบรนด์, ความคุ้มค่าโดยรวม","500,001-800,000 บาท",เพื่อหลีกเลี่ยงปัญหาจากระบบการขนส่งมวลชน,ยังไม่มีแนวโน้มที่จะซื้อ,รถยนต์ไฮบริด (Hybrid),"ค่าบำรุงรักษา, ความสะดวกในการใช้งาน",5,5,5,5,5,4,5,4,4,5,5,5,4,5,5,5,5,5,5,5,5,3,3,3,6,ไม่มีเหตุการณ์ข้างต้น,ไม่มีแต่สามารถติดตั้งเพิ่มได้,เคยเฉพาะ Hybrid,5,ทราบ และคิดว่าถูกกว่ามาก,ไม่ทราบเลย,4,5 (เห็นด้วยอย่างยิ่ง),4,4,5 (เห็นด้วยอย่างยิ่ง)
"1/8/2026, 12:44:28",หญิง,20-23 ปี,3 คน,ปริญญาโท,นักเรียน / นักศึกษา,3-4 คน,คอนโด / อพาร์ตเมนต์ / หอพัก,เป็นเจ้าของ,มีที่จอดรถส่วนตัว,"25,001-35,000 บาท","ไม่มี (หากตอบ ""ไม่มี"" ให้ข้ามไปตอบตอนที่ 3)",,,,,,ความสามารถในการผ่อนชำระ,"800,001-1,200,000 บาท",เพื่อหลีกเลี่ยงปัญหาจากระบบการขนส่งมวลชน,ยังไม่มีแนวโน้มที่จะซื้อ,รถยนต์ไฮบริด (Hybrid),ค่าบำรุงรักษา,5,5,5,5,4,4,5,5,3,5,5,5,5,5,5,5,4,5,5,5,5,3,4,4,4,ไม่มีเหตุการณ์ข้างต้น,ไม่มีและไม่สามารถติดตั้งได้ (เช่น คอนโด/หอพักที่ไม่อนุญาต),เคยเฉพาะ Hybrid,3,ทราบ แต่คิดว่าไม่ต่างกันมาก,ทราบและเคยพิจารณาใช้สิทธิ์,4,5 (เห็นด้วยอย่างยิ่ง),5 (เห็นด้วยอย่างยิ่ง),4,3
"1/8/2026, 12:44:29",หญิง,24-26 ปี,ไม่มีบุตร,ปริญญาตรี,ค้าขาย,5 คนขึ้นไป,คอนโด / อพาร์ตเมนต์ / หอพัก,เช่า,มีที่จอดรถส่วนตัว,"50,001-75,000 บาท","ไม่มี (หากตอบ ""ไม่มี"" ให้ข้ามไปตอบตอนที่ 3)",,,,,,ค่าน้ำมัน,"500,001-800,000 บาท",เพื่อใช้ในการเดินทางไปทำงาน,มีแนวโน้มที่จะซื้อ,รถยนต์ไฟฟ้า (EV),ค่าบำรุงรักษา,5,4,4,5,3,5,5,2,4,4,5,3,5,4,5,4,5,5,4,5,4,7,6,5,4,ไม่มีเหตุการณ์ข้างต้น,ไม่แน่ใจ,เคยเฉพาะ EV,4,ทราบ แต่คิดว่าไม่ต่างกันมาก,ทราบและเคยพิจารณาใช้สิทธิ์,5 (เห็นด้วยอย่างยิ่ง),3,5 (เห็นด้วยอย่างยิ่ง),4,4
"1/8/2026, 12:44:30",หญิง,51-60 ปี,2 คน,ปริญญาตรี,พนักงานเอกชน,5 คนขึ้นไป,คอนโด / อพาร์ตเมนต์ / หอพัก,พักอาศัยกับครอบครัว / ผู้อื่น,มีที่จอดรถส่วนตัว,"15,001-25,000 บาท",มี,ขับนอกเมือง,ใช้งานทุกวัน,31-50 กิโลเมตร,ค่าใช้จ่ายในการซ่อมบำรุง,"รถยนต์ไฮบริด (Hybrid), รถยนต์ไฟฟ้า (EV)","ราคา, เทคโนโลยีและฟังก์ชันภายในรถ","500,001-800,000 บาท","เพื่อความสะดวกในการเดินทาง, เพื่อหลีกเลี่ยงปัญหาจากระบบการขนส่งมวลชน",มีแนวโน้มที่จะซื้อ,รถยนต์สันดาป (ดีเซล / เบนซิน),ค่าบำรุงรักษา,5,5,5,5,5,5,5,5,4,5,4,5,4,5,5,3,5,5,4,5,4,3,4,3,6,ไม่มีเหตุการณ์ข้างต้น,ไม่มีแต่สามารถติดตั้งเพิ่มได้,เคยเฉพาะ EV,6,ทราบ แต่คิดว่าถูกกว่าเล็กน้อย,ทราบแต่ไม่เคยพิจารณา,3,4,5 (เห็นด้วยอย่างยิ่ง),5 (เห็นด้วยอย่างยิ่ง),5 (เห็นด้วยอย่างยิ่ง)
"1/8/2026, 12:44:32",ชาย,20-23 ปี,ไม่มีบุตร,ปริญญาตรี,พนักงานเอกชน,3-4 คน,บ้านเดี่ยว / บ้านแฝด,เช่า,มีที่จอดรถส่วนตัว,"25,001-35,000 บาท","ไม่มี (หากตอบ ""ไม่มี"" ให้ข้ามไปตอบตอนที่ 3)",,,,,,ราคา,"500,001-800,000 บาท","เพื่อใช้ในการเดินทางไปทำงาน, เพื่อใช้ในการเดินทางท่องเที่ยว",มีแนวโน้มที่จะซื้อ,รถยนต์ไฟฟ้า (EV),"ราคาซื้อเริ่มต้น, ประหยัดค่าเชื้อเพลิง",5,5,5,4,3,5,5,5,5,4,5,5,5,5,5,5,5,5,5,5,5,6,5,2,4,เปลี่ยนงาน/ที่ทำงานใหม่,ไม่มีและไม่สามารถติดตั้งได้ (เช่น คอนโด/หอพักที่ไม่อนุญาต),ไม่เคยเลย,5,ไม่ทราบเลย,ทราบและเคยพิจารณาใช้สิทธิ์,4,5 (เห็นด้วยอย่างยิ่ง),4,4,3
"1/8/2026, 12:44:33",หญิง,41-50 ปี,1 คน,ม.6,อาชีพอิสระ,5 คนขึ้นไป,บ้านเดี่ยว / บ้านแฝด,เป็นเจ้าของ,มีที่จอดรถส่วนตัว,"35,001-50,000 บาท",มี,ขับในเมือง,ใช้งานทุกวัน,น้อยกว่า 10 กิโลเมตร,ปั๊มน้ำมัน / สถานีชาร์จ,"รถยนต์สันดาป (ดีเซล / เบนซิน), รถยนต์ไฮบริด (Hybrid)",ราคา,"500,001-800,000 บาท","เพื่อใช้ในการเดินทางไปทำงาน, เพื่อหลีกเลี่ยงปัญหาจากระบบการขนส่งมวลชน",มีแนวโน้มที่จะซื้อ,รถยนต์สันดาป (ดีเซล / เบนซิน),"ประหยัดค่าเชื้อเพลิง, ค่าบำรุงรักษา",4,5,5,5,5,3,4,5,5,5,4,3,4,5,5,3,3,5,5,4,5,4,3,5,5,ไม่มีเหตุการณ์ข้างต้น,ไม่มีและไม่สามารถติดตั้งได้ (เช่น คอนโด/หอพักที่ไม่อนุญาต),เคยเฉพาะ EV,4,ทราบ แต่คิดว่าไม่ต่างกันมาก,ทราบแต่ไม่เคยพิจารณา,4,5 (เห็นด้วยอย่างยิ่ง),4,3,4
"1/8/2026, 12:44:38",หญิง,20-23 ปี,3 คน,ปริญญาตรี,อาชีพอิสระ,5 คนขึ้นไป,บ้านเดี่ยว / บ้านแฝด,เช่า,มีที่จอดรถส่วนตัว,"15,001-25,000 บาท","ไม่มี (หากตอบ ""ไม่มี"" ให้ข้ามไปตอบตอนที่ 3)",,,,,,"ค่าซ่อมบำรุง, ความคุ้มค่าโดยรวม, การรับประกันและบริการหลังการขาย","500,001-800,000 บาท",เพื่อหลีกเลี่ยงปัญหาจากระบบการขนส่งมวลชน,มีแนวโน้มที่จะซื้อ,รถยนต์ไฟฟ้า (EV),ค่าบำรุงรักษา,5,5,4,4,5,5,5,5,4,5,5,5,4,5,5,5,5,4,5,4,3,4,4,4,6,ไม่มีเหตุการณ์ข้างต้น,ไม่มีและไม่สามารถติดตั้งได้ (เช่น คอนโด/หอพักที่ไม่อนุญาต),ไม่เคยเลย,4,ทราบ แต่คิดว่าถูกกว่าเล็กน้อย,ทราบแต่ไม่เคยพิจารณา,3,5 (เห็นด้วยอย่างยิ่ง),4,5 (เห็นด้วยอย่างยิ่ง),4
"1/8/2026, 12:44:41",หญิง,24-26 ปี,1 คน,ปริญญาตรี,ค้าขาย,5 คนขึ้นไป,บ้านเดี่ยว / บ้านแฝด,เช่า,มีที่จอดรถส่วนตัว,"25,001-35,000 บาท",มี,ขับในเมือง,ใช้เป็นครั้งคราว,มากกว่า 90 กิโลเมตร,ศูนย์บริการและอะไหล่,รถยนต์ไฮบริด (Hybrid),การรับประกันและบริการหลังการขาย,"800,001-1,200,000 บาท",เพื่อหลีกเลี่ยงปัญหาจากระบบการขนส่งมวลชน,มีแนวโน้มที่จะซื้อ,รถยนต์ไฮบริด (Hybrid),ค่าบำรุงรักษา,5,3,5,4,5,4,5,5,5,5,4,5,5,4,5,5,5,3,4,5,5,3,5,3,5,ไม่มีเหตุการณ์ข้างต้น,ไม่แน่ใจ,เคยเฉพาะ EV,4,ทราบ แต่คิดว่าไม่ต่างกันมาก,ไม่ทราบเลย,5 (เห็นด้วยอย่างยิ่ง),5 (เห็นด้วยอย่างยิ่ง),5 (เห็นด้วยอย่างยิ่ง),5 (เห็นด้วยอย่างยิ่ง),3
"1/8/2026, 12:44:42",ชาย,20-23 ปี,2 คน,ม.6,นักเรียน / นักศึกษา,3-4 คน,บ้านเดี่ยว / บ้านแฝด,เป็นเจ้าของ,มีที่จอดรถส่วนตัว,"ต่ำกว่า 15,000 บาท","ไม่มี (หากตอบ ""ไม่มี"" ให้ข้ามไปตอบตอนที่ 3)",,,,,,เทคโนโลยีและฟังก์ชันภายในรถ,"800,001-1,200,000 บาท",เพื่อความสะดวกในการเดินทาง,มีแนวโน้มที่จะซื้อ,รถยนต์ไฮบริด (Hybrid),ค่าบำรุงรักษา,5,5,4,5,4,5,5,5,5,4,4,5,5,4,5,5,5,4,5,5,5,4,6,7,6,ไม่มีเหตุการณ์ข้างต้น,ไม่แน่ใจ,เคยทั้ง EV และ Hybrid,5,ทราบ และคิดว่าถูกกว่ามาก,ทราบแต่ไม่เคยพิจารณา,5 (เห็นด้วยอย่างยิ่ง),4,5 (เห็นด้วยอย่างยิ่ง),4,3
"1/8/2026, 12:44:47",ชาย,31-40 ปี,ไม่มีบุตร,ปริญญาตรี,ข้าราชการ,3-4 คน,บ้านเดี่ยว / บ้านแฝด,เช่า,มีที่จอดรถส่วนตัว,"25,001-35,000 บาท","ไม่มี (หากตอบ ""ไม่มี"" ให้ข้ามไปตอบตอนที่ 3)",,,,,,"ราคา, รูปลักษณ์ / ดีไซน์, ความคุ้มค่าโดยรวม, การรับประกันและบริการหลังการขาย","500,001-800,000 บาท",เพื่อใช้ในการเดินทางไปทำงาน,มีแนวโน้มที่จะซื้อ,รถยนต์สันดาป (ดีเซล / เบนซิน),ค่าบำรุงรักษา,5,5,3,5,4,5,5,4,4,4,4,5,4,5,4,5,5,5,4,4,4,2,5,6,6,ไม่มีเหตุการณ์ข้างต้น,ไม่มีและไม่สามารถติดตั้งได้ (เช่น คอนโด/หอพักที่ไม่อนุญาต),เคยเฉพาะ EV,4,ทราบ แต่คิดว่าไม่ต่างกันมาก,ทราบแต่ไม่เคยพิจารณา,4,5 (เห็นด้วยอย่างยิ่ง),5 (เห็นด้วยอย่างยิ่ง),4,3
"1/8/2026, 12:44:49",หญิง,20-23 ปี,3 คน,ปริญญาตรี,นักเรียน / นักศึกษา,5 คนขึ้นไป,ทาวน์โฮม / ทาวเฮาท์,พักอาศัยกับครอบครัว / ผู้อื่น,มีที่จอดรถส่วนตัว,"15,001-25,000 บาท","ไม่มี (หากตอบ ""ไม่มี"" ให้ข้ามไปตอบตอนที่ 3)",,,,,,เทคโนโลยีและฟังก์ชันภายในรถ,"ต่ำกว่า 500,000 บาท",เพื่อหลีกเลี่ยงปัญหาจากระบบการขนส่งมวลชน,มีแนวโน้มที่จะซื้อ,รถยนต์สันดาป (ดีเซล / เบนซิน),ความสะดวกในการใช้งาน,5,3,5,4,4,5,5,5,4,5,4,5,5,4,4,5,5,5,5,5,4,6,4,4,6,เปลี่ยนงาน/ที่ทำงานใหม่,ไม่แน่ใจ,ไม่เคยเลย,6,ทราบ และคิดว่าถูกกว่ามาก,ทราบและเคยพิจารณาใช้สิทธิ์,4,5 (เห็นด้วยอย่างยิ่ง),5 (เห็นด้วยอย่างยิ่ง),3,4
"1/8/2026, 12:44:51",หญิง,20-23 ปี,ไม่มีบุตร,ม.6,นักเรียน / นักศึกษา,3-4 คน,บ้านเดี่ยว / บ้านแฝด,เช่า,มีที่จอดรถส่วนตัว,"15,001-25,000 บาท",มี,ขับทั้งในเมืองและนอกเมือง,ใช้งานทุกวัน,71-90 กิโลเมตร,ศูนย์บริการและอะไหล่,รถยนต์สันดาป (ดีเซล / เบนซิน),เทคโนโลยีและฟังก์ชันภายในรถ,"500,001-800,000 บาท",เพื่อใช้ในการเดินทางไปทำงาน,มีแนวโน้มที่จะซื้อ,รถยนต์ไฟฟ้า (EV),ความสะดวกในการใช้งาน,3,5,5,4,4,4,4,3,5,5,5,5,5,5,5,4,5,5,5,5,5,2,6,5,3,ไม่มีเหตุการณ์ข้างต้น,ไม่มีและไม่สามารถติดตั้งได้ (เช่น คอนโด/หอพักที่ไม่อนุญาต),เคยทั้ง EV และ Hybrid,6,ทราบ แต่คิดว่าไม่ต่างกันมาก,ทราบและเคยพิจารณาใช้สิทธิ์,5 (เห็นด้วยอย่างยิ่ง),3,4,5 (เห็นด้วยอย่างยิ่ง),4
"1/8/2026, 12:44:52",ชาย,20-23 ปี,1 คน,ม.6,พนักงานเอกชน,3-4 คน,บ้านเดี่ยว / บ้านแฝด,เป็นเจ้าของ,มีที่จอดรถส่วนตัว,"25,001-35,000 บาท",มี,ขับทั้งในเมืองและนอกเมือง,5-6 วัน / สัปดาห์,น้อยกว่า 10 กิโลเมตร,"ราคาน้ำมัน, มูลค่าการขายต่อ",รถยนต์สันดาป (ดีเซล / เบนซิน),เทคโนโลยีและฟังก์ชันภายในรถ,"ต่ำกว่า 500,000 บาท",เพื่อหลีกเลี่ยงปัญหาจากระบบการขนส่งมวลชน,ยังไม่มีแนวโน้มที่จะซื้อ,รถยนต์ไฮบริด (Hybrid),ค่าบำรุงรักษา,5,5,4,5,5,4,5,4,5,5,4,4,4,5,5,5,5,5,5,5,4,5,4,7,4,"รายได้เปลี่ยนแปลงอย่างมีนัยสำคัญ (เพิ่มขึ้นหรือลดลง), ไม่มีเหตุการณ์ข้างต้น",ไม่มีและไม่สามารถติดตั้งได้ (เช่น คอนโด/หอพักที่ไม่อนุญาต),เคยทั้ง EV และ Hybrid,4,ทราบ แต่คิดว่าไม่ต่างกันมาก,ทราบแต่ไม่เคยพิจารณา,5 (เห็นด้วยอย่างยิ่ง),4,3,5 (เห็นด้วยอย่างยิ่ง),5 (เห็นด้วยอย่างยิ่ง)
"1/8/2026, 12:44:55",ชาย,มากกว่า 60 ปี,1 คน,ต่ำกว่า ม.3,เจ้าของกิจการ,5 คนขึ้นไป,บ้านเดี่ยว / บ้านแฝด,เป็นเจ้าของ,มีที่จอดรถส่วนตัว,"35,001-50,000 บาท",มี,ขับนอกเมือง,3-4 วัน / สัปดาห์,31-50 กิโลเมตร,"ราคาน้ำมัน, ปั๊มน้ำมัน / สถานีชาร์จ, ศูนย์บริการและอะไหล่",รถยนต์สันดาป (ดีเซล / เบนซิน),"รูปลักษณ์ / ดีไซน์, ความคุ้มค่าโดยรวม, การรับประกันและบริการหลังการขาย","800,001-1,200,000 บาท",เพื่อใช้ในการเดินทางไปทำงาน,ยังไม่มีแนวโน้มที่จะซื้อ,รถยนต์ไฮบริด (Hybrid),เป็นมิตรต่อสิ่งแวดล้อม,5,5,5,5,5,5,5,5,4,4,4,4,4,5,4,3,4,5,5,5,5,5,7,5,4,ไม่มีเหตุการณ์ข้างต้น,ไม่มีแต่สามารถติดตั้งเพิ่มได้,เคยเฉพาะ EV,6,ไม่ทราบเลย,ทราบและเคยพิจารณาใช้สิทธิ์,5 (เห็นด้วยอย่างยิ่ง),5 (เห็นด้วยอย่างยิ่ง),3,4,5 (เห็นด้วยอย่างยิ่ง)
"1/8/2026, 12:44:57",หญิง,20-23 ปี,1 คน,ปวช. / ปวส.,อาชีพอิสระ,5 คนขึ้นไป,คอนโด / อพาร์ตเมนต์ / หอพัก,เช่า,มีที่จอดรถส่วนตัว,"15,001-25,000 บาท",มี,ขับทั้งในเมืองและนอกเมือง,1-2 วัน / สัปดาห์,10-30 กิโลเมตร,"ราคาน้ำมัน, อายุการใช้งาน",รถยนต์สันดาป (ดีเซล / เบนซิน),เทคโนโลยีและฟังก์ชันภายในรถ,"500,001-800,000 บาท","เพื่อความสะดวกในการเดินทาง, เพื่อหลีกเลี่ยงปัญหาจากระบบการขนส่งมวลชน",ยังไม่มีแนวโน้มที่จะซื้อ,รถยนต์สันดาป (ดีเซล / เบนซิน),ค่าบำรุงรักษา,5,5,4,5,5,4,4,5,5,5,5,5,4,4,4,4,5,3,5,3,4,4,5,5,5,ไม่มีเหตุการณ์ข้างต้น,ไม่มีและไม่สามารถติดตั้งได้ (เช่น คอนโด/หอพักที่ไม่อนุญาต),เคยเฉพาะ EV,5,ทราบ และคิดว่าถูกกว่ามาก,ทราบแต่ไม่เคยพิจารณา,5 (เห็นด้วยอย่างยิ่ง),5 (เห็นด้วยอย่างยิ่ง),3,3,5 (เห็นด้วยอย่างยิ่ง)
"1/8/2026, 12:44:59",หญิง,มากกว่า 60 ปี,ไม่มีบุตร,ปริญญาตรี,ข้าราชการ,5 คนขึ้นไป,คอนโด / อพาร์ตเมนต์ / หอพัก,เช่า,มีที่จอดรถส่วนตัว,"15,001-25,000 บาท","ไม่มี (หากตอบ ""ไม่มี"" ให้ข้ามไปตอบตอนที่ 3)",,,,,,ค่าซ่อมบำรุง,"500,001-800,000 บาท",เพื่อหลีกเลี่ยงปัญหาจากระบบการขนส่งมวลชน,มีแนวโน้มที่จะซื้อ,รถยนต์สันดาป (ดีเซล / เบนซิน),เทคโนโลยีและความทันสมัย,4,5,5,4,5,4,5,5,5,4,5,3,5,5,4,5,5,3,5,4,5,5,5,3,4,ไม่มีเหตุการณ์ข้างต้น,ไม่มีแต่สามารถติดตั้งเพิ่มได้,เคยเฉพาะ EV,4,ทราบ และคิดว่าถูกกว่ามาก,ทราบและเคยพิจารณาใช้สิทธิ์,5 (เห็นด้วยอย่างยิ่ง),4,4,5 (เห็นด้วยอย่างยิ่ง),3
"1/8/2026, 12:45:02",หญิง,51-60 ปี,ไม่มีบุตร,ปริญญาตรี,พนักงานเอกชน,5 คนขึ้นไป,บ้านเดี่ยว / บ้านแฝด,เป็นเจ้าของ,มีที่จอดรถส่วนตัว,"15,001-25,000 บาท",มี,ขับในเมือง,ใช้งานทุกวัน,น้อยกว่า 10 กิโลเมตร,ราคาน้ำมัน,รถยนต์สันดาป (ดีเซล / เบนซิน),ราคา,"ต่ำกว่า 500,000 บาท","เพื่อใช้ในการเดินทางไปทำงาน, เพื่อใช้ในการเดินทางท่องเที่ยว",มีแนวโน้มที่จะซื้อ,รถยนต์สันดาป (ดีเซล / เบนซิน),ค่าบำรุงรักษา,5,5,4,5,4,4,4,4,4,4,5,3,5,5,5,5,3,5,4,5,5,3,5,5,3,ไม่มีเหตุการณ์ข้างต้น,ไม่มีแต่สามารถติดตั้งเพิ่มได้,เคยเฉพาะ EV,4,ทราบ แต่คิดว่าไม่ต่างกันมาก,ทราบและเคยพิจารณาใช้สิทธิ์,5 (เห็นด้วยอย่างยิ่ง),4,5 (เห็นด้วยอย่างยิ่ง),3,3
"1/8/2026, 12:45:05",หญิง,51-60 ปี,มากกว่า 3 คน,ต่ำกว่า ม.3,เจ้าของกิจการ,3-4 คน,บ้านเดี่ยว / บ้านแฝด,เช่า,มีที่จอดรถส่วนกลาง / เช่า,"15,001-25,000 บาท",มี,ขับทั้งในเมืองและนอกเมือง,5-6 วัน / สัปดาห์,51-70 กิโลเมตร,"อายุการใช้งาน, ค่าใช้จ่ายในการซ่อมบำรุง",รถยนต์สันดาป (ดีเซล / เบนซิน),"ราคา, เทคโนโลยีและฟังก์ชันภายในรถ","800,001-1,200,000 บาท",เพื่อหลีกเลี่ยงปัญหาจากระบบการขนส่งมวลชน,มีแนวโน้มที่จะซื้อ,รถยนต์ไฮบริด (Hybrid),ความสะดวกในการใช้งาน,4,5,5,5,5,5,5,5,5,3,5,5,4,5,5,4,4,3,5,5,5,2,3,6,3,"รายได้เปลี่ยนแปลงอย่างมีนัยสำคัญ (เพิ่มขึ้นหรือลดลง), ไม่มีเหตุการณ์ข้างต้น",ไม่มีและไม่สามารถติดตั้งได้ (เช่น คอนโด/หอพักที่ไม่อนุญาต),เคยทั้ง EV และ Hybrid,5,ทราบ แต่คิดว่าไม่ต่างกันมาก,ทราบแต่ไม่เคยพิจารณา,5 (เห็นด้วยอย่างยิ่ง),4,3,5 (เห็นด้วยอย่างยิ่ง),4
"1/8/2026, 12:45:07",หญิง,27-30 ปี,3 คน,ปริญญาตรี,นักเรียน / นักศึกษา,5 คนขึ้นไป,บ้านเดี่ยว / บ้านแฝด,พักอาศัยกับครอบครัว / ผู้อื่น,มีที่จอดรถส่วนตัว,"ต่ำกว่า 15,000 บาท","ไม่มี (หากตอบ ""ไม่มี"" ให้ข้ามไปตอบตอนที่ 3)",,,,,,"ความสามารถในการผ่อนชำระ, ค่าซ่อมบำรุง","ต่ำกว่า 500,000 บาท","เพื่อใช้ในการเดินทางไปทำงาน, เพื่อหลีกเลี่ยงปัญหาจากระบบการขนส่งมวลชน",มีแนวโน้มที่จะซื้อ,รถยนต์สันดาป (ดีเซล / เบนซิน),ค่าบำรุงรักษา,5,5,3,5,4,5,3,5,4,5,5,5,5,4,5,5,5,5,5,5,5,6,3,3,5,ไม่มีเหตุการณ์ข้างต้น,มีอยู่แล้ว,เคยเฉพาะ EV,3,ทราบ และคิดว่าถูกกว่ามาก,ทราบแต่ไม่เคยพิจารณา,5 (เห็นด้วยอย่างยิ่ง),5 (เห็นด้วยอย่างยิ่ง),5 (เห็นด้วยอย่างยิ่ง),5 (เห็นด้วยอย่างยิ่ง),3
"1/8/2026, 12:45:11",ชาย,24-26 ปี,ไม่มีบุตร,ปริญญาโท,พนักงานเอกชน,5 คนขึ้นไป,บ้านเดี่ยว / บ้านแฝด,เช่า,มีที่จอดรถส่วนกลาง / เช่า,"35,001-50,000 บาท",มี,ขับทั้งในเมืองและนอกเมือง,ใช้งานทุกวัน,น้อยกว่า 10 กิโลเมตร,ค่าใช้จ่ายในการซ่อมบำรุง,รถยนต์สันดาป (ดีเซล / เบนซิน),สมรรถนะในการขับขี่,"800,001-1,200,000 บาท",เพื่อความสะดวกในการเดินทาง,มีแนวโน้มที่จะซื้อ,รถยนต์สันดาป (ดีเซล / เบนซิน),ค่าบำรุงรักษา,4,5,4,4,4,5,4,5,5,5,3,5,4,4,5,5,5,4,5,5,4,4,3,6,5,ไม่มีเหตุการณ์ข้างต้น,ไม่มีและไม่สามารถติดตั้งได้ (เช่น คอนโด/หอพักที่ไม่อนุญาต),เคยเฉพาะ Hybrid,4,ทราบ แต่คิดว่าไม่ต่างกันมาก,ทราบและเคยพิจารณาใช้สิทธิ์,3,5 (เห็นด้วยอย่างยิ่ง),5 (เห็นด้วยอย่างยิ่ง),5 (เห็นด้วยอย่างยิ่ง),2
"1/8/2026, 12:45:12",หญิง,20-23 ปี,ไม่มีบุตร,ปริญญาโท,พนักงานเอกชน,5 คนขึ้นไป,ทาวน์โฮม / ทาวเฮาท์,เช่า,มีที่จอดรถส่วนตัว,"15,001-25,000 บาท",มี,ขับทั้งในเมืองและนอกเมือง,ใช้งานทุกวัน,น้อยกว่า 10 กิโลเมตร,อายุการใช้งาน,รถยนต์สันดาป (ดีเซล / เบนซิน),ความคุ้มค่าโดยรวม,"ต่ำกว่า 500,000 บาท",เพื่อหลีกเลี่ยงปัญหาจากระบบการขนส่งมวลชน,ยังไม่มีแนวโน้มที่จะซื้อ,รถยนต์สันดาป (ดีเซล / เบนซิน),"ค่าบำรุงรักษา, ความสะดวกในการใช้งาน",4,5,5,5,5,5,4,4,5,5,5,4,4,5,4,4,4,3,5,5,5,5,4,5,4,ไม่มีเหตุการณ์ข้างต้น,ไม่มีแต่สามารถติดตั้งเพิ่มได้,เคยเฉพาะ EV,4,ทราบ และคิดว่าถูกกว่ามาก,ไม่ทราบเลย,5 (เห็นด้วยอย่างยิ่ง),4,5 (เห็นด้วยอย่างยิ่ง),3,4
"1/8/2026, 12:45:13",หญิง,41-50 ปี,1 คน,ปริญญาตรี,พนักงานเอกชน,5 คนขึ้นไป,บ้านเดี่ยว / บ้านแฝด,เช่า,มีที่จอดรถส่วนตัว,"50,001-75,000 บาท",มี,ขับนอกเมือง,1-2 วัน / สัปดาห์,น้อยกว่า 10 กิโลเมตร,"ราคาน้ำมัน, อายุการใช้งาน",รถยนต์สันดาป (ดีเซล / เบนซิน),"ค่าน้ำมัน, ค่าซ่อมบำรุง, การรับประกันและบริการหลังการขาย","500,001-800,000 บาท",เพื่อใช้ในการเดินทางท่องเที่ยว,ยังไม่มีแนวโน้มที่จะซื้อ,รถยนต์ไฮบริด (Hybrid),"ค่าบำรุงรักษา, ความสะดวกในการใช้งาน",5,5,4,3,5,5,5,5,4,5,5,5,5,5,5,5,5,5,4,4,5,5,7,6,3,ไม่มีเหตุการณ์ข้างต้น,ไม่มีและไม่สามารถติดตั้งได้ (เช่น คอนโด/หอพักที่ไม่อนุญาต),เคยทั้ง EV และ Hybrid,5,ทราบ แต่คิดว่าถูกกว่าเล็กน้อย,ทราบและเคยพิจารณาใช้สิทธิ์,5 (เห็นด้วยอย่างยิ่ง),3,5 (เห็นด้วยอย่างยิ่ง),3,5 (เห็นด้วยอย่างยิ่ง)
"1/8/2026, 12:45:14",ชาย,มากกว่า 60 ปี,ไม่มีบุตร,ต่ำกว่า ม.3,ค้าขาย,5 คนขึ้นไป,บ้านเดี่ยว / บ้านแฝด,เช่า,มีที่จอดรถส่วนกลาง / เช่า,"25,001-35,000 บาท",มี,ขับทั้งในเมืองและนอกเมือง,5-6 วัน / สัปดาห์,น้อยกว่า 10 กิโลเมตร,ค่าใช้จ่ายในการซ่อมบำรุง,รถยนต์สันดาป (ดีเซล / เบนซิน),"รูปลักษณ์ / ดีไซน์, การรับประกันและบริการหลังการขาย","ต่ำกว่า 500,000 บาท","เพื่อใช้ในการเดินทางไปทำงาน, เพื่อใช้ในการเดินทางท่องเที่ยว",ยังไม่มีแนวโน้มที่จะซื้อ,รถยนต์สันดาป (ดีเซล / เบนซิน),ค่าบำรุงรักษา,5,5,4,3,5,4,4,4,5,5,4,5,4,5,5,5,4,4,5,5,5,4,7,6,6,"ย้ายที่อยู่อาศัย, รายได้เปลี่ยนแปลงอย่างมีนัยสำคัญ (เพิ่มขึ้นหรือลดลง)",ไม่มีแต่สามารถติดตั้งเพิ่มได้,เคยทั้ง EV และ Hybrid,4,ทราบ แต่คิดว่าถูกกว่าเล็กน้อย,ทราบแต่ไม่เคยพิจารณา,4,4,4,5 (เห็นด้วยอย่างยิ่ง),4
